container,n,cycles
vector,16,390
vector,16,344
vector,16,324
vector,16,330
vector,16,334
vector,16,362
vector,16,390
vector,16,330
vector,16,342
vector,16,384
vector,16,340
vector,16,388
vector,16,326
vector,16,348
vector,16,850
vector,16,384
vector,16,306
vector,16,336
vector,16,324
vector,16,336
vector,16,346
vector,16,306
vector,16,306
vector,16,348
vector,16,328
vector,16,332
vector,16,324
vector,16,310
vector,16,442
vector,16,318
vector,16,316
vector,16,362
vector,16,330
vector,16,336
vector,16,398
vector,16,358
vector,16,308
vector,16,318
vector,16,334
vector,16,1316
vector,16,450
vector,16,318
vector,16,310
vector,16,308
vector,16,330
vector,16,466
vector,16,398
vector,16,326
vector,16,344
vector,16,346
vector,16,386
vector,16,318
vector,16,328
vector,16,336
vector,16,358
vector,16,308
vector,16,364
vector,16,332
vector,16,416
vector,16,310
vector,16,316
vector,16,316
vector,16,346
vector,16,348
vector,16,1402
vector,16,324
vector,16,332
vector,16,356
vector,16,308
vector,16,338
vector,16,346
vector,16,328
vector,16,326
vector,16,338
vector,16,304
vector,16,328
vector,16,332
vector,16,334
vector,16,342
vector,16,330
vector,16,308
vector,16,326
vector,16,328
vector,16,324
vector,16,332
vector,16,346
vector,16,324
vector,16,336
vector,16,346
vector,16,332
vector,16,884
vector,16,344
vector,16,350
vector,16,346
vector,16,346
vector,16,338
vector,16,338
vector,16,326
vector,16,330
vector,16,332
vector,16,350
unordered_set,16,578
unordered_set,16,674
unordered_set,16,590
unordered_set,16,590
unordered_set,16,806
unordered_set,16,592
unordered_set,16,810
unordered_set,16,594
unordered_set,16,588
unordered_set,16,594
unordered_set,16,600
unordered_set,16,588
unordered_set,16,576
unordered_set,16,752
unordered_set,16,594
unordered_set,16,582
unordered_set,16,606
unordered_set,16,560
unordered_set,16,792
unordered_set,16,786
unordered_set,16,728
unordered_set,16,738
unordered_set,16,754
unordered_set,16,570
unordered_set,16,656
unordered_set,16,590
unordered_set,16,634
unordered_set,16,602
unordered_set,16,580
unordered_set,16,784
unordered_set,16,676
unordered_set,16,710
unordered_set,16,616
unordered_set,16,594
unordered_set,16,776
unordered_set,16,666
unordered_set,16,640
unordered_set,16,846
unordered_set,16,806
unordered_set,16,600
unordered_set,16,614
unordered_set,16,994
unordered_set,16,628
unordered_set,16,1616
unordered_set,16,652
unordered_set,16,1030
unordered_set,16,764
unordered_set,16,824
unordered_set,16,808
unordered_set,16,632
unordered_set,16,834
unordered_set,16,970
unordered_set,16,1088
unordered_set,16,794
unordered_set,16,602
unordered_set,16,884
unordered_set,16,620
unordered_set,16,1112
unordered_set,16,1654
unordered_set,16,570
unordered_set,16,586
unordered_set,16,592
unordered_set,16,740
unordered_set,16,604
unordered_set,16,594
unordered_set,16,592
unordered_set,16,606
unordered_set,16,756
unordered_set,16,578
unordered_set,16,846
unordered_set,16,602
unordered_set,16,600
unordered_set,16,576
unordered_set,16,622
unordered_set,16,592
unordered_set,16,760
unordered_set,16,594
unordered_set,16,600
unordered_set,16,598
unordered_set,16,594
unordered_set,16,592
unordered_set,16,802
unordered_set,16,808
unordered_set,16,588
unordered_set,16,596
unordered_set,16,812
unordered_set,16,754
unordered_set,16,582
unordered_set,16,582
unordered_set,16,578
unordered_set,16,590
unordered_set,16,578
unordered_set,16,582
unordered_set,16,578
unordered_set,16,580
unordered_set,16,594
unordered_set,16,598
unordered_set,16,600
unordered_set,16,798
unordered_set,16,816
unordered_set,16,780
set,16,860
set,16,676
set,16,574
set,16,894
set,16,904
set,16,646
set,16,738
set,16,710
set,16,744
set,16,1306
set,16,678
set,16,862
set,16,686
set,16,732
set,16,716
set,16,698
set,16,786
set,16,782
set,16,780
set,16,728
set,16,710
set,16,708
set,16,740
set,16,566
set,16,706
set,16,910
set,16,742
set,16,568
set,16,910
set,16,720
set,16,1358
set,16,824
set,16,900
set,16,756
set,16,690
set,16,732
set,16,752
set,16,740
set,16,716
set,16,718
set,16,776
set,16,702
set,16,710
set,16,726
set,16,880
set,16,738
set,16,884
set,16,888
set,16,732
set,16,618
set,16,594
set,16,578
set,16,566
set,16,628
set,16,742
set,16,734
set,16,606
set,16,698
set,16,596
set,16,612
set,16,608
set,16,522
set,16,856
set,16,728
set,16,714
set,16,588
set,16,578
set,16,622
set,16,586
set,16,578
set,16,714
set,16,550
set,16,518
set,16,614
set,16,538
set,16,586
set,16,590
set,16,724
set,16,730
set,16,910
set,16,692
set,16,752
set,16,712
set,16,610
set,16,542
set,16,608
set,16,518
set,16,658
set,16,558
set,16,736
set,16,660
set,16,538
set,16,532
set,16,582
set,16,760
set,16,726
set,16,590
set,16,716
set,16,548
set,16,556
set,16,560
list,16,1560
list,16,362
list,16,648
list,16,1490
list,16,342
list,16,1626
list,16,672
list,16,1072
list,16,542
list,16,1522
list,16,1462
list,16,1196
list,16,1314
list,16,330
list,16,674
list,16,1006
list,16,1464
list,16,336
list,16,826
list,16,1578
list,16,1348
list,16,1204
list,16,360
list,16,1030
list,16,326
list,16,490
list,16,332
list,16,1692
list,16,1104
list,16,548
list,16,1034
list,16,544
list,16,340
list,16,1278
list,16,2378
list,16,332
list,16,1558
list,16,554
list,16,1498
list,16,1042
list,16,552
list,16,1214
list,16,542
list,16,542
list,16,748
list,16,538
list,16,344
list,16,1012
list,16,336
list,16,1448
list,16,362
list,16,1010
list,16,540
list,16,1022
list,16,1204
list,16,356
list,16,564
list,16,1048
list,16,744
list,16,546
list,16,1204
list,16,362
list,16,360
list,16,552
list,16,364
list,16,1640
list,16,370
list,16,1458
list,16,1016
list,16,1224
list,16,488
list,16,364
list,16,1226
list,16,1480
list,16,2652
list,16,1508
list,16,1296
list,16,1498
list,16,1030
list,16,338
list,16,1444
list,16,1428
list,16,1216
list,16,1058
list,16,364
list,16,342
list,16,1446
list,16,1222
list,16,364
list,16,338
list,16,1216
list,16,1204
list,16,552
list,16,738
list,16,988
list,16,1212
list,16,1468
list,16,308
list,16,362
list,16,306
list,16,354
vector,23,528
vector,23,478
vector,23,396
vector,23,374
vector,23,488
vector,23,336
vector,23,330
vector,23,332
vector,23,360
vector,23,324
vector,23,506
vector,23,438
vector,23,628
vector,23,1018
vector,23,346
vector,23,392
vector,23,488
vector,23,350
vector,23,564
vector,23,382
vector,23,394
vector,23,390
vector,23,678
vector,23,428
vector,23,330
vector,23,352
vector,23,396
vector,23,346
vector,23,362
vector,23,426
vector,23,356
vector,23,324
vector,23,324
vector,23,326
vector,23,746
vector,23,492
vector,23,338
vector,23,342
vector,23,1270
vector,23,330
vector,23,442
vector,23,472
vector,23,498
vector,23,452
vector,23,718
vector,23,698
vector,23,434
vector,23,1232
vector,23,448
vector,23,670
vector,23,434
vector,23,400
vector,23,386
vector,23,334
vector,23,344
vector,23,1248
vector,23,396
vector,23,450
vector,23,348
vector,23,346
vector,23,324
vector,23,322
vector,23,366
vector,23,330
vector,23,330
vector,23,352
vector,23,352
vector,23,356
vector,23,366
vector,23,340
vector,23,342
vector,23,374
vector,23,344
vector,23,344
vector,23,328
vector,23,352
vector,23,336
vector,23,342
vector,23,980
vector,23,412
vector,23,360
vector,23,342
vector,23,350
vector,23,364
vector,23,360
vector,23,352
vector,23,358
vector,23,346
vector,23,352
vector,23,386
vector,23,354
vector,23,352
vector,23,362
vector,23,356
vector,23,394
vector,23,346
vector,23,348
vector,23,354
vector,23,356
vector,23,360
vector,23,362
unordered_set,23,788
unordered_set,23,762
unordered_set,23,804
unordered_set,23,604
unordered_set,23,582
unordered_set,23,598
unordered_set,23,760
unordered_set,23,752
unordered_set,23,528
unordered_set,23,602
unordered_set,23,762
unordered_set,23,590
unordered_set,23,608
unordered_set,23,578
unordered_set,23,582
unordered_set,23,550
unordered_set,23,542
unordered_set,23,756
unordered_set,23,550
unordered_set,23,596
unordered_set,23,594
unordered_set,23,612
unordered_set,23,598
unordered_set,23,594
unordered_set,23,534
unordered_set,23,592
unordered_set,23,556
unordered_set,23,762
unordered_set,23,590
unordered_set,23,548
unordered_set,23,584
unordered_set,23,594
unordered_set,23,756
unordered_set,23,602
unordered_set,23,584
unordered_set,23,584
unordered_set,23,546
unordered_set,23,758
unordered_set,23,544
unordered_set,23,746
unordered_set,23,608
unordered_set,23,708
unordered_set,23,804
unordered_set,23,808
unordered_set,23,586
unordered_set,23,532
unordered_set,23,758
unordered_set,23,590
unordered_set,23,802
unordered_set,23,554
unordered_set,23,758
unordered_set,23,582
unordered_set,23,760
unordered_set,23,808
unordered_set,23,756
unordered_set,23,760
unordered_set,23,584
unordered_set,23,810
unordered_set,23,760
unordered_set,23,1482
unordered_set,23,608
unordered_set,23,580
unordered_set,23,600
unordered_set,23,554
unordered_set,23,764
unordered_set,23,544
unordered_set,23,594
unordered_set,23,1328
unordered_set,23,810
unordered_set,23,754
unordered_set,23,608
unordered_set,23,582
unordered_set,23,584
unordered_set,23,774
unordered_set,23,576
unordered_set,23,1316
unordered_set,23,546
unordered_set,23,584
unordered_set,23,644
unordered_set,23,554
unordered_set,23,592
unordered_set,23,552
unordered_set,23,754
unordered_set,23,1260
unordered_set,23,538
unordered_set,23,606
unordered_set,23,810
unordered_set,23,590
unordered_set,23,580
unordered_set,23,598
unordered_set,23,584
unordered_set,23,1406
unordered_set,23,812
unordered_set,23,380
unordered_set,23,812
unordered_set,23,608
unordered_set,23,596
unordered_set,23,544
unordered_set,23,542
unordered_set,23,1646
unordered_set,23,808
set,23,662
set,23,1064
set,23,1008
set,23,852
set,23,930
set,23,922
set,23,930
set,23,1012
set,23,824
set,23,740
set,23,960
set,23,780
set,23,876
set,23,934
set,23,1238
set,23,932
set,23,1004
set,23,1030
set,23,1508
set,23,876
set,23,764
set,23,710
set,23,966
set,23,758
set,23,696
set,23,1014
set,23,608
set,23,934
set,23,944
set,23,1036
set,23,920
set,23,838
set,23,1190
set,23,732
set,23,1042
set,23,1066
set,23,936
set,23,1236
set,23,868
set,23,984
set,23,758
set,23,966
set,23,1076
set,23,2174
set,23,986
set,23,798
set,23,956
set,23,910
set,23,1032
set,23,1032
set,23,822
set,23,1856
set,23,1238
set,23,740
set,23,722
set,23,746
set,23,900
set,23,912
set,23,1214
set,23,1222
set,23,600
set,23,996
set,23,902
set,23,976
set,23,710
set,23,966
set,23,964
set,23,966
set,23,988
set,23,706
set,23,1042
set,23,1066
set,23,988
set,23,776
set,23,908
set,23,852
set,23,1256
set,23,1246
set,23,1004
set,23,838
set,23,992
set,23,796
set,23,784
set,23,980
set,23,744
set,23,1052
set,23,756
set,23,974
set,23,820
set,23,956
set,23,1010
set,23,942
set,23,1006
set,23,2176
set,23,1272
set,23,576
set,23,1108
set,23,952
set,23,1018
set,23,1014
set,23,1014
list,23,2002
list,23,2162
list,23,1316
list,23,354
list,23,332
list,23,622
list,23,562
list,23,1518
list,23,748
list,23,738
list,23,1900
list,23,1894
list,23,1348
list,23,490
list,23,1844
list,23,2236
list,23,748
list,23,910
list,23,1186
list,23,1324
list,23,1264
list,23,382
list,23,1418
list,23,332
list,23,972
list,23,2072
list,23,330
list,23,772
list,23,1616
list,23,1386
list,23,1716
list,23,1110
list,23,742
list,23,556
list,23,1838
list,23,1380
list,23,1110
list,23,740
list,23,1374
list,23,758
list,23,1888
list,23,1522
list,23,1368
list,23,562
list,23,572
list,23,516
list,23,2076
list,23,1854
list,23,974
list,23,1150
list,23,842
list,23,1226
list,23,552
list,23,1352
list,23,1602
list,23,1610
list,23,1606
list,23,1232
list,23,366
list,23,546
list,23,552
list,23,1390
list,23,1692
list,23,1608
list,23,1082
list,23,1640
list,23,1324
list,23,1354
list,23,1356
list,23,356
list,23,1840
list,23,2136
list,23,978
list,23,548
list,23,1384
list,23,1392
list,23,330
list,23,552
list,23,1622
list,23,1388
list,23,1144
list,23,756
list,23,564
list,23,1332
list,23,1150
list,23,1878
list,23,560
list,23,560
list,23,2420
list,23,1318
list,23,1370
list,23,1314
list,23,1366
list,23,1620
list,23,356
list,23,758
list,23,334
list,23,2132
list,23,562
list,23,576
list,23,728
vector,32,660
vector,32,342
vector,32,352
vector,32,412
vector,32,342
vector,32,352
vector,32,398
vector,32,346
vector,32,356
vector,32,354
vector,32,404
vector,32,338
vector,32,352
vector,32,354
vector,32,1528
vector,32,462
vector,32,414
vector,32,336
vector,32,344
vector,32,364
vector,32,356
vector,32,334
vector,32,360
vector,32,348
vector,32,334
vector,32,336
vector,32,368
vector,32,338
vector,32,360
vector,32,576
vector,32,340
vector,32,340
vector,32,356
vector,32,394
vector,32,366
vector,32,348
vector,32,396
vector,32,408
vector,32,366
vector,32,342
vector,32,360
vector,32,340
vector,32,340
vector,32,370
vector,32,1000
vector,32,332
vector,32,390
vector,32,400
vector,32,402
vector,32,336
vector,32,362
vector,32,358
vector,32,354
vector,32,360
vector,32,338
vector,32,342
vector,32,358
vector,32,342
vector,32,394
vector,32,356
vector,32,334
vector,32,336
vector,32,336
vector,32,340
vector,32,336
vector,32,336
vector,32,346
vector,32,1498
vector,32,388
vector,32,344
vector,32,354
vector,32,340
vector,32,346
vector,32,356
vector,32,336
vector,32,366
vector,32,318
vector,32,336
vector,32,392
vector,32,356
vector,32,376
vector,32,406
vector,32,314
vector,32,330
vector,32,352
vector,32,362
vector,32,354
vector,32,370
vector,32,352
vector,32,338
vector,32,354
vector,32,818
vector,32,358
vector,32,338
vector,32,340
vector,32,352
vector,32,338
vector,32,338
vector,32,356
vector,32,340
vector,32,344
unordered_set,32,536
unordered_set,32,754
unordered_set,32,536
unordered_set,32,768
unordered_set,32,526
unordered_set,32,762
unordered_set,32,618
unordered_set,32,604
unordered_set,32,610
unordered_set,32,596
unordered_set,32,544
unordered_set,32,640
unordered_set,32,806
unordered_set,32,806
unordered_set,32,764
unordered_set,32,764
unordered_set,32,764
unordered_set,32,544
unordered_set,32,612
unordered_set,32,752
unordered_set,32,550
unordered_set,32,594
unordered_set,32,750
unordered_set,32,534
unordered_set,32,540
unordered_set,32,616
unordered_set,32,906
unordered_set,32,700
unordered_set,32,532
unordered_set,32,586
unordered_set,32,702
unordered_set,32,540
unordered_set,32,592
unordered_set,32,704
unordered_set,32,546
unordered_set,32,804
unordered_set,32,532
unordered_set,32,758
unordered_set,32,760
unordered_set,32,542
unordered_set,32,554
unordered_set,32,630
unordered_set,32,538
unordered_set,32,556
unordered_set,32,532
unordered_set,32,798
unordered_set,32,802
unordered_set,32,706
unordered_set,32,766
unordered_set,32,528
unordered_set,32,534
unordered_set,32,752
unordered_set,32,582
unordered_set,32,550
unordered_set,32,542
unordered_set,32,586
unordered_set,32,524
unordered_set,32,532
unordered_set,32,592
unordered_set,32,752
unordered_set,32,706
unordered_set,32,752
unordered_set,32,700
unordered_set,32,586
unordered_set,32,748
unordered_set,32,708
unordered_set,32,552
unordered_set,32,762
unordered_set,32,604
unordered_set,32,720
unordered_set,32,752
unordered_set,32,552
unordered_set,32,612
unordered_set,32,608
unordered_set,32,542
unordered_set,32,530
unordered_set,32,630
unordered_set,32,556
unordered_set,32,532
unordered_set,32,610
unordered_set,32,550
unordered_set,32,532
unordered_set,32,766
unordered_set,32,758
unordered_set,32,810
unordered_set,32,598
unordered_set,32,596
unordered_set,32,800
unordered_set,32,594
unordered_set,32,762
unordered_set,32,540
unordered_set,32,710
unordered_set,32,704
unordered_set,32,550
unordered_set,32,804
unordered_set,32,538
unordered_set,32,624
unordered_set,32,766
unordered_set,32,618
unordered_set,32,538
unordered_set,32,580
set,32,800
set,32,1044
set,32,828
set,32,1076
set,32,1012
set,32,1218
set,32,782
set,32,772
set,32,854
set,32,728
set,32,598
set,32,1094
set,32,722
set,32,718
set,32,828
set,32,1260
set,32,824
set,32,1066
set,32,784
set,32,1252
set,32,600
set,32,1074
set,32,804
set,32,1216
set,32,1060
set,32,994
set,32,664
set,32,966
set,32,862
set,32,602
set,32,594
set,32,1254
set,32,804
set,32,1220
set,32,896
set,32,1602
set,32,606
set,32,782
set,32,680
set,32,1220
set,32,1276
set,32,1086
set,32,1066
set,32,580
set,32,652
set,32,600
set,32,1216
set,32,1276
set,32,592
set,32,2036
set,32,1028
set,32,1178
set,32,792
set,32,1042
set,32,812
set,32,1236
set,32,1028
set,32,1138
set,32,1006
set,32,1118
set,32,838
set,32,1076
set,32,600
set,32,822
set,32,1030
set,32,804
set,32,1028
set,32,1002
set,32,638
set,32,818
set,32,1026
set,32,822
set,32,616
set,32,652
set,32,834
set,32,564
set,32,618
set,32,662
set,32,1120
set,32,1246
set,32,1232
set,32,1218
set,32,1050
set,32,1208
set,32,1132
set,32,1236
set,32,1126
set,32,768
set,32,1258
set,32,1232
set,32,758
set,32,754
set,32,1182
set,32,1096
set,32,954
set,32,1068
set,32,1242
set,32,1030
set,32,990
set,32,992
set,32,942
list,32,496
list,32,1314
list,32,520
list,32,2332
list,32,362
list,32,1904
list,32,1430
list,32,2164
list,32,1858
list,32,344
list,32,1192
list,32,2212
list,32,2384
list,32,1408
list,32,2306
list,32,1190
list,32,1414
list,32,342
list,32,1494
list,32,1470
list,32,2644
list,32,2606
list,32,2834
list,32,2102
list,32,2302
list,32,2820
list,32,402
list,32,1774
list,32,2808
list,32,536
list,32,546
list,32,1448
list,32,538
list,32,2632
list,32,672
list,32,2140
list,32,392
list,32,2320
list,32,1444
list,32,750
list,32,1472
list,32,2910
list,32,400
list,32,3418
list,32,2374
list,32,1862
list,32,2824
list,32,1690
list,32,732
list,32,1272
list,32,2798
list,32,1428
list,32,2674
list,32,2588
list,32,1618
list,32,1466
list,32,508
list,32,1256
list,32,1442
list,32,328
list,32,986
list,32,1190
list,32,1434
list,32,1412
list,32,2090
list,32,1696
list,32,3404
list,32,1468
list,32,2812
list,32,1192
list,32,1420
list,32,2456
list,32,2806
list,32,1432
list,32,520
list,32,362
list,32,338
list,32,2470
list,32,334
list,32,1442
list,32,2088
list,32,1420
list,32,2608
list,32,1338
list,32,548
list,32,344
list,32,1436
list,32,2818
list,32,1870
list,32,390
list,32,2496
list,32,2848
list,32,1194
list,32,2084
list,32,2366
list,32,4156
list,32,1464
list,32,1690
list,32,334
list,32,2810
list,32,3064
vector,45,564
vector,45,354
vector,45,344
vector,45,318
vector,45,400
vector,45,410
vector,45,352
vector,45,366
vector,45,382
vector,45,742
vector,45,386
vector,45,352
vector,45,366
vector,45,350
vector,45,368
vector,45,384
vector,45,368
vector,45,382
vector,45,360
vector,45,368
vector,45,368
vector,45,372
vector,45,354
vector,45,364
vector,45,408
vector,45,354
vector,45,384
vector,45,384
vector,45,346
vector,45,348
vector,45,416
vector,45,684
vector,45,370
vector,45,380
vector,45,362
vector,45,354
vector,45,344
vector,45,362
vector,45,662
vector,45,384
vector,45,348
vector,45,362
vector,45,384
vector,45,392
vector,45,358
vector,45,362
vector,45,376
vector,45,354
vector,45,444
vector,45,358
vector,45,364
vector,45,368
vector,45,1344
vector,45,354
vector,45,408
vector,45,630
vector,45,346
vector,45,372
vector,45,418
vector,45,366
vector,45,358
vector,45,658
vector,45,354
vector,45,374
vector,45,356
vector,45,350
vector,45,356
vector,45,742
vector,45,364
vector,45,358
vector,45,346
vector,45,394
vector,45,352
vector,45,950
vector,45,354
vector,45,352
vector,45,386
vector,45,368
vector,45,382
vector,45,348
vector,45,364
vector,45,348
vector,45,374
vector,45,384
vector,45,350
vector,45,664
vector,45,328
vector,45,664
vector,45,350
vector,45,356
vector,45,462
vector,45,332
vector,45,390
vector,45,344
vector,45,1486
vector,45,418
vector,45,416
vector,45,360
vector,45,382
vector,45,368
vector,45,346
unordered_set,45,524
unordered_set,45,540
unordered_set,45,582
unordered_set,45,544
unordered_set,45,750
unordered_set,45,594
unordered_set,45,534
unordered_set,45,600
unordered_set,45,698
unordered_set,45,582
unordered_set,45,528
unordered_set,45,546
unordered_set,45,546
unordered_set,45,798
unordered_set,45,530
unordered_set,45,1774
unordered_set,45,542
unordered_set,45,582
unordered_set,45,792
unordered_set,45,540
unordered_set,45,810
unordered_set,45,542
unordered_set,45,752
unordered_set,45,540
unordered_set,45,544
unordered_set,45,544
unordered_set,45,532
unordered_set,45,532
unordered_set,45,552
unordered_set,45,596
unordered_set,45,756
unordered_set,45,538
unordered_set,45,540
unordered_set,45,548
unordered_set,45,700
unordered_set,45,542
unordered_set,45,802
unordered_set,45,744
unordered_set,45,764
unordered_set,45,804
unordered_set,45,528
unordered_set,45,534
unordered_set,45,544
unordered_set,45,546
unordered_set,45,594
unordered_set,45,534
unordered_set,45,542
unordered_set,45,798
unordered_set,45,542
unordered_set,45,534
unordered_set,45,530
unordered_set,45,600
unordered_set,45,764
unordered_set,45,1080
unordered_set,45,590
unordered_set,45,532
unordered_set,45,534
unordered_set,45,558
unordered_set,45,764
unordered_set,45,540
unordered_set,45,544
unordered_set,45,540
unordered_set,45,808
unordered_set,45,810
unordered_set,45,752
unordered_set,45,560
unordered_set,45,750
unordered_set,45,552
unordered_set,45,604
unordered_set,45,770
unordered_set,45,572
unordered_set,45,700
unordered_set,45,798
unordered_set,45,534
unordered_set,45,748
unordered_set,45,584
unordered_set,45,710
unordered_set,45,748
unordered_set,45,544
unordered_set,45,536
unordered_set,45,704
unordered_set,45,582
unordered_set,45,582
unordered_set,45,758
unordered_set,45,758
unordered_set,45,542
unordered_set,45,540
unordered_set,45,570
unordered_set,45,710
unordered_set,45,770
unordered_set,45,546
unordered_set,45,536
unordered_set,45,544
unordered_set,45,530
unordered_set,45,800
unordered_set,45,552
unordered_set,45,530
unordered_set,45,536
unordered_set,45,706
unordered_set,45,532
unordered_set,45,534
set,45,1320
set,45,1636
set,45,1190
set,45,1240
set,45,1258
set,45,1222
set,45,1264
set,45,986
set,45,1256
set,45,1082
set,45,1030
set,45,1072
set,45,1030
set,45,1368
set,45,1476
set,45,1278
set,45,1216
set,45,1452
set,45,1682
set,45,956
set,45,1120
set,45,1398
set,45,1284
set,45,1100
set,45,1456
set,45,982
set,45,1460
set,45,1318
set,45,1334
set,45,1214
set,45,1080
set,45,1130
set,45,906
set,45,1484
set,45,1304
set,45,1104
set,45,1080
set,45,854
set,45,1256
set,45,2352
set,45,1132
set,45,1232
set,45,1288
set,45,1044
set,45,1628
set,45,1110
set,45,1174
set,45,958
set,45,1086
set,45,1260
set,45,1042
set,45,1206
set,45,972
set,45,1088
set,45,1224
set,45,1136
set,45,1008
set,45,1050
set,45,1076
set,45,768
set,45,1416
set,45,1834
set,45,1356
set,45,1082
set,45,1344
set,45,1302
set,45,1590
set,45,1062
set,45,1042
set,45,1246
set,45,1262
set,45,1188
set,45,1072
set,45,1064
set,45,1090
set,45,1028
set,45,1062
set,45,2640
set,45,1020
set,45,1410
set,45,1284
set,45,1444
set,45,1242
set,45,1348
set,45,954
set,45,962
set,45,1336
set,45,1022
set,45,1090
set,45,1050
set,45,1068
set,45,1354
set,45,1030
set,45,1420
set,45,1252
set,45,788
set,45,976
set,45,1092
set,45,1418
set,45,1330
set,45,1086
list,45,4766
list,45,2952
list,45,692
list,45,1738
list,45,438
list,45,2982
list,45,2604
list,45,1148
list,45,2010
list,45,2596
list,45,2046
list,45,2484
list,45,1360
list,45,2954
list,45,2692
list,45,3108
list,45,2004
list,45,3140
list,45,690
list,45,1748
list,45,1718
list,45,1096
list,45,3378
list,45,432
list,45,2770
list,45,696
list,45,1780
list,45,1036
list,45,1354
list,45,3422
list,45,1212
list,45,2944
list,45,1220
list,45,3346
list,45,326
list,45,2046
list,45,1106
list,45,860
list,45,3454
list,45,1080
list,45,2522
list,45,1800
list,45,394
list,45,364
list,45,2946
list,45,864
list,45,3522
list,45,1102
list,45,2288
list,45,1136
list,45,3344
list,45,1256
list,45,1124
list,45,2970
list,45,3388
list,45,1138
list,45,2070
list,45,1094
list,45,2722
list,45,1120
list,45,1360
list,45,1108
list,45,3008
list,45,1716
list,45,3632
list,45,2470
list,45,1986
list,45,1544
list,45,1716
list,45,3386
list,45,1206
list,45,690
list,45,2528
list,45,684
list,45,3340
list,45,914
list,45,2156
list,45,2720
list,45,1356
list,45,380
list,45,864
list,45,2000
list,45,1096
list,45,1254
list,45,1718
list,45,1746
list,45,3178
list,45,1796
list,45,1102
list,45,862
list,45,2830
list,45,1348
list,45,1908
list,45,1112
list,45,2932
list,45,2700
list,45,1140
list,45,3592
list,45,2904
list,45,1776
list,45,1146
vector,64,690
vector,64,402
vector,64,402
vector,64,348
vector,64,378
vector,64,404
vector,64,402
vector,64,1164
vector,64,338
vector,64,352
vector,64,402
vector,64,346
vector,64,344
vector,64,364
vector,64,346
vector,64,352
vector,64,404
vector,64,396
vector,64,378
vector,64,350
vector,64,386
vector,64,400
vector,64,362
vector,64,374
vector,64,394
vector,64,346
vector,64,372
vector,64,1178
vector,64,398
vector,64,380
vector,64,350
vector,64,350
vector,64,410
vector,64,342
vector,64,386
vector,64,350
vector,64,640
vector,64,348
vector,64,696
vector,64,390
vector,64,434
vector,64,400
vector,64,376
vector,64,346
vector,64,386
vector,64,432
vector,64,360
vector,64,368
vector,64,344
vector,64,662
vector,64,386
vector,64,378
vector,64,358
vector,64,376
vector,64,1202
vector,64,678
vector,64,380
vector,64,388
vector,64,394
vector,64,380
vector,64,388
vector,64,402
vector,64,342
vector,64,350
vector,64,404
vector,64,378
vector,64,370
vector,64,408
vector,64,362
vector,64,372
vector,64,388
vector,64,364
vector,64,386
vector,64,350
vector,64,818
vector,64,396
vector,64,386
vector,64,338
vector,64,374
vector,64,368
vector,64,450
vector,64,400
vector,64,370
vector,64,364
vector,64,352
vector,64,364
vector,64,374
vector,64,350
vector,64,370
vector,64,352
vector,64,370
vector,64,412
vector,64,374
vector,64,350
vector,64,1308
vector,64,374
vector,64,360
vector,64,376
vector,64,372
vector,64,356
vector,64,360
unordered_set,64,728
unordered_set,64,642
unordered_set,64,574
unordered_set,64,548
unordered_set,64,542
unordered_set,64,848
unordered_set,64,542
unordered_set,64,538
unordered_set,64,816
unordered_set,64,696
unordered_set,64,800
unordered_set,64,1432
unordered_set,64,798
unordered_set,64,754
unordered_set,64,764
unordered_set,64,1556
unordered_set,64,758
unordered_set,64,616
unordered_set,64,536
unordered_set,64,738
unordered_set,64,708
unordered_set,64,960
unordered_set,64,690
unordered_set,64,784
unordered_set,64,608
unordered_set,64,568
unordered_set,64,718
unordered_set,64,648
unordered_set,64,810
unordered_set,64,798
unordered_set,64,646
unordered_set,64,644
unordered_set,64,810
unordered_set,64,646
unordered_set,64,760
unordered_set,64,806
unordered_set,64,592
unordered_set,64,670
unordered_set,64,548
unordered_set,64,770
unordered_set,64,1218
unordered_set,64,638
unordered_set,64,812
unordered_set,64,860
unordered_set,64,532
unordered_set,64,762
unordered_set,64,552
unordered_set,64,542
unordered_set,64,548
unordered_set,64,862
unordered_set,64,758
unordered_set,64,648
unordered_set,64,634
unordered_set,64,542
unordered_set,64,802
unordered_set,64,532
unordered_set,64,634
unordered_set,64,1164
unordered_set,64,804
unordered_set,64,540
unordered_set,64,634
unordered_set,64,542
unordered_set,64,862
unordered_set,64,584
unordered_set,64,636
unordered_set,64,802
unordered_set,64,808
unordered_set,64,648
unordered_set,64,804
unordered_set,64,850
unordered_set,64,658
unordered_set,64,532
unordered_set,64,638
unordered_set,64,608
unordered_set,64,638
unordered_set,64,598
unordered_set,64,532
unordered_set,64,532
unordered_set,64,1940
unordered_set,64,530
unordered_set,64,632
unordered_set,64,796
unordered_set,64,552
unordered_set,64,644
unordered_set,64,858
unordered_set,64,752
unordered_set,64,814
unordered_set,64,552
unordered_set,64,760
unordered_set,64,544
unordered_set,64,536
unordered_set,64,648
unordered_set,64,826
unordered_set,64,856
unordered_set,64,642
unordered_set,64,766
unordered_set,64,538
unordered_set,64,864
unordered_set,64,536
unordered_set,64,800
unordered_set,64,860
set,64,2628
set,64,1546
set,64,1356
set,64,1332
set,64,1518
set,64,1362
set,64,1616
set,64,1720
set,64,1538
set,64,1542
set,64,1462
set,64,1300
set,64,1544
set,64,1580
set,64,1314
set,64,1574
set,64,1622
set,64,1492
set,64,1206
set,64,880
set,64,904
set,64,1456
set,64,1562
set,64,1562
set,64,1488
set,64,1508
set,64,1000
set,64,1664
set,64,1474
set,64,1254
set,64,1420
set,64,2128
set,64,1730
set,64,1420
set,64,1226
set,64,1684
set,64,1252
set,64,1264
set,64,1762
set,64,1396
set,64,1492
set,64,1506
set,64,1578
set,64,1368
set,64,1162
set,64,1298
set,64,1702
set,64,2112
set,64,1124
set,64,1190
set,64,1184
set,64,2220
set,64,1680
set,64,1340
set,64,1542
set,64,1028
set,64,1826
set,64,1262
set,64,1540
set,64,1512
set,64,1546
set,64,1426
set,64,1520
set,64,1374
set,64,1460
set,64,1088
set,64,1222
set,64,1216
set,64,1618
set,64,1626
set,64,1548
set,64,1058
set,64,1266
set,64,1550
set,64,1308
set,64,1580
set,64,1444
set,64,1632
set,64,1238
set,64,1186
set,64,1536
set,64,1560
set,64,1624
set,64,1220
set,64,1464
set,64,1292
set,64,1500
set,64,1504
set,64,1234
set,64,1520
set,64,1572
set,64,1324
set,64,1480
set,64,1686
set,64,1292
set,64,1682
set,64,1602
set,64,1632
set,64,1644
set,64,1294
set,64,1444
list,64,938
list,64,2498
list,64,352
list,64,334
list,64,3856
list,64,4402
list,64,536
list,64,3570
list,64,3504
list,64,2304
list,64,4336
list,64,5848
list,64,4584
list,64,3696
list,64,1458
list,64,3760
list,64,4114
list,64,3752
list,64,3748
list,64,4690
list,64,2354
list,64,4542
list,64,4690
list,64,4380
list,64,4228
list,64,5620
list,64,2298
list,64,4552
list,64,1854
list,64,550
list,64,806
list,64,846
list,64,4116
list,64,3862
list,64,5804
list,64,6376
list,64,2762
list,64,3968
list,64,2560
list,64,6210
list,64,3570
list,64,2764
list,64,5402
list,64,816
list,64,3840
list,64,3708
list,64,1014
list,64,2770
list,64,1272
list,64,4990
list,64,672
list,64,4730
list,64,396
list,64,5372
list,64,5592
list,64,4158
list,64,4270
list,64,3394
list,64,1648
list,64,3326
list,64,4846
list,64,6036
list,64,5658
list,64,5992
list,64,1084
list,64,560
list,64,3494
list,64,820
list,64,1028
list,64,4516
list,64,3222
list,64,2682
list,64,6302
list,64,362
list,64,4380
list,64,4930
list,64,3428
list,64,10002
list,64,12910
list,64,1082
list,64,1794
list,64,1158
list,64,10646
list,64,2894
list,64,5900
list,64,3456
list,64,1732
list,64,5482
list,64,6510
list,64,6310
list,64,8098
list,64,8284
list,64,2140
list,64,882
list,64,1894
list,64,4366
list,64,2184
list,64,1218
list,64,2402
list,64,1534
list,64,3302
vector,91,672
vector,91,396
vector,91,448
vector,91,382
vector,91,346
vector,91,424
vector,91,800
vector,91,394
vector,91,546
vector,91,566
vector,91,362
vector,91,574
vector,91,852
vector,91,932
vector,91,420
vector,91,862
vector,91,496
vector,91,554
vector,91,548
vector,91,454
vector,91,534
vector,91,1044
vector,91,860
vector,91,544
vector,91,836
vector,91,440
vector,91,516
vector,91,574
vector,91,672
vector,91,900
vector,91,708
vector,91,1314
vector,91,840
vector,91,894
vector,91,694
vector,91,1090
vector,91,1032
vector,91,568
vector,91,450
vector,91,464
vector,91,458
vector,91,1654
vector,91,1796
vector,91,422
vector,91,382
vector,91,1116
vector,91,556
vector,91,560
vector,91,440
vector,91,616
vector,91,504
vector,91,1204
vector,91,1306
vector,91,560
vector,91,574
vector,91,578
vector,91,568
vector,91,514
vector,91,524
vector,91,812
vector,91,816
vector,91,618
vector,91,562
vector,91,1056
vector,91,884
vector,91,780
vector,91,542
vector,91,458
vector,91,452
vector,91,424
vector,91,2260
vector,91,540
vector,91,516
vector,91,540
vector,91,1364
vector,91,560
vector,91,524
vector,91,594
vector,91,512
vector,91,810
vector,91,520
vector,91,846
vector,91,1258
vector,91,538
vector,91,880
vector,91,1198
vector,91,1188
vector,91,570
vector,91,542
vector,91,572
vector,91,392
vector,91,530
vector,91,1202
vector,91,520
vector,91,456
vector,91,506
vector,91,544
vector,91,570
vector,91,934
vector,91,542
vector,91,1280
unordered_set,91,904
unordered_set,91,722
unordered_set,91,1216
unordered_set,91,1276
unordered_set,91,1208
unordered_set,91,766
unordered_set,91,1670
unordered_set,91,868
unordered_set,91,784
unordered_set,91,700
unordered_set,91,1042
unordered_set,91,1690
unordered_set,91,1358
unordered_set,91,2216
unordered_set,91,754
unordered_set,91,900
unordered_set,91,802
unordered_set,91,914
unordered_set,91,1092
unordered_set,91,1582
unordered_set,91,1102
unordered_set,91,896
unordered_set,91,1738
unordered_set,91,1548
unordered_set,91,1328
unordered_set,91,872
unordered_set,91,1208
unordered_set,91,1594
unordered_set,91,1106
unordered_set,91,1132
unordered_set,91,1242
unordered_set,91,596
unordered_set,91,764
unordered_set,91,1258
unordered_set,91,882
unordered_set,91,3070
unordered_set,91,1340
unordered_set,91,802
unordered_set,91,808
unordered_set,91,774
unordered_set,91,960
unordered_set,91,1358
unordered_set,91,1278
unordered_set,91,872
unordered_set,91,906
unordered_set,91,714
unordered_set,91,886
unordered_set,91,540
unordered_set,91,1846
unordered_set,91,808
unordered_set,91,636
unordered_set,91,810
unordered_set,91,776
unordered_set,91,1260
unordered_set,91,558
unordered_set,91,680
unordered_set,91,1062
unordered_set,91,630
unordered_set,91,770
unordered_set,91,798
unordered_set,91,1098
unordered_set,91,632
unordered_set,91,848
unordered_set,91,748
unordered_set,91,1070
unordered_set,91,666
unordered_set,91,788
unordered_set,91,596
unordered_set,91,960
unordered_set,91,574
unordered_set,91,534
unordered_set,91,1448
unordered_set,91,836
unordered_set,91,596
unordered_set,91,642
unordered_set,91,740
unordered_set,91,780
unordered_set,91,834
unordered_set,91,1042
unordered_set,91,742
unordered_set,91,838
unordered_set,91,598
unordered_set,91,614
unordered_set,91,612
unordered_set,91,556
unordered_set,91,712
unordered_set,91,834
unordered_set,91,684
unordered_set,91,618
unordered_set,91,1294
unordered_set,91,726
unordered_set,91,606
unordered_set,91,566
unordered_set,91,572
unordered_set,91,618
unordered_set,91,672
unordered_set,91,526
unordered_set,91,862
unordered_set,91,940
unordered_set,91,804
unordered_set,91,604
set,91,3414
set,91,2500
set,91,3798
set,91,2370
set,91,2794
set,91,3884
set,91,2556
set,91,1320
set,91,1366
set,91,1824
set,91,2154
set,91,2122
set,91,2252
set,91,5488
set,91,2766
set,91,1314
set,91,1492
set,91,2176
set,91,2162
set,91,2196
set,91,2218
set,91,3396
set,91,1294
set,91,1874
set,91,2248
set,91,1824
set,91,1080
set,91,1726
set,91,1314
set,91,2204
set,91,2338
set,91,1882
set,91,2190
set,91,3620
set,91,2100
set,91,2578
set,91,1944
set,91,3130
set,91,1340
set,91,2840
set,91,1824
set,91,1720
set,91,2136
set,91,1690
set,91,1934
set,91,2578
set,91,1880
set,91,1586
set,91,1540
set,91,2814
set,91,2354
set,91,1094
set,91,1940
set,91,1610
set,91,1896
set,91,2972
set,91,1424
set,91,1124
set,91,2150
set,91,1698
set,91,2974
set,91,2494
set,91,1466
set,91,1694
set,91,1538
set,91,1514
set,91,1294
set,91,1886
set,91,1730
set,91,1424
set,91,856
set,91,1690
set,91,1232
set,91,1246
set,91,1814
set,91,1952
set,91,1432
set,91,1826
set,91,1346
set,91,2888
set,91,1178
set,91,1740
set,91,2398
set,91,1672
set,91,1474
set,91,2538
set,91,1730
set,91,1310
set,91,3028
set,91,1598
set,91,1530
set,91,1108
set,91,1688
set,91,2368
set,91,1124
set,91,1636
set,91,2024
set,91,2630
set,91,1600
set,91,1536
set,91,1924
list,91,4406
list,91,934
list,91,614
list,91,4014
list,91,5290
list,91,5470
list,91,932
list,91,4886
list,91,4136
list,91,3354
list,91,5006
list,91,2254
list,91,480
list,91,3584
list,91,6792
list,91,5578
list,91,7114
list,91,6996
list,91,3686
list,91,3504
list,91,4882
list,91,4618
list,91,2868
list,91,1314
list,91,2276
list,91,2432
list,91,3314
list,91,5244
list,91,2904
list,91,4188
list,91,590
list,91,3826
list,91,1452
list,91,4370
list,91,562
list,91,5178
list,91,1810
list,91,7204
list,91,5264
list,91,4356
list,91,6736
list,91,3194
list,91,998
list,91,6032
list,91,5768
list,91,4022
list,91,2698
list,91,5132
list,91,6770
list,91,6090
list,91,7658
list,91,1382
list,91,4678
list,91,2148
list,91,4222
list,91,2542
list,91,2972
list,91,4484
list,91,6844
list,91,2278
list,91,6082
list,91,2436
list,91,6042
list,91,6610
list,91,4306
list,91,6002
list,91,2780
list,91,5718
list,91,752
list,91,2964
list,91,2538
list,91,4684
list,91,5492
list,91,7070
list,91,506
list,91,4738
list,91,1388
list,91,404
list,91,1362
list,91,1554
list,91,4210
list,91,1858
list,91,1754
list,91,2932
list,91,3846
list,91,4048
list,91,3768
list,91,8482
list,91,1460
list,91,10564
list,91,454
list,91,1434
list,91,4798
list,91,4106
list,91,2888
list,91,2408
list,91,5366
list,91,4596
list,91,6062
list,91,4622
list,91,4900
vector,128,584
vector,128,474
vector,128,422
vector,128,516
vector,128,386
vector,128,838
vector,128,656
vector,128,464
vector,128,382
vector,128,766
vector,128,380
vector,128,480
vector,128,538
vector,128,532
vector,128,544
vector,128,652
vector,128,550
vector,128,558
vector,128,350
vector,128,532
vector,128,514
vector,128,586
vector,128,446
vector,128,510
vector,128,506
vector,128,676
vector,128,516
vector,128,540
vector,128,658
vector,128,614
vector,128,762
vector,128,524
vector,128,386
vector,128,540
vector,128,580
vector,128,778
vector,128,1482
vector,128,606
vector,128,506
vector,128,618
vector,128,344
vector,128,856
vector,128,712
vector,128,668
vector,128,1124
vector,128,418
vector,128,594
vector,128,388
vector,128,412
vector,128,624
vector,128,582
vector,128,508
vector,128,484
vector,128,600
vector,128,418
vector,128,420
vector,128,736
vector,128,700
vector,128,744
vector,128,546
vector,128,1348
vector,128,564
vector,128,862
vector,128,520
vector,128,706
vector,128,808
vector,128,604
vector,128,582
vector,128,378
vector,128,526
vector,128,630
vector,128,580
vector,128,1214
vector,128,560
vector,128,400
vector,128,418
vector,128,460
vector,128,422
vector,128,534
vector,128,444
vector,128,376
vector,128,360
vector,128,582
vector,128,630
vector,128,526
vector,128,546
vector,128,370
vector,128,396
vector,128,1054
vector,128,364
vector,128,578
vector,128,560
vector,128,378
vector,128,578
vector,128,512
vector,128,600
vector,128,422
vector,128,400
vector,128,580
vector,128,1318
vector,128,526
unordered_set,128,704
unordered_set,128,994
unordered_set,128,716
unordered_set,128,1154
unordered_set,128,792
unordered_set,128,796
unordered_set,128,636
unordered_set,128,882
unordered_set,128,962
unordered_set,128,660
unordered_set,128,646
unordered_set,128,660
unordered_set,128,1050
unordered_set,128,692
unordered_set,128,734
unordered_set,128,750
unordered_set,128,638
unordered_set,128,628
unordered_set,128,1326
unordered_set,128,650
unordered_set,128,574
unordered_set,128,578
unordered_set,128,674
unordered_set,128,642
unordered_set,128,856
unordered_set,128,598
unordered_set,128,722
unordered_set,128,836
unordered_set,128,620
unordered_set,128,866
unordered_set,128,722
unordered_set,128,584
unordered_set,128,668
unordered_set,128,800
unordered_set,128,626
unordered_set,128,628
unordered_set,128,850
unordered_set,128,800
unordered_set,128,790
unordered_set,128,578
unordered_set,128,774
unordered_set,128,834
unordered_set,128,638
unordered_set,128,842
unordered_set,128,1770
unordered_set,128,668
unordered_set,128,984
unordered_set,128,588
unordered_set,128,664
unordered_set,128,1906
unordered_set,128,600
unordered_set,128,778
unordered_set,128,902
unordered_set,128,700
unordered_set,128,928
unordered_set,128,664
unordered_set,128,886
unordered_set,128,586
unordered_set,128,872
unordered_set,128,972
unordered_set,128,884
unordered_set,128,652
unordered_set,128,686
unordered_set,128,788
unordered_set,128,672
unordered_set,128,670
unordered_set,128,756
unordered_set,128,640
unordered_set,128,642
unordered_set,128,774
unordered_set,128,670
unordered_set,128,640
unordered_set,128,872
unordered_set,128,652
unordered_set,128,686
unordered_set,128,760
unordered_set,128,1230
unordered_set,128,628
unordered_set,128,582
unordered_set,128,762
unordered_set,128,878
unordered_set,128,632
unordered_set,128,622
unordered_set,128,860
unordered_set,128,658
unordered_set,128,748
unordered_set,128,652
unordered_set,128,682
unordered_set,128,706
unordered_set,128,646
unordered_set,128,704
unordered_set,128,836
unordered_set,128,576
unordered_set,128,590
unordered_set,128,1652
unordered_set,128,778
unordered_set,128,836
unordered_set,128,644
unordered_set,128,972
unordered_set,128,882
unordered_set,128,940
set,128,2384
set,128,2114
set,128,1918
set,128,2290
set,128,2222
set,128,2968
set,128,2508
set,128,3780
set,128,2602
set,128,2398
set,128,1998
set,128,2136
set,128,2638
set,128,1858
set,128,2800
set,128,1678
set,128,1884
set,128,2056
set,128,1356
set,128,1722
set,128,1654
set,128,2188
set,128,1704
set,128,1946
set,128,2106
set,128,2402
set,128,2226
set,128,2574
set,128,1854
set,128,2230
set,128,1666
set,128,1934
set,128,1952
set,128,1776
set,128,2050
set,128,1574
set,128,2082
set,128,1626
set,128,1974
set,128,2622
set,128,2586
set,128,1564
set,128,2052
set,128,1948
set,128,2178
set,128,2010
set,128,1994
set,128,1360
set,128,1358
set,128,2792
set,128,1792
set,128,2376
set,128,1862
set,128,2118
set,128,1726
set,128,1548
set,128,1856
set,128,2592
set,128,1694
set,128,1894
set,128,2346
set,128,2178
set,128,1970
set,128,1412
set,128,1262
set,128,1986
set,128,1846
set,128,2096
set,128,2002
set,128,2180
set,128,1352
set,128,1300
set,128,2084
set,128,2138
set,128,1706
set,128,1984
set,128,1460
set,128,1806
set,128,1668
set,128,1752
set,128,3252
set,128,1802
set,128,1520
set,128,1976
set,128,2390
set,128,3060
set,128,2742
set,128,2118
set,128,2908
set,128,2812
set,128,2758
set,128,1766
set,128,3960
set,128,2282
set,128,2002
set,128,1986
set,128,2424
set,128,1964
set,128,1730
set,128,2190
set,128,1294
list,128,4858
list,128,3600
list,128,2338
list,128,1626
list,128,5924
list,128,5336
list,128,5450
list,128,1584
list,128,5824
list,128,4278
list,128,4450
list,128,7030
list,128,6982
list,128,5090
list,128,5438
list,128,6442
list,128,1418
list,128,5790
list,128,6682
list,128,8062
list,128,6896
list,128,2768
list,128,5958
list,128,726
list,128,4826
list,128,5042
list,128,8526
list,128,6994
list,128,6392
list,128,2654
list,128,7026
list,128,7312
list,128,1404
list,128,4732
list,128,5128
list,128,6186
list,128,2662
list,128,6254
list,128,8102
list,128,6284
list,128,3478
list,128,6620
list,128,6440
list,128,6602
list,128,6300
list,128,6324
list,128,7520
list,128,50576
list,128,5760
list,128,6092
list,128,6460
list,128,4892
list,128,530
list,128,6688
list,128,5168
list,128,5958
list,128,2756
list,128,7060
list,128,6670
list,128,7654
list,128,2458
list,128,6060
list,128,4106
list,128,4386
list,128,6046
list,128,6342
list,128,1970
list,128,8854
list,128,5688
list,128,7162
list,128,2304
list,128,4092
list,128,8148
list,128,1464
list,128,790
list,128,5684
list,128,4174
list,128,6990
list,128,4588
list,128,8120
list,128,5954
list,128,7908
list,128,6418
list,128,5688
list,128,4446
list,128,4050
list,128,7232
list,128,3118
list,128,5542
list,128,1562
list,128,4972
list,128,3280
list,128,720
list,128,5290
list,128,5836
list,128,7626
list,128,7680
list,128,2812
list,128,4334
list,128,6024
list,128,6950
vector,181,948
vector,181,556
vector,181,710
vector,181,768
vector,181,384
vector,181,690
vector,181,720
vector,181,544
vector,181,436
vector,181,586
vector,181,558
vector,181,578
vector,181,548
vector,181,566
vector,181,670
vector,181,542
vector,181,702
vector,181,1036
vector,181,982
vector,181,856
vector,181,716
vector,181,554
vector,181,470
vector,181,548
vector,181,350
vector,181,782
vector,181,422
vector,181,552
vector,181,628
vector,181,618
vector,181,670
vector,181,438
vector,181,448
vector,181,626
vector,181,658
vector,181,546
vector,181,810
vector,181,788
vector,181,700
vector,181,762
vector,181,578
vector,181,944
vector,181,444
vector,181,1172
vector,181,676
vector,181,928
vector,181,598
vector,181,1108
vector,181,582
vector,181,756
vector,181,828
vector,181,550
vector,181,540
vector,181,490
vector,181,780
vector,181,678
vector,181,708
vector,181,756
vector,181,366
vector,181,1318
vector,181,1474
vector,181,886
vector,181,392
vector,181,698
vector,181,614
vector,181,878
vector,181,754
vector,181,1388
vector,181,1062
vector,181,522
vector,181,742
vector,181,794
vector,181,888
vector,181,834
vector,181,916
vector,181,766
vector,181,884
vector,181,550
vector,181,814
vector,181,1936
vector,181,1436
vector,181,726
vector,181,1176
vector,181,636
vector,181,438
vector,181,774
vector,181,566
vector,181,552
vector,181,432
vector,181,358
vector,181,1124
vector,181,388
vector,181,690
vector,181,818
vector,181,808
vector,181,842
vector,181,870
vector,181,1562
vector,181,552
vector,181,892
vector,181,710
unordered_set,181,674
unordered_set,181,698
unordered_set,181,656
unordered_set,181,896
unordered_set,181,640
unordered_set,181,586
unordered_set,181,610
unordered_set,181,806
unordered_set,181,836
unordered_set,181,660
unordered_set,181,578
unordered_set,181,770
unordered_set,181,834
unordered_set,181,844
unordered_set,181,872
unordered_set,181,570
unordered_set,181,882
unordered_set,181,696
unordered_set,181,890
unordered_set,181,924
unordered_set,181,810
unordered_set,181,840
unordered_set,181,768
unordered_set,181,944
unordered_set,181,652
unordered_set,181,696
unordered_set,181,594
unordered_set,181,690
unordered_set,181,778
unordered_set,181,684
unordered_set,181,568
unordered_set,181,818
unordered_set,181,614
unordered_set,181,866
unordered_set,181,626
unordered_set,181,884
unordered_set,181,930
unordered_set,181,608
unordered_set,181,592
unordered_set,181,746
unordered_set,181,788
unordered_set,181,810
unordered_set,181,786
unordered_set,181,742
unordered_set,181,962
unordered_set,181,678
unordered_set,181,654
unordered_set,181,820
unordered_set,181,628
unordered_set,181,644
unordered_set,181,794
unordered_set,181,612
unordered_set,181,670
unordered_set,181,1000
unordered_set,181,956
unordered_set,181,764
unordered_set,181,932
unordered_set,181,784
unordered_set,181,978
unordered_set,181,878
unordered_set,181,638
unordered_set,181,724
unordered_set,181,662
unordered_set,181,1050
unordered_set,181,644
unordered_set,181,1282
unordered_set,181,632
unordered_set,181,704
unordered_set,181,682
unordered_set,181,608
unordered_set,181,710
unordered_set,181,642
unordered_set,181,846
unordered_set,181,1260
unordered_set,181,702
unordered_set,181,794
unordered_set,181,626
unordered_set,181,768
unordered_set,181,684
unordered_set,181,1206
unordered_set,181,696
unordered_set,181,686
unordered_set,181,590
unordered_set,181,610
unordered_set,181,666
unordered_set,181,828
unordered_set,181,630
unordered_set,181,764
unordered_set,181,762
unordered_set,181,820
unordered_set,181,1442
unordered_set,181,662
unordered_set,181,810
unordered_set,181,638
unordered_set,181,818
unordered_set,181,1576
unordered_set,181,814
unordered_set,181,862
unordered_set,181,654
unordered_set,181,592
unordered_set,181,1766
set,181,1344
set,181,2448
set,181,1474
set,181,1820
set,181,1560
set,181,1630
set,181,1300
set,181,1626
set,181,2824
set,181,1478
set,181,1370
set,181,1626
set,181,1132
set,181,1962
set,181,1512
set,181,1506
set,181,1504
set,181,1518
set,181,1560
set,181,1640
set,181,1782
set,181,1988
set,181,1266
set,181,1544
set,181,956
set,181,1200
set,181,1014
set,181,1672
set,181,1610
set,181,1534
set,181,1190
set,181,1770
set,181,1748
set,181,1776
set,181,1682
set,181,1456
set,181,1498
set,181,1660
set,181,1442
set,181,1394
set,181,2326
set,181,1152
set,181,1036
set,181,2056
set,181,1634
set,181,1292
set,181,1550
set,181,1288
set,181,1348
set,181,1580
set,181,1530
set,181,1208
set,181,1388
set,181,1358
set,181,1798
set,181,1990
set,181,1466
set,181,1664
set,181,1604
set,181,1974
set,181,1734
set,181,902
set,181,1076
set,181,1502
set,181,1962
set,181,1686
set,181,1786
set,181,1862
set,181,1472
set,181,1350
set,181,1698
set,181,1416
set,181,2232
set,181,1764
set,181,1906
set,181,1624
set,181,1616
set,181,1396
set,181,1494
set,181,2082
set,181,1750
set,181,1432
set,181,1436
set,181,1634
set,181,2106
set,181,1882
set,181,1580
set,181,1290
set,181,1526
set,181,1990
set,181,1614
set,181,1730
set,181,1508
set,181,1364
set,181,1464
set,181,1692
set,181,2138
set,181,1118
set,181,1994
set,181,1282
set,181,1724
list,181,10068
list,181,8336
list,181,9290
list,181,2398
list,181,7658
list,181,2332
list,181,4992
list,181,6150
list,181,7228
list,181,8376
list,181,8036
list,181,7884
list,181,9556
list,181,9898
list,181,7296
list,181,6414
list,181,8040
list,181,3526
list,181,10304
list,181,2634
list,181,7810
list,181,7442
list,181,9274
list,181,9348
list,181,5824
list,181,7106
list,181,7720
list,181,5764
list,181,9456
list,181,3476
list,181,672
list,181,8416
list,181,3474
list,181,948
list,181,6906
list,181,2722
list,181,2834
list,181,2864
list,181,10366
list,181,8080
list,181,3976
list,181,3110
list,181,1908
list,181,8458
list,181,8510
list,181,8300
list,181,10952
list,181,7436
list,181,11018
list,181,1616
list,181,658
list,181,1800
list,181,3720
list,181,5296
list,181,8028
list,181,4906
list,181,5492
list,181,1340
list,181,7688
list,181,8672
list,181,4572
list,181,7842
list,181,11060
list,181,8270
list,181,8852
list,181,556
list,181,340
list,181,338
list,181,5588
list,181,2288
list,181,4542
list,181,1772
list,181,8404
list,181,8412
list,181,5910
list,181,866
list,181,368
list,181,1748
list,181,7466
list,181,8630
list,181,5822
list,181,5060
list,181,3226
list,181,5248
list,181,6920
list,181,7358
list,181,2058
list,181,8680
list,181,8876
list,181,9338
list,181,5514
list,181,4918
list,181,6476
list,181,3002
list,181,344
list,181,9238
list,181,6938
list,181,9838
list,181,840
list,181,8042
list,181,5492
vector,256,352
vector,256,730
vector,256,838
vector,256,838
vector,256,748
vector,256,808
vector,256,898
vector,256,732
vector,256,808
vector,256,492
vector,256,536
vector,256,912
vector,256,622
vector,256,1786
vector,256,390
vector,256,900
vector,256,500
vector,256,736
vector,256,802
vector,256,642
vector,256,844
vector,256,810
vector,256,396
vector,256,1388
vector,256,1022
vector,256,610
vector,256,642
vector,256,562
vector,256,746
vector,256,518
vector,256,792
vector,256,832
vector,256,516
vector,256,614
vector,256,534
vector,256,514
vector,256,552
vector,256,808
vector,256,532
vector,256,536
vector,256,834
vector,256,374
vector,256,552
vector,256,820
vector,256,728
vector,256,602
vector,256,372
vector,256,826
vector,256,452
vector,256,610
vector,256,428
vector,256,830
vector,256,830
vector,256,1068
vector,256,424
vector,256,806
vector,256,590
vector,256,600
vector,256,394
vector,256,774
vector,256,508
vector,256,522
vector,256,416
vector,256,590
vector,256,606
vector,256,742
vector,256,382
vector,256,800
vector,256,418
vector,256,886
vector,256,548
vector,256,1232
vector,256,350
vector,256,830
vector,256,416
vector,256,698
vector,256,722
vector,256,582
vector,256,400
vector,256,912
vector,256,1144
vector,256,942
vector,256,778
vector,256,828
vector,256,948
vector,256,588
vector,256,368
vector,256,404
vector,256,556
vector,256,518
vector,256,804
vector,256,750
vector,256,728
vector,256,544
vector,256,492
vector,256,374
vector,256,648
vector,256,406
vector,256,590
vector,256,428
vector,256,582
unordered_set,256,638
unordered_set,256,566
unordered_set,256,584
unordered_set,256,772
unordered_set,256,620
unordered_set,256,614
unordered_set,256,632
unordered_set,256,610
unordered_set,256,774
unordered_set,256,612
unordered_set,256,562
unordered_set,256,764
unordered_set,256,606
unordered_set,256,582
unordered_set,256,818
unordered_set,256,770
unordered_set,256,776
unordered_set,256,636
unordered_set,256,604
unordered_set,256,640
unordered_set,256,636
unordered_set,256,774
unordered_set,256,610
unordered_set,256,606
unordered_set,256,774
unordered_set,256,640
unordered_set,256,610
unordered_set,256,608
unordered_set,256,768
unordered_set,256,760
unordered_set,256,638
unordered_set,256,604
unordered_set,256,762
unordered_set,256,590
unordered_set,256,824
unordered_set,256,610
unordered_set,256,604
unordered_set,256,642
unordered_set,256,604
unordered_set,256,590
unordered_set,256,632
unordered_set,256,612
unordered_set,256,820
unordered_set,256,606
unordered_set,256,560
unordered_set,256,588
unordered_set,256,770
unordered_set,256,610
unordered_set,256,562
unordered_set,256,768
unordered_set,256,1712
unordered_set,256,608
unordered_set,256,774
unordered_set,256,606
unordered_set,256,772
unordered_set,256,770
unordered_set,256,764
unordered_set,256,614
unordered_set,256,588
unordered_set,256,770
unordered_set,256,610
unordered_set,256,1662
unordered_set,256,606
unordered_set,256,756
unordered_set,256,770
unordered_set,256,762
unordered_set,256,584
unordered_set,256,614
unordered_set,256,610
unordered_set,256,660
unordered_set,256,642
unordered_set,256,628
unordered_set,256,1672
unordered_set,256,768
unordered_set,256,604
unordered_set,256,724
unordered_set,256,640
unordered_set,256,712
unordered_set,256,598
unordered_set,256,602
unordered_set,256,542
unordered_set,256,640
unordered_set,256,632
unordered_set,256,754
unordered_set,256,608
unordered_set,256,606
unordered_set,256,592
unordered_set,256,618
unordered_set,256,646
unordered_set,256,640
unordered_set,256,768
unordered_set,256,644
unordered_set,256,616
unordered_set,256,580
unordered_set,256,616
unordered_set,256,614
unordered_set,256,610
unordered_set,256,762
unordered_set,256,770
unordered_set,256,664
unordered_set,256,612
set,256,1670
set,256,1860
set,256,1922
set,256,1900
set,256,1198
set,256,1988
set,256,2100
set,256,1742
set,256,1716
set,256,1968
set,256,1340
set,256,1858
set,256,1820
set,256,1684
set,256,1870
set,256,1506
set,256,1578
set,256,1916
set,256,1976
set,256,1664
set,256,1856
set,256,1528
set,256,2166
set,256,2966
set,256,16124
set,256,1426
set,256,1812
set,256,1882
set,256,1390
set,256,1890
set,256,1736
set,256,1652
set,256,2040
set,256,1508
set,256,1514
set,256,1794
set,256,2252
set,256,3046
set,256,3446
set,256,1562
set,256,1204
set,256,1978
set,256,1782
set,256,1580
set,256,2044
set,256,1816
set,256,1900
set,256,1464
set,256,1784
set,256,1818
set,256,1394
set,256,2308
set,256,1970
set,256,1728
set,256,1328
set,256,1784
set,256,1878
set,256,2052
set,256,1792
set,256,1548
set,256,2214
set,256,1720
set,256,1904
set,256,2044
set,256,1662
set,256,2182
set,256,1686
set,256,1766
set,256,1734
set,256,1434
set,256,2302
set,256,1700
set,256,1698
set,256,1942
set,256,2094
set,256,1530
set,256,1712
set,256,1606
set,256,2466
set,256,3188
set,256,1906
set,256,2328
set,256,1594
set,256,1584
set,256,2092
set,256,2090
set,256,1600
set,256,2050
set,256,1680
set,256,1734
set,256,1722
set,256,1410
set,256,1364
set,256,1980
set,256,2072
set,256,1726
set,256,1650
set,256,1606
set,256,1432
set,256,1788
set,256,1800
list,256,2534
list,256,6540
list,256,4590
list,256,3720
list,256,5678
list,256,5782
list,256,5666
list,256,5756
list,256,9570
list,256,2426
list,256,4022
list,256,3264
list,256,8860
list,256,6658
list,256,8568
list,256,4176
list,256,6148
list,256,4746
list,256,4798
list,256,9242
list,256,3452
list,256,6872
list,256,6246
list,256,9152
list,256,6886
list,256,3692
list,256,8646
list,256,3556
list,256,8564
list,256,7704
list,256,6618
list,256,11654
list,256,4200
list,256,9320
list,256,5822
list,256,1288
list,256,9516
list,256,8206
list,256,5838
list,256,1298
list,256,6752
list,256,7872
list,256,7306
list,256,6322
list,256,6044
list,256,6932
list,256,4784
list,256,3756
list,256,9386
list,256,5932
list,256,11704
list,256,3274
list,256,7406
list,256,10582
list,256,7110
list,256,2434
list,256,8118
list,256,7794
list,256,7212
list,256,11580
list,256,4654
list,256,10180
list,256,10560
list,256,9366
list,256,9452
list,256,5744
list,256,5276
list,256,5768
list,256,7788
list,256,10462
list,256,4190
list,256,5918
list,256,11996
list,256,4760
list,256,8498
list,256,7350
list,256,9522
list,256,5320
list,256,3744
list,256,6646
list,256,5262
list,256,8924
list,256,1566
list,256,8060
list,256,2858
list,256,8334
list,256,5390
list,256,1844
list,256,10474
list,256,9412
list,256,7592
list,256,1350
list,256,8192
list,256,818
list,256,7984
list,256,7446
list,256,10258
list,256,9018
list,256,10256
list,256,6898
list,256,7478
vector,362,636
vector,362,616
vector,362,686
vector,362,654
vector,362,606
vector,362,684
vector,362,370
vector,362,554
vector,362,778
vector,362,616
vector,362,1530
vector,362,418
vector,362,672
vector,362,736
vector,362,432
vector,362,564
vector,362,564
vector,362,600
vector,362,464
vector,362,938
vector,362,450
vector,362,636
vector,362,590
vector,362,646
vector,362,404
vector,362,706
vector,362,472
vector,362,534
vector,362,850
vector,362,376
vector,362,584
vector,362,488
vector,362,662
vector,362,598
vector,362,408
vector,362,548
vector,362,600
vector,362,730
vector,362,388
vector,362,602
vector,362,464
vector,362,390
vector,362,748
vector,362,430
vector,362,590
vector,362,478
vector,362,1506
vector,362,620
vector,362,644
vector,362,452
vector,362,676
vector,362,590
vector,362,650
vector,362,440
vector,362,406
vector,362,598
vector,362,632
vector,362,636
vector,362,688
vector,362,432
vector,362,672
vector,362,646
vector,362,650
vector,362,620
vector,362,644
vector,362,446
vector,362,394
vector,362,600
vector,362,606
vector,362,536
vector,362,696
vector,362,690
vector,362,558
vector,362,594
vector,362,606
vector,362,532
vector,362,590
vector,362,602
vector,362,680
vector,362,394
vector,362,578
vector,362,582
vector,362,726
vector,362,584
vector,362,578
vector,362,366
vector,362,766
vector,362,608
vector,362,724
vector,362,624
vector,362,414
vector,362,684
vector,362,694
vector,362,438
vector,362,554
vector,362,706
vector,362,364
vector,362,684
vector,362,392
vector,362,560
vector,362,458
unordered_set,362,674
unordered_set,362,584
unordered_set,362,648
unordered_set,362,588
unordered_set,362,772
unordered_set,362,656
unordered_set,362,622
unordered_set,362,632
unordered_set,362,646
unordered_set,362,764
unordered_set,362,758
unordered_set,362,626
unordered_set,362,554
unordered_set,362,658
unordered_set,362,628
unordered_set,362,706
unordered_set,362,1426
unordered_set,362,700
unordered_set,362,632
unordered_set,362,656
unordered_set,362,606
unordered_set,362,608
unordered_set,362,594
unordered_set,362,624
unordered_set,362,596
unordered_set,362,588
unordered_set,362,1756
unordered_set,362,630
unordered_set,362,582
unordered_set,362,602
unordered_set,362,622
unordered_set,362,814
unordered_set,362,678
unordered_set,362,678
unordered_set,362,604
unordered_set,362,714
unordered_set,362,800
unordered_set,362,600
unordered_set,362,612
unordered_set,362,600
unordered_set,362,600
unordered_set,362,754
unordered_set,362,594
unordered_set,362,666
unordered_set,362,592
unordered_set,362,812
unordered_set,362,770
unordered_set,362,1214
unordered_set,362,580
unordered_set,362,600
unordered_set,362,632
unordered_set,362,630
unordered_set,362,814
unordered_set,362,656
unordered_set,362,636
unordered_set,362,594
unordered_set,362,628
unordered_set,362,628
unordered_set,362,810
unordered_set,362,600
unordered_set,362,750
unordered_set,362,622
unordered_set,362,598
unordered_set,362,678
unordered_set,362,650
unordered_set,362,654
unordered_set,362,710
unordered_set,362,854
unordered_set,362,1036
unordered_set,362,802
unordered_set,362,600
unordered_set,362,600
unordered_set,362,860
unordered_set,362,604
unordered_set,362,624
unordered_set,362,802
unordered_set,362,562
unordered_set,362,602
unordered_set,362,626
unordered_set,362,758
unordered_set,362,632
unordered_set,362,602
unordered_set,362,636
unordered_set,362,608
unordered_set,362,656
unordered_set,362,624
unordered_set,362,850
unordered_set,362,604
unordered_set,362,684
unordered_set,362,1508
unordered_set,362,624
unordered_set,362,602
unordered_set,362,664
unordered_set,362,620
unordered_set,362,806
unordered_set,362,654
unordered_set,362,626
unordered_set,362,630
unordered_set,362,648
unordered_set,362,626
unordered_set,362,638
set,362,1870
set,362,1840
set,362,1886
set,362,2194
set,362,1890
set,362,2322
set,362,2790
set,362,2094
set,362,1920
set,362,1838
set,362,2296
set,362,2102
set,362,2052
set,362,2144
set,362,2004
set,362,2242
set,362,2352
set,362,2178
set,362,1974
set,362,1826
set,362,1994
set,362,2124
set,362,1928
set,362,2248
set,362,2614
set,362,1802
set,362,2176
set,362,2236
set,362,1852
set,362,1726
set,362,2008
set,362,2252
set,362,2128
set,362,1750
set,362,2362
set,362,2328
set,362,2130
set,362,1810
set,362,2258
set,362,1796
set,362,2044
set,362,1954
set,362,1934
set,362,2158
set,362,2020
set,362,1752
set,362,1998
set,362,3084
set,362,1848
set,362,2296
set,362,2166
set,362,2166
set,362,2180
set,362,2134
set,362,2202
set,362,1820
set,362,2172
set,362,2194
set,362,2378
set,362,2114
set,362,2050
set,362,1626
set,362,2112
set,362,2062
set,362,2426
set,362,1722
set,362,2010
set,362,2122
set,362,2672
set,362,1758
set,362,2544
set,362,1924
set,362,2326
set,362,1810
set,362,2040
set,362,2132
set,362,2312
set,362,2540
set,362,2260
set,362,2648
set,362,2694
set,362,2152
set,362,2342
set,362,1686
set,362,2306
set,362,2142
set,362,2002
set,362,1540
set,362,2084
set,362,1924
set,362,1806
set,362,2044
set,362,2164
set,362,2126
set,362,1698
set,362,2012
set,362,1962
set,362,2220
set,362,1834
set,362,2232
set,362,2046
list,362,11182
list,362,9356
list,362,792
list,362,11818
list,362,6416
list,362,9120
list,362,9956
list,362,9892
list,362,8788
list,362,8358
list,362,5290
list,362,4162
list,362,10368
list,362,336
list,362,2892
list,362,9794
list,362,7350
list,362,3014
list,362,1598
list,362,11224
list,362,5792
list,362,10392
list,362,10996
list,362,9888
list,362,11802
list,362,1718
list,362,8368
list,362,4360
list,362,10992
list,362,4330
list,362,3732
list,362,8254
list,362,7118
list,362,9800
list,362,3856
list,362,3662
list,362,8250
list,362,7376
list,362,9752
list,362,3158
list,362,6802
list,362,5510
list,362,11178
list,362,4074
list,362,1870
list,362,8240
list,362,8226
list,362,8368
list,362,11090
list,362,5652
list,362,4840
list,362,5440
list,362,8798
list,362,11274
list,362,9084
list,362,3550
list,362,6408
list,362,4236
list,362,8362
list,362,8986
list,362,4150
list,362,3346
list,362,13418
list,362,6686
list,362,8250
list,362,10462
list,362,11544
list,362,6354
list,362,6884
list,362,16512
list,362,14988
list,362,7642
list,362,8048
list,362,12660
list,362,11346
list,362,11308
list,362,5594
list,362,15244
list,362,5030
list,362,14128
list,362,10686
list,362,12702
list,362,4946
list,362,11630
list,362,10386
list,362,3568
list,362,9054
list,362,8446
list,362,8640
list,362,10646
list,362,9034
list,362,10574
list,362,9770
list,362,5816
list,362,10444
list,362,12398
list,362,1538
list,362,9844
list,362,2018
list,362,4530
list,362,11444
vector,512,880
vector,512,994
vector,512,500
vector,512,758
vector,512,984
vector,512,820
vector,512,434
vector,512,810
vector,512,654
vector,512,1732
vector,512,1120
vector,512,1012
vector,512,1028
vector,512,606
vector,512,988
vector,512,1026
vector,512,972
vector,512,666
vector,512,734
vector,512,364
vector,512,1488
vector,512,354
vector,512,882
vector,512,1248
vector,512,330
vector,512,1076
vector,512,804
vector,512,602
vector,512,878
vector,512,804
vector,512,700
vector,512,1342
vector,512,750
vector,512,820
vector,512,1894
vector,512,1260
vector,512,694
vector,512,1154
vector,512,670
vector,512,398
vector,512,560
vector,512,580
vector,512,1088
vector,512,562
vector,512,590
vector,512,746
vector,512,428
vector,512,1148
vector,512,1262
vector,512,1270
vector,512,790
vector,512,774
vector,512,434
vector,512,930
vector,512,656
vector,512,1066
vector,512,648
vector,512,400
vector,512,768
vector,512,372
vector,512,1224
vector,512,698
vector,512,614
vector,512,956
vector,512,882
vector,512,804
vector,512,1016
vector,512,960
vector,512,1158
vector,512,1204
vector,512,450
vector,512,688
vector,512,1202
vector,512,430
vector,512,932
vector,512,646
vector,512,1242
vector,512,498
vector,512,1052
vector,512,1032
vector,512,514
vector,512,1114
vector,512,852
vector,512,976
vector,512,740
vector,512,450
vector,512,480
vector,512,426
vector,512,1274
vector,512,648
vector,512,790
vector,512,620
vector,512,694
vector,512,850
vector,512,402
vector,512,576
vector,512,544
vector,512,1208
vector,512,1042
vector,512,734
vector,512,418
unordered_set,512,560
unordered_set,512,664
unordered_set,512,678
unordered_set,512,594
unordered_set,512,698
unordered_set,512,622
unordered_set,512,732
unordered_set,512,940
unordered_set,512,584
unordered_set,512,582
unordered_set,512,678
unordered_set,512,722
unordered_set,512,844
unordered_set,512,920
unordered_set,512,800
unordered_set,512,732
unordered_set,512,628
unordered_set,512,692
unordered_set,512,590
unordered_set,512,724
unordered_set,512,730
unordered_set,512,646
unordered_set,512,852
unordered_set,512,564
unordered_set,512,870
unordered_set,512,888
unordered_set,512,640
unordered_set,512,1024
unordered_set,512,604
unordered_set,512,714
unordered_set,512,836
unordered_set,512,868
unordered_set,512,998
unordered_set,512,626
unordered_set,512,1804
unordered_set,512,612
unordered_set,512,658
unordered_set,512,818
unordered_set,512,1026
unordered_set,512,702
unordered_set,512,662
unordered_set,512,662
unordered_set,512,918
unordered_set,512,726
unordered_set,512,794
unordered_set,512,584
unordered_set,512,804
unordered_set,512,656
unordered_set,512,904
unordered_set,512,686
unordered_set,512,664
unordered_set,512,696
unordered_set,512,570
unordered_set,512,960
unordered_set,512,764
unordered_set,512,652
unordered_set,512,656
unordered_set,512,930
unordered_set,512,810
unordered_set,512,1590
unordered_set,512,778
unordered_set,512,640
unordered_set,512,962
unordered_set,512,734
unordered_set,512,608
unordered_set,512,736
unordered_set,512,752
unordered_set,512,816
unordered_set,512,1098
unordered_set,512,986
unordered_set,512,1044
unordered_set,512,878
unordered_set,512,694
unordered_set,512,800
unordered_set,512,852
unordered_set,512,1222
unordered_set,512,746
unordered_set,512,626
unordered_set,512,654
unordered_set,512,594
unordered_set,512,598
unordered_set,512,802
unordered_set,512,596
unordered_set,512,660
unordered_set,512,802
unordered_set,512,624
unordered_set,512,804
unordered_set,512,600
unordered_set,512,598
unordered_set,512,904
unordered_set,512,650
unordered_set,512,642
unordered_set,512,614
unordered_set,512,602
unordered_set,512,656
unordered_set,512,598
unordered_set,512,760
unordered_set,512,608
unordered_set,512,606
unordered_set,512,758
unordered_set,512,658
set,512,2358
set,512,3036
set,512,2652
set,512,2876
set,512,2600
set,512,2324
set,512,3336
set,512,2106
set,512,2598
set,512,2362
set,512,2980
set,512,3610
set,512,2288
set,512,3650
set,512,3758
set,512,3014
set,512,1978
set,512,2546
set,512,3996
set,512,2790
set,512,1600
set,512,2304
set,512,2224
set,512,2744
set,512,2088
set,512,2086
set,512,1808
set,512,2222
set,512,2324
set,512,2120
set,512,1924
set,512,2026
set,512,2966
set,512,2174
set,512,2250
set,512,2226
set,512,2550
set,512,2672
set,512,2526
set,512,2234
set,512,2676
set,512,2872
set,512,2154
set,512,2242
set,512,2276
set,512,1562
set,512,2434
set,512,1908
set,512,2140
set,512,2198
set,512,1820
set,512,2802
set,512,2554
set,512,2268
set,512,2668
set,512,2730
set,512,2440
set,512,2006
set,512,2502
set,512,1944
set,512,1726
set,512,2350
set,512,2614
set,512,1572
set,512,1780
set,512,1928
set,512,2004
set,512,2096
set,512,2308
set,512,1886
set,512,2348
set,512,2146
set,512,2166
set,512,2630
set,512,1764
set,512,2290
set,512,2322
set,512,2630
set,512,2518
set,512,2384
set,512,2494
set,512,2686
set,512,2198
set,512,2142
set,512,2130
set,512,2604
set,512,2170
set,512,1992
set,512,1846
set,512,2444
set,512,1912
set,512,2542
set,512,2392
set,512,2344
set,512,2726
set,512,1518
set,512,1838
set,512,2870
set,512,2320
set,512,2562
set,512,2900
list,512,8744
list,512,5450
list,512,12184
list,512,4402
list,512,9522
list,512,3114
list,512,3396
list,512,7758
list,512,10310
list,512,10300
list,512,13090
list,512,13376
list,512,11014
list,512,14006
list,512,10714
list,512,8426
list,512,11418
list,512,12888
list,512,11722
list,512,12532
list,512,346
list,512,12144
list,512,5748
list,512,11180
list,512,12440
list,512,7214
list,512,9074
list,512,13704
list,512,10928
list,512,7650
list,512,11956
list,512,8576
list,512,9906
list,512,5830
list,512,11246
list,512,9746
list,512,10250
list,512,11758
list,512,9546
list,512,12374
list,512,13022
list,512,11244
list,512,2092
list,512,12408
list,512,13492
list,512,11360
list,512,7908
list,512,9344
list,512,11574
list,512,11976
list,512,12878
list,512,4652
list,512,9938
list,512,10352
list,512,6074
list,512,12076
list,512,12036
list,512,12084
list,512,11910
list,512,11212
list,512,13012
list,512,12944
list,512,11018
list,512,4158
list,512,11328
list,512,11272
list,512,10076
list,512,2848
list,512,5470
list,512,9604
list,512,7314
list,512,8392
list,512,9390
list,512,6962
list,512,6040
list,512,11858
list,512,3916
list,512,7122
list,512,9480
list,512,8282
list,512,2426
list,512,10476
list,512,12332
list,512,8992
list,512,7024
list,512,9440
list,512,12596
list,512,10150
list,512,12702
list,512,7266
list,512,9364
list,512,8652
list,512,10990
list,512,7094
list,512,6226
list,512,11798
list,512,4698
list,512,7418
list,512,7458
list,512,4844
list,512,7700
vector,724,932
vector,724,1472
vector,724,978
vector,724,976
vector,724,1222
vector,724,592
vector,724,422
vector,724,754
vector,724,834
vector,724,352
vector,724,1370
vector,724,896
vector,724,1192
vector,724,672
vector,724,1188
vector,724,568
vector,724,724
vector,724,820
vector,724,432
vector,724,1012
vector,724,766
vector,724,810
vector,724,744
vector,724,1402
vector,724,734
vector,724,388
vector,724,1456
vector,724,1182
vector,724,744
vector,724,676
vector,724,1190
vector,724,660
vector,724,826
vector,724,694
vector,724,832
vector,724,828
vector,724,960
vector,724,582
vector,724,382
vector,724,544
vector,724,1198
vector,724,566
vector,724,1004
vector,724,764
vector,724,388
vector,724,1480
vector,724,906
vector,724,764
vector,724,522
vector,724,1112
vector,724,1226
vector,724,616
vector,724,688
vector,724,858
vector,724,1204
vector,724,850
vector,724,428
vector,724,774
vector,724,790
vector,724,862
vector,724,780
vector,724,652
vector,724,662
vector,724,1012
vector,724,448
vector,724,1046
vector,724,596
vector,724,682
vector,724,1026
vector,724,668
vector,724,848
vector,724,700
vector,724,1308
vector,724,572
vector,724,1388
vector,724,700
vector,724,2126
vector,724,816
vector,724,574
vector,724,1548
vector,724,1282
vector,724,1092
vector,724,1622
vector,724,1188
vector,724,768
vector,724,416
vector,724,376
vector,724,1014
vector,724,588
vector,724,710
vector,724,916
vector,724,672
vector,724,396
vector,724,556
vector,724,690
vector,724,612
vector,724,534
vector,724,810
vector,724,434
vector,724,978
vector,724,976
unordered_set,724,584
unordered_set,724,1408
unordered_set,724,580
unordered_set,724,752
unordered_set,724,638
unordered_set,724,652
unordered_set,724,660
unordered_set,724,750
unordered_set,724,608
unordered_set,724,624
unordered_set,724,598
unordered_set,724,596
unordered_set,724,598
unordered_set,724,610
unordered_set,724,820
unordered_set,724,750
unordered_set,724,652
unordered_set,724,604
unordered_set,724,588
unordered_set,724,600
unordered_set,724,604
unordered_set,724,750
unordered_set,724,754
unordered_set,724,596
unordered_set,724,744
unordered_set,724,646
unordered_set,724,1434
unordered_set,724,750
unordered_set,724,600
unordered_set,724,632
unordered_set,724,812
unordered_set,724,632
unordered_set,724,604
unordered_set,724,732
unordered_set,724,594
unordered_set,724,602
unordered_set,724,800
unordered_set,724,630
unordered_set,724,622
unordered_set,724,646
unordered_set,724,654
unordered_set,724,598
unordered_set,724,604
unordered_set,724,602
unordered_set,724,612
unordered_set,724,598
unordered_set,724,702
unordered_set,724,682
unordered_set,724,630
unordered_set,724,654
unordered_set,724,800
unordered_set,724,654
unordered_set,724,598
unordered_set,724,584
unordered_set,724,580
unordered_set,724,684
unordered_set,724,758
unordered_set,724,656
unordered_set,724,764
unordered_set,724,860
unordered_set,724,748
unordered_set,724,626
unordered_set,724,626
unordered_set,724,648
unordered_set,724,634
unordered_set,724,628
unordered_set,724,602
unordered_set,724,598
unordered_set,724,684
unordered_set,724,602
unordered_set,724,590
unordered_set,724,760
unordered_set,724,752
unordered_set,724,594
unordered_set,724,592
unordered_set,724,708
unordered_set,724,764
unordered_set,724,650
unordered_set,724,754
unordered_set,724,752
unordered_set,724,680
unordered_set,724,602
unordered_set,724,626
unordered_set,724,658
unordered_set,724,648
unordered_set,724,626
unordered_set,724,602
unordered_set,724,656
unordered_set,724,654
unordered_set,724,818
unordered_set,724,624
unordered_set,724,650
unordered_set,724,756
unordered_set,724,598
unordered_set,724,596
unordered_set,724,630
unordered_set,724,598
unordered_set,724,580
unordered_set,724,628
unordered_set,724,1304
unordered_set,724,598
set,724,2346
set,724,2508
set,724,2042
set,724,2052
set,724,2256
set,724,2384
set,724,2400
set,724,2260
set,724,1870
set,724,2428
set,724,1648
set,724,2472
set,724,2312
set,724,2414
set,724,2038
set,724,2040
set,724,2642
set,724,2852
set,724,2570
set,724,2440
set,724,2208
set,724,2420
set,724,3096
set,724,2618
set,724,1906
set,724,2770
set,724,2860
set,724,1606
set,724,1964
set,724,1978
set,724,2216
set,724,2688
set,724,2288
set,724,2376
set,724,3048
set,724,2940
set,724,2636
set,724,2480
set,724,2260
set,724,2396
set,724,2172
set,724,2172
set,724,2486
set,724,2462
set,724,1766
set,724,2206
set,724,2268
set,724,2100
set,724,2086
set,724,2538
set,724,2354
set,724,2522
set,724,2746
set,724,3188
set,724,2362
set,724,2042
set,724,2316
set,724,2724
set,724,2450
set,724,2782
set,724,2430
set,724,2488
set,724,2558
set,724,2578
set,724,2078
set,724,2114
set,724,2068
set,724,1932
set,724,2592
set,724,1822
set,724,2724
set,724,2458
set,724,2260
set,724,2480
set,724,2252
set,724,2034
set,724,2378
set,724,2036
set,724,2282
set,724,2374
set,724,2144
set,724,2524
set,724,3570
set,724,2454
set,724,2600
set,724,2564
set,724,2312
set,724,2472
set,724,2080
set,724,2146
set,724,2338
set,724,2546
set,724,2192
set,724,2104
set,724,2264
set,724,2352
set,724,2358
set,724,2816
set,724,2150
set,724,1784
set,724,2752
list,724,9030
list,724,13410
list,724,13288
list,724,9378
list,724,4706
list,724,13038
list,724,10712
list,724,14284
list,724,2026
list,724,12494
list,724,4190
list,724,3896
list,724,8218
list,724,11014
list,724,9436
list,724,9374
list,724,1586
list,724,5646
list,724,10506
list,724,10736
list,724,4566
list,724,2728
list,724,12512
list,724,7816
list,724,10662
list,724,1022
list,724,12820
list,724,8418
list,724,11528
list,724,11362
list,724,4636
list,724,4554
list,724,920
list,724,7522
list,724,5948
list,724,11680
list,724,10802
list,724,12270
list,724,6620
list,724,5036
list,724,11736
list,724,6858
list,724,2322
list,724,11096
list,724,6692
list,724,9354
list,724,13728
list,724,1954
list,724,13012
list,724,2108
list,724,12346
list,724,9240
list,724,7650
list,724,10836
list,724,9100
list,724,13032
list,724,6988
list,724,3456
list,724,6554
list,724,11504
list,724,13190
list,724,8880
list,724,4242
list,724,5818
list,724,12446
list,724,11068
list,724,10112
list,724,9090
list,724,5012
list,724,2028
list,724,5232
list,724,14012
list,724,7866
list,724,10530
list,724,13170
list,724,9500
list,724,4886
list,724,13864
list,724,12444
list,724,9642
list,724,10236
list,724,11814
list,724,10370
list,724,4154
list,724,10828
list,724,13684
list,724,13068
list,724,10140
list,724,9576
list,724,12960
list,724,14136
list,724,6446
list,724,2770
list,724,14988
list,724,5786
list,724,12698
list,724,14444
list,724,14310
list,724,6846
list,724,9954
list,724,8644
vector,1024,676
vector,1024,1090
vector,1024,1092
vector,1024,498
vector,1024,1830
vector,1024,1246
vector,1024,1700
vector,1024,668
vector,1024,1450
vector,1024,946
vector,1024,1424
vector,1024,630
vector,1024,876
vector,1024,818
vector,1024,774
vector,1024,404
vector,1024,1424
vector,1024,872
vector,1024,574
vector,1024,600
vector,1024,1020
vector,1024,1182
vector,1024,638
vector,1024,1804
vector,1024,854
vector,1024,416
vector,1024,1608
vector,1024,1554
vector,1024,700
vector,1024,926
vector,1024,582
vector,1024,524
vector,1024,524
vector,1024,664
vector,1024,1224
vector,1024,1230
vector,1024,1232
vector,1024,708
vector,1024,848
vector,1024,858
vector,1024,2386
vector,1024,1188
vector,1024,864
vector,1024,1196
vector,1024,916
vector,1024,1234
vector,1024,1216
vector,1024,448
vector,1024,2074
vector,1024,844
vector,1024,1052
vector,1024,406
vector,1024,1156
vector,1024,440
vector,1024,1144
vector,1024,688
vector,1024,742
vector,1024,1016
vector,1024,1146
vector,1024,1500
vector,1024,1188
vector,1024,860
vector,1024,576
vector,1024,1168
vector,1024,826
vector,1024,540
vector,1024,1008
vector,1024,426
vector,1024,1492
vector,1024,880
vector,1024,662
vector,1024,410
vector,1024,1222
vector,1024,802
vector,1024,892
vector,1024,1196
vector,1024,440
vector,1024,1222
vector,1024,1088
vector,1024,1196
vector,1024,838
vector,1024,630
vector,1024,700
vector,1024,386
vector,1024,562
vector,1024,1656
vector,1024,670
vector,1024,828
vector,1024,858
vector,1024,644
vector,1024,370
vector,1024,886
vector,1024,1068
vector,1024,622
vector,1024,962
vector,1024,792
vector,1024,760
vector,1024,836
vector,1024,1164
vector,1024,852
vector,1024,620
unordered_set,1024,776
unordered_set,1024,600
unordered_set,1024,680
unordered_set,1024,598
unordered_set,1024,756
unordered_set,1024,624
unordered_set,1024,936
unordered_set,1024,1802
unordered_set,1024,1728
unordered_set,1024,1828
unordered_set,1024,1800
unordered_set,1024,1984
unordered_set,1024,1598
unordered_set,1024,1974
unordered_set,1024,1574
unordered_set,1024,1832
unordered_set,1024,1828
unordered_set,1024,1736
unordered_set,1024,740
unordered_set,1024,628
unordered_set,1024,628
unordered_set,1024,652
unordered_set,1024,590
unordered_set,1024,600
unordered_set,1024,600
unordered_set,1024,626
unordered_set,1024,606
unordered_set,1024,758
unordered_set,1024,626
unordered_set,1024,752
unordered_set,1024,596
unordered_set,1024,620
unordered_set,1024,620
unordered_set,1024,804
unordered_set,1024,748
unordered_set,1024,626
unordered_set,1024,646
unordered_set,1024,600
unordered_set,1024,630
unordered_set,1024,632
unordered_set,1024,754
unordered_set,1024,606
unordered_set,1024,642
unordered_set,1024,748
unordered_set,1024,648
unordered_set,1024,1220
unordered_set,1024,804
unordered_set,1024,750
unordered_set,1024,740
unordered_set,1024,600
unordered_set,1024,866
unordered_set,1024,654
unordered_set,1024,676
unordered_set,1024,600
unordered_set,1024,596
unordered_set,1024,620
unordered_set,1024,590
unordered_set,1024,582
unordered_set,1024,622
unordered_set,1024,790
unordered_set,1024,794
unordered_set,1024,628
unordered_set,1024,600
unordered_set,1024,598
unordered_set,1024,628
unordered_set,1024,760
unordered_set,1024,602
unordered_set,1024,802
unordered_set,1024,596
unordered_set,1024,756
unordered_set,1024,626
unordered_set,1024,624
unordered_set,1024,626
unordered_set,1024,648
unordered_set,1024,618
unordered_set,1024,648
unordered_set,1024,1426
unordered_set,1024,1624
unordered_set,1024,1738
unordered_set,1024,752
unordered_set,1024,624
unordered_set,1024,598
unordered_set,1024,596
unordered_set,1024,620
unordered_set,1024,842
unordered_set,1024,570
unordered_set,1024,592
unordered_set,1024,768
unordered_set,1024,600
unordered_set,1024,598
unordered_set,1024,600
unordered_set,1024,594
unordered_set,1024,596
unordered_set,1024,1404
unordered_set,1024,608
unordered_set,1024,606
unordered_set,1024,740
unordered_set,1024,598
unordered_set,1024,632
unordered_set,1024,602
unordered_set,1024,758
set,1024,3330
set,1024,2726
set,1024,2676
set,1024,2842
set,1024,2922
set,1024,3014
set,1024,2846
set,1024,2678
set,1024,3508
set,1024,2330
set,1024,2892
set,1024,2818
set,1024,2764
set,1024,2626
set,1024,2978
set,1024,2224
set,1024,2460
set,1024,2202
set,1024,2470
set,1024,2590
set,1024,3154
set,1024,2338
set,1024,2284
set,1024,3462
set,1024,2358
set,1024,3100
set,1024,2712
set,1024,2322
set,1024,2192
set,1024,3312
set,1024,2752
set,1024,2770
set,1024,2442
set,1024,3128
set,1024,2044
set,1024,2524
set,1024,2736
set,1024,2946
set,1024,2722
set,1024,2096
set,1024,2596
set,1024,2406
set,1024,1784
set,1024,2292
set,1024,2734
set,1024,2620
set,1024,2220
set,1024,2634
set,1024,2140
set,1024,3294
set,1024,2744
set,1024,2424
set,1024,2448
set,1024,2192
set,1024,1562
set,1024,2408
set,1024,2638
set,1024,3076
set,1024,2312
set,1024,2058
set,1024,2466
set,1024,2222
set,1024,2942
set,1024,2404
set,1024,2414
set,1024,2410
set,1024,2986
set,1024,2376
set,1024,2744
set,1024,2844
set,1024,2166
set,1024,2652
set,1024,2280
set,1024,2814
set,1024,2736
set,1024,2180
set,1024,2674
set,1024,2958
set,1024,2224
set,1024,2712
set,1024,2668
set,1024,3054
set,1024,2502
set,1024,2298
set,1024,2546
set,1024,2522
set,1024,2406
set,1024,2548
set,1024,2532
set,1024,2922
set,1024,2418
set,1024,2742
set,1024,2730
set,1024,2490
set,1024,2482
set,1024,2356
set,1024,2364
set,1024,2956
set,1024,2994
set,1024,2646
set,1024,2502
list,1024,2750
list,1024,6282
list,1024,2120
list,1024,3246
list,1024,7746
list,1024,7564
list,1024,8896
list,1024,15452
list,1024,16116
list,1024,18412
list,1024,11532
list,1024,14770
list,1024,9390
list,1024,15794
list,1024,388
list,1024,7290
list,1024,19766
list,1024,14138
list,1024,3124
list,1024,10954
list,1024,4930
list,1024,4398
list,1024,9074
list,1024,9454
list,1024,15088
list,1024,7094
list,1024,6220
list,1024,3220
list,1024,1674
list,1024,9748
list,1024,19650
list,1024,11438
list,1024,8036
list,1024,14210
list,1024,14862
list,1024,18034
list,1024,14196
list,1024,6886
list,1024,17712
list,1024,9934
list,1024,14398
list,1024,16130
list,1024,6816
list,1024,14812
list,1024,18934
list,1024,5948
list,1024,1960
list,1024,18604
list,1024,17448
list,1024,8986
list,1024,13850
list,1024,7184
list,1024,4456
list,1024,16640
list,1024,3574
list,1024,14540
list,1024,9518
list,1024,10838
list,1024,16942
list,1024,7652
list,1024,14898
list,1024,5406
list,1024,14116
list,1024,3642
list,1024,14834
list,1024,8264
list,1024,12724
list,1024,14574
list,1024,14198
list,1024,14562
list,1024,8900
list,1024,7078
list,1024,9040
list,1024,10338
list,1024,7304
list,1024,9048
list,1024,7172
list,1024,12034
list,1024,6626
list,1024,13964
list,1024,1586
list,1024,1678
list,1024,9468
list,1024,16232
list,1024,13282
list,1024,9164
list,1024,12564
list,1024,17766
list,1024,6050
list,1024,12266
list,1024,5352
list,1024,16092
list,1024,11996
list,1024,372
list,1024,7562
list,1024,13522
list,1024,3070
list,1024,7382
list,1024,7504
list,1024,1456
list,1024,1664
vector,1448,622
vector,1448,1446
vector,1448,2214
vector,1448,824
vector,1448,696
vector,1448,512
vector,1448,1128
vector,1448,1722
vector,1448,598
vector,1448,1486
vector,1448,1752
vector,1448,1330
vector,1448,1728
vector,1448,1612
vector,1448,440
vector,1448,598
vector,1448,514
vector,1448,1498
vector,1448,1718
vector,1448,794
vector,1448,878
vector,1448,1836
vector,1448,1664
vector,1448,922
vector,1448,1528
vector,1448,2148
vector,1448,908
vector,1448,1678
vector,1448,1940
vector,1448,704
vector,1448,2272
vector,1448,1020
vector,1448,512
vector,1448,588
vector,1448,1636
vector,1448,1736
vector,1448,1656
vector,1448,1678
vector,1448,1046
vector,1448,960
vector,1448,408
vector,1448,1928
vector,1448,704
vector,1448,2314
vector,1448,950
vector,1448,1870
vector,1448,1330
vector,1448,562
vector,1448,520
vector,1448,2368
vector,1448,1784
vector,1448,1738
vector,1448,824
vector,1448,1614
vector,1448,1834
vector,1448,1568
vector,1448,1900
vector,1448,1586
vector,1448,1592
vector,1448,848
vector,1448,512
vector,1448,2334
vector,1448,826
vector,1448,1694
vector,1448,1664
vector,1448,1708
vector,1448,1034
vector,1448,1668
vector,1448,568
vector,1448,630
vector,1448,730
vector,1448,1536
vector,1448,2234
vector,1448,700
vector,1448,1724
vector,1448,802
vector,1448,1756
vector,1448,584
vector,1448,678
vector,1448,1000
vector,1448,750
vector,1448,852
vector,1448,1150
vector,1448,654
vector,1448,1500
vector,1448,990
vector,1448,1416
vector,1448,618
vector,1448,1298
vector,1448,1436
vector,1448,582
vector,1448,2272
vector,1448,1760
vector,1448,806
vector,1448,586
vector,1448,1582
vector,1448,612
vector,1448,1310
vector,1448,864
vector,1448,1522
vector,1448,2318
unordered_set,1448,740
unordered_set,1448,600
unordered_set,1448,608
unordered_set,1448,614
unordered_set,1448,622
unordered_set,1448,772
unordered_set,1448,762
unordered_set,1448,658
unordered_set,1448,644
unordered_set,1448,594
unordered_set,1448,630
unordered_set,1448,774
unordered_set,1448,660
unordered_set,1448,688
unordered_set,1448,582
unordered_set,1448,586
unordered_set,1448,584
unordered_set,1448,732
unordered_set,1448,634
unordered_set,1448,646
unordered_set,1448,584
unordered_set,1448,786
unordered_set,1448,788
unordered_set,1448,586
unordered_set,1448,736
unordered_set,1448,732
unordered_set,1448,730
unordered_set,1448,800
unordered_set,1448,788
unordered_set,1448,736
unordered_set,1448,632
unordered_set,1448,574
unordered_set,1448,842
unordered_set,1448,576
unordered_set,1448,590
unordered_set,1448,636
unordered_set,1448,730
unordered_set,1448,582
unordered_set,1448,596
unordered_set,1448,584
unordered_set,1448,732
unordered_set,1448,640
unordered_set,1448,576
unordered_set,1448,682
unordered_set,1448,798
unordered_set,1448,778
unordered_set,1448,558
unordered_set,1448,668
unordered_set,1448,578
unordered_set,1448,608
unordered_set,1448,608
unordered_set,1448,754
unordered_set,1448,742
unordered_set,1448,674
unordered_set,1448,636
unordered_set,1448,586
unordered_set,1448,730
unordered_set,1448,586
unordered_set,1448,610
unordered_set,1448,792
unordered_set,1448,662
unordered_set,1448,660
unordered_set,1448,608
unordered_set,1448,614
unordered_set,1448,636
unordered_set,1448,632
unordered_set,1448,608
unordered_set,1448,944
unordered_set,1448,578
unordered_set,1448,726
unordered_set,1448,582
unordered_set,1448,634
unordered_set,1448,736
unordered_set,1448,562
unordered_set,1448,580
unordered_set,1448,724
unordered_set,1448,584
unordered_set,1448,600
unordered_set,1448,758
unordered_set,1448,614
unordered_set,1448,730
unordered_set,1448,736
unordered_set,1448,578
unordered_set,1448,740
unordered_set,1448,638
unordered_set,1448,642
unordered_set,1448,584
unordered_set,1448,604
unordered_set,1448,632
unordered_set,1448,634
unordered_set,1448,586
unordered_set,1448,782
unordered_set,1448,598
unordered_set,1448,736
unordered_set,1448,584
unordered_set,1448,538
unordered_set,1448,580
unordered_set,1448,584
unordered_set,1448,634
unordered_set,1448,602
unordered_set,1448,658
set,1448,3410
set,1448,2548
set,1448,2200
set,1448,2758
set,1448,2652
set,1448,2414
set,1448,3744
set,1448,2564
set,1448,3042
set,1448,2380
set,1448,2658
set,1448,3046
set,1448,2400
set,1448,2474
set,1448,2874
set,1448,2732
set,1448,2686
set,1448,2502
set,1448,2244
set,1448,2812
set,1448,3180
set,1448,2526
set,1448,3572
set,1448,3020
set,1448,3938
set,1448,2626
set,1448,3172
set,1448,2372
set,1448,2792
set,1448,2840
set,1448,3714
set,1448,2660
set,1448,2500
set,1448,2106
set,1448,2492
set,1448,2514
set,1448,3102
set,1448,2278
set,1448,3458
set,1448,1958
set,1448,3144
set,1448,2400
set,1448,2632
set,1448,2652
set,1448,2936
set,1448,2770
set,1448,2400
set,1448,2480
set,1448,2210
set,1448,2472
set,1448,2752
set,1448,2426
set,1448,2116
set,1448,2528
set,1448,2102
set,1448,3110
set,1448,3098
set,1448,2690
set,1448,2856
set,1448,2456
set,1448,3126
set,1448,2508
set,1448,3106
set,1448,2778
set,1448,2702
set,1448,2954
set,1448,2658
set,1448,2602
set,1448,2582
set,1448,2132
set,1448,2970
set,1448,2740
set,1448,2412
set,1448,2278
set,1448,2124
set,1448,2342
set,1448,2354
set,1448,3144
set,1448,2334
set,1448,2282
set,1448,2424
set,1448,2298
set,1448,2562
set,1448,2720
set,1448,2162
set,1448,2310
set,1448,2482
set,1448,2540
set,1448,2456
set,1448,2800
set,1448,3886
set,1448,2740
set,1448,2668
set,1448,2834
set,1448,2590
set,1448,2562
set,1448,2494
set,1448,2954
set,1448,3206
set,1448,3068
set,1448,2280
list,1448,18342
list,1448,8116
list,1448,11362
list,1448,7776
list,1448,21626
list,1448,4398
list,1448,10468
list,1448,13014
list,1448,18204
list,1448,10980
list,1448,12314
list,1448,15404
list,1448,6132
list,1448,15676
list,1448,19300
list,1448,16412
list,1448,12410
list,1448,18930
list,1448,16386
list,1448,19862
list,1448,13796
list,1448,15280
list,1448,13696
list,1448,18894
list,1448,16902
list,1448,11562
list,1448,7230
list,1448,7862
list,1448,15390
list,1448,15822
list,1448,8874
list,1448,7188
list,1448,10288
list,1448,13108
list,1448,12402
list,1448,10132
list,1448,6094
list,1448,19634
list,1448,6020
list,1448,19934
list,1448,1024
list,1448,16664
list,1448,16200
list,1448,12186
list,1448,12422
list,1448,3376
list,1448,14716
list,1448,16170
list,1448,20908
list,1448,14186
list,1448,7044
list,1448,6072
list,1448,18940
list,1448,7758
list,1448,4948
list,1448,15748
list,1448,8438
list,1448,19270
list,1448,20602
list,1448,14284
list,1448,11232
list,1448,11508
list,1448,15360
list,1448,13468
list,1448,8512
list,1448,19334
list,1448,5714
list,1448,15664
list,1448,6090
list,1448,9018
list,1448,16294
list,1448,8120
list,1448,9382
list,1448,12778
list,1448,13880
list,1448,5030
list,1448,7526
list,1448,11826
list,1448,11960
list,1448,5924
list,1448,8068
list,1448,16610
list,1448,20596
list,1448,19488
list,1448,9664
list,1448,910
list,1448,17490
list,1448,8978
list,1448,18848
list,1448,16742
list,1448,7280
list,1448,4824
list,1448,20870
list,1448,6730
list,1448,13822
list,1448,21404
list,1448,13350
list,1448,18688
list,1448,12128
list,1448,12160
list,1448,2890
vector,2048,1928
vector,2048,1130
vector,2048,1884
vector,2048,1466
vector,2048,2988
vector,2048,2256
vector,2048,1054
vector,2048,2212
vector,2048,980
vector,2048,650
vector,2048,2248
vector,2048,2026
vector,2048,1788
vector,2048,1918
vector,2048,1842
vector,2048,894
vector,2048,1166
vector,2048,2258
vector,2048,1832
vector,2048,674
vector,2048,1256
vector,2048,2512
vector,2048,1032
vector,2048,2198
vector,2048,846
vector,2048,2078
vector,2048,1472
vector,2048,642
vector,2048,3254
vector,2048,642
vector,2048,1542
vector,2048,986
vector,2048,928
vector,2048,2514
vector,2048,1698
vector,2048,646
vector,2048,2076
vector,2048,664
vector,2048,2218
vector,2048,398
vector,2048,1204
vector,2048,670
vector,2048,776
vector,2048,348
vector,2048,1154
vector,2048,2860
vector,2048,1764
vector,2048,1690
vector,2048,984
vector,2048,2148
vector,2048,1876
vector,2048,746
vector,2048,2192
vector,2048,540
vector,2048,2062
vector,2048,770
vector,2048,950
vector,2048,334
vector,2048,848
vector,2048,2528
vector,2048,798
vector,2048,1158
vector,2048,362
vector,2048,918
vector,2048,2108
vector,2048,1194
vector,2048,3088
vector,2048,1078
vector,2048,2058
vector,2048,1528
vector,2048,2082
vector,2048,1138
vector,2048,590
vector,2048,1004
vector,2048,956
vector,2048,2284
vector,2048,2206
vector,2048,2200
vector,2048,1976
vector,2048,502
vector,2048,2122
vector,2048,1454
vector,2048,702
vector,2048,686
vector,2048,564
vector,2048,740
vector,2048,2864
vector,2048,1496
vector,2048,1178
vector,2048,2458
vector,2048,380
vector,2048,1632
vector,2048,638
vector,2048,1910
vector,2048,1736
vector,2048,944
vector,2048,2278
vector,2048,1084
vector,2048,1830
vector,2048,408
vector,2048,1690
unordered_set,2048,542
unordered_set,2048,602
unordered_set,2048,570
unordered_set,2048,1642
unordered_set,2048,600
unordered_set,2048,568
unordered_set,2048,570
unordered_set,2048,720
unordered_set,2048,604
unordered_set,2048,574
unordered_set,2048,596
unordered_set,2048,718
unordered_set,2048,596
unordered_set,2048,602
unordered_set,2048,602
unordered_set,2048,604
unordered_set,2048,570
unordered_set,2048,572
unordered_set,2048,620
unordered_set,2048,600
unordered_set,2048,774
unordered_set,2048,564
unordered_set,2048,576
unordered_set,2048,576
unordered_set,2048,1302
unordered_set,2048,752
unordered_set,2048,598
unordered_set,2048,574
unordered_set,2048,574
unordered_set,2048,560
unordered_set,2048,564
unordered_set,2048,570
unordered_set,2048,564
unordered_set,2048,590
unordered_set,2048,564
unordered_set,2048,564
unordered_set,2048,710
unordered_set,2048,714
unordered_set,2048,618
unordered_set,2048,590
unordered_set,2048,566
unordered_set,2048,562
unordered_set,2048,582
unordered_set,2048,562
unordered_set,2048,570
unordered_set,2048,562
unordered_set,2048,574
unordered_set,2048,562
unordered_set,2048,598
unordered_set,2048,712
unordered_set,2048,566
unordered_set,2048,714
unordered_set,2048,590
unordered_set,2048,570
unordered_set,2048,548
unordered_set,2048,616
unordered_set,2048,562
unordered_set,2048,572
unordered_set,2048,566
unordered_set,2048,598
unordered_set,2048,584
unordered_set,2048,1026
unordered_set,2048,642
unordered_set,2048,588
unordered_set,2048,594
unordered_set,2048,574
unordered_set,2048,594
unordered_set,2048,568
unordered_set,2048,568
unordered_set,2048,560
unordered_set,2048,600
unordered_set,2048,566
unordered_set,2048,594
unordered_set,2048,712
unordered_set,2048,562
unordered_set,2048,548
unordered_set,2048,932
unordered_set,2048,568
unordered_set,2048,592
unordered_set,2048,562
unordered_set,2048,570
unordered_set,2048,566
unordered_set,2048,672
unordered_set,2048,820
unordered_set,2048,658
unordered_set,2048,564
unordered_set,2048,612
unordered_set,2048,798
unordered_set,2048,814
unordered_set,2048,546
unordered_set,2048,614
unordered_set,2048,730
unordered_set,2048,630
unordered_set,2048,662
unordered_set,2048,758
unordered_set,2048,564
unordered_set,2048,764
unordered_set,2048,766
unordered_set,2048,566
unordered_set,2048,622
unordered_set,2048,568
set,2048,2514
set,2048,3286
set,2048,2940
set,2048,2778
set,2048,2968
set,2048,2774
set,2048,2510
set,2048,3186
set,2048,2636
set,2048,2816
set,2048,2600
set,2048,2188
set,2048,2908
set,2048,2688
set,2048,3042
set,2048,2916
set,2048,2358
set,2048,3036
set,2048,2782
set,2048,3232
set,2048,2262
set,2048,2104
set,2048,3100
set,2048,2314
set,2048,2598
set,2048,2414
set,2048,2226
set,2048,2922
set,2048,2574
set,2048,2092
set,2048,2096
set,2048,2616
set,2048,2628
set,2048,2398
set,2048,2830
set,2048,2646
set,2048,2752
set,2048,4056
set,2048,2488
set,2048,2672
set,2048,2304
set,2048,2666
set,2048,2402
set,2048,3006
set,2048,2514
set,2048,2266
set,2048,3804
set,2048,3150
set,2048,3060
set,2048,3018
set,2048,2596
set,2048,2872
set,2048,3402
set,2048,2424
set,2048,2598
set,2048,2650
set,2048,2722
set,2048,2586
set,2048,2326
set,2048,3002
set,2048,2454
set,2048,2172
set,2048,2304
set,2048,2830
set,2048,2900
set,2048,2408
set,2048,3070
set,2048,3098
set,2048,2444
set,2048,2320
set,2048,2484
set,2048,2160
set,2048,2594
set,2048,2968
set,2048,2730
set,2048,3562
set,2048,3594
set,2048,2516
set,2048,2508
set,2048,2628
set,2048,2340
set,2048,3218
set,2048,2500
set,2048,2384
set,2048,2208
set,2048,3302
set,2048,2750
set,2048,3140
set,2048,2616
set,2048,2524
set,2048,2408
set,2048,2814
set,2048,2618
set,2048,2966
set,2048,3372
set,2048,2574
set,2048,2868
set,2048,2326
set,2048,3300
set,2048,2730
set,2048,3238
list,2048,4216
list,2048,21370
list,2048,10530
list,2048,5042
list,2048,5042
list,2048,15428
list,2048,15044
list,2048,3836
list,2048,16974
list,2048,17244
list,2048,1886
list,2048,14896
list,2048,25142
list,2048,20000
list,2048,12380
list,2048,22092
list,2048,23072
list,2048,22128
list,2048,19000
list,2048,6116
list,2048,1886
list,2048,16684
list,2048,6106
list,2048,23656
list,2048,13916
list,2048,19744
list,2048,10036
list,2048,10432
list,2048,18894
list,2048,2996
list,2048,4314
list,2048,26270
list,2048,13974
list,2048,11722
list,2048,12864
list,2048,8182
list,2048,16638
list,2048,12494
list,2048,25214
list,2048,21796
list,2048,15662
list,2048,17128
list,2048,7594
list,2048,20294
list,2048,17222
list,2048,7486
list,2048,12964
list,2048,12128
list,2048,11434
list,2048,15148
list,2048,24428
list,2048,6652
list,2048,24862
list,2048,18930
list,2048,21150
list,2048,5812
list,2048,7840
list,2048,15774
list,2048,19370
list,2048,20060
list,2048,18340
list,2048,11660
list,2048,9752
list,2048,27272
list,2048,23958
list,2048,12960
list,2048,17626
list,2048,17470
list,2048,13470
list,2048,24788
list,2048,20476
list,2048,22824
list,2048,14952
list,2048,22026
list,2048,4650
list,2048,22206
list,2048,12140
list,2048,13488
list,2048,5382
list,2048,24276
list,2048,13992
list,2048,23152
list,2048,12902
list,2048,24150
list,2048,6394
list,2048,12046
list,2048,15032
list,2048,16922
list,2048,9080
list,2048,20218
list,2048,5794
list,2048,16058
list,2048,16696
list,2048,12000
list,2048,7004
list,2048,15212
list,2048,21868
list,2048,2644
list,2048,24892
list,2048,16268
list,2048,13892
vector,2896,4576
vector,2896,4612
vector,2896,3776
vector,2896,3254
vector,2896,1850
vector,2896,4924
vector,2896,1056
vector,2896,2652
vector,2896,5544
vector,2896,5524
vector,2896,3650
vector,2896,5346
vector,2896,824
vector,2896,392
vector,2896,4238
vector,2896,5398
vector,2896,3602
vector,2896,2036
vector,2896,3098
vector,2896,3896
vector,2896,3354
vector,2896,688
vector,2896,1904
vector,2896,2132
vector,2896,1048
vector,2896,3616
vector,2896,1724
vector,2896,3838
vector,2896,3078
vector,2896,810
vector,2896,1692
vector,2896,2522
vector,2896,3494
vector,2896,2990
vector,2896,2134
vector,2896,3936
vector,2896,3126
vector,2896,1824
vector,2896,4282
vector,2896,5596
vector,2896,1506
vector,2896,5060
vector,2896,1072
vector,2896,5508
vector,2896,1230
vector,2896,662
vector,2896,2426
vector,2896,2090
vector,2896,832
vector,2896,2014
vector,2896,3030
vector,2896,5902
vector,2896,1078
vector,2896,5524
vector,2896,656
vector,2896,1822
vector,2896,2956
vector,2896,1914
vector,2896,2328
vector,2896,5868
vector,2896,4124
vector,2896,3922
vector,2896,5410
vector,2896,1204
vector,2896,2462
vector,2896,3306
vector,2896,3200
vector,2896,2040
vector,2896,3320
vector,2896,3238
vector,2896,5550
vector,2896,3540
vector,2896,5486
vector,2896,1498
vector,2896,4464
vector,2896,1080
vector,2896,3550
vector,2896,2998
vector,2896,814
vector,2896,3954
vector,2896,4244
vector,2896,2358
vector,2896,1694
vector,2896,2112
vector,2896,5052
vector,2896,3142
vector,2896,2334
vector,2896,3874
vector,2896,2680
vector,2896,2984
vector,2896,3642
vector,2896,3792
vector,2896,2952
vector,2896,2122
vector,2896,1084
vector,2896,2540
vector,2896,2688
vector,2896,2634
vector,2896,6368
vector,2896,4302
vector,2896,4666
unordered_set,2896,692
unordered_set,2896,574
unordered_set,2896,616
unordered_set,2896,656
unordered_set,2896,748
unordered_set,2896,1134
unordered_set,2896,702
unordered_set,2896,2680
unordered_set,2896,1066
unordered_set,2896,586
unordered_set,2896,944
unordered_set,2896,938
unordered_set,2896,1204
unordered_set,2896,960
unordered_set,2896,568
unordered_set,2896,702
unordered_set,2896,582
unordered_set,2896,1104
unordered_set,2896,566
unordered_set,2896,554
unordered_set,2896,572
unordered_set,2896,806
unordered_set,2896,618
unordered_set,2896,970
unordered_set,2896,982
unordered_set,2896,860
unordered_set,2896,708
unordered_set,2896,1100
unordered_set,2896,1502
unordered_set,2896,1230
unordered_set,2896,1394
unordered_set,2896,594
unordered_set,2896,862
unordered_set,2896,736
unordered_set,2896,936
unordered_set,2896,916
unordered_set,2896,784
unordered_set,2896,572
unordered_set,2896,750
unordered_set,2896,588
unordered_set,2896,1080
unordered_set,2896,904
unordered_set,2896,598
unordered_set,2896,1198
unordered_set,2896,1054
unordered_set,2896,1076
unordered_set,2896,1104
unordered_set,2896,1020
unordered_set,2896,760
unordered_set,2896,774
unordered_set,2896,1034
unordered_set,2896,880
unordered_set,2896,2016
unordered_set,2896,1704
unordered_set,2896,1286
unordered_set,2896,746
unordered_set,2896,1028
unordered_set,2896,1186
unordered_set,2896,1228
unordered_set,2896,892
unordered_set,2896,694
unordered_set,2896,684
unordered_set,2896,762
unordered_set,2896,2030
unordered_set,2896,674
unordered_set,2896,560
unordered_set,2896,546
unordered_set,2896,1066
unordered_set,2896,1684
unordered_set,2896,894
unordered_set,2896,1508
unordered_set,2896,1344
unordered_set,2896,750
unordered_set,2896,1100
unordered_set,2896,910
unordered_set,2896,1162
unordered_set,2896,660
unordered_set,2896,1028
unordered_set,2896,560
unordered_set,2896,750
unordered_set,2896,612
unordered_set,2896,560
unordered_set,2896,572
unordered_set,2896,620
unordered_set,2896,548
unordered_set,2896,746
unordered_set,2896,718
unordered_set,2896,648
unordered_set,2896,932
unordered_set,2896,608
unordered_set,2896,584
unordered_set,2896,620
unordered_set,2896,648
unordered_set,2896,764
unordered_set,2896,734
unordered_set,2896,676
unordered_set,2896,740
unordered_set,2896,954
unordered_set,2896,900
unordered_set,2896,714
unordered_set,2896,572
set,2896,3384
set,2896,3252
set,2896,2470
set,2896,3628
set,2896,3158
set,2896,3134
set,2896,3578
set,2896,3114
set,2896,3288
set,2896,2874
set,2896,3112
set,2896,2590
set,2896,3388
set,2896,2930
set,2896,2780
set,2896,2748
set,2896,3092
set,2896,3094
set,2896,3338
set,2896,3456
set,2896,2776
set,2896,2906
set,2896,2850
set,2896,2830
set,2896,2766
set,2896,3106
set,2896,2870
set,2896,3246
set,2896,3660
set,2896,3298
set,2896,3078
set,2896,2822
set,2896,2614
set,2896,2780
set,2896,3128
set,2896,2706
set,2896,2666
set,2896,2562
set,2896,2882
set,2896,3022
set,2896,3238
set,2896,2746
set,2896,3040
set,2896,2808
set,2896,3132
set,2896,2758
set,2896,2686
set,2896,2682
set,2896,2918
set,2896,2842
set,2896,2806
set,2896,3038
set,2896,3656
set,2896,2980
set,2896,2454
set,2896,2576
set,2896,2772
set,2896,3062
set,2896,2806
set,2896,2690
set,2896,2422
set,2896,2382
set,2896,2656
set,2896,2736
set,2896,3008
set,2896,2864
set,2896,2288
set,2896,3172
set,2896,2476
set,2896,3358
set,2896,2344
set,2896,2868
set,2896,2772
set,2896,2610
set,2896,2980
set,2896,2922
set,2896,3100
set,2896,3454
set,2896,2846
set,2896,2612
set,2896,3014
set,2896,3266
set,2896,3366
set,2896,2840
set,2896,3482
set,2896,2714
set,2896,2966
set,2896,2894
set,2896,2512
set,2896,2722
set,2896,2686
set,2896,2606
set,2896,2740
set,2896,2832
set,2896,3238
set,2896,2978
set,2896,2904
set,2896,2644
set,2896,2798
set,2896,2556
set,2896,2676
list,2896,27050
list,2896,10704
list,2896,4464
list,2896,18924
list,2896,13598
list,2896,31464
list,2896,4168
list,2896,4798
list,2896,22578
list,2896,27960
list,2896,18480
list,2896,24946
list,2896,27074
list,2896,16062
list,2896,12876
list,2896,13248
list,2896,20090
list,2896,19686
list,2896,24856
list,2896,17230
list,2896,10444
list,2896,14346
list,2896,10770
list,2896,33500
list,2896,10486
list,2896,30530
list,2896,17258
list,2896,9868
list,2896,24404
list,2896,36288
list,2896,13086
list,2896,12272
list,2896,32692
list,2896,12668
list,2896,24544
list,2896,9374
list,2896,7532
list,2896,16844
list,2896,20006
list,2896,14642
list,2896,25934
list,2896,18082
list,2896,14822
list,2896,9000
list,2896,8490
list,2896,24486
list,2896,8396
list,2896,24862
list,2896,18640
list,2896,12000
list,2896,28166
list,2896,31270
list,2896,5756
list,2896,6892
list,2896,11470
list,2896,4242
list,2896,20002
list,2896,28918
list,2896,25644
list,2896,18868
list,2896,29734
list,2896,12668
list,2896,3562
list,2896,16654
list,2896,18478
list,2896,14610
list,2896,13870
list,2896,5700
list,2896,35868
list,2896,26442
list,2896,2676
list,2896,24904
list,2896,1218
list,2896,13074
list,2896,31096
list,2896,6830
list,2896,30366
list,2896,27012
list,2896,22608
list,2896,30800
list,2896,13384
list,2896,15128
list,2896,17348
list,2896,3112
list,2896,27564
list,2896,6690
list,2896,15018
list,2896,25648
list,2896,4966
list,2896,18190
list,2896,26690
list,2896,13970
list,2896,14114
list,2896,29688
list,2896,11104
list,2896,21312
list,2896,21160
list,2896,28804
list,2896,7642
list,2896,23276
list,2896,29134
vector,4096,5582
vector,4096,1544
vector,4096,8150
vector,4096,7750
vector,4096,494
vector,4096,7568
vector,4096,4356
vector,4096,4980
vector,4096,4686
vector,4096,14968
vector,4096,4046
vector,4096,390
vector,4096,4484
vector,4096,2976
vector,4096,3256
vector,4096,1088
vector,4096,1640
vector,4096,3198
vector,4096,3928
vector,4096,1782
vector,4096,3808
vector,4096,2142
vector,4096,2528
vector,4096,5470
vector,4096,1880
vector,4096,2882
vector,4096,4716
vector,4096,1962
vector,4096,3892
vector,4096,1416
vector,4096,3602
vector,4096,3058
vector,4096,858
vector,4096,3560
vector,4096,388
vector,4096,4532
vector,4096,1400
vector,4096,2132
vector,4096,714
vector,4096,3040
vector,4096,1062
vector,4096,4212
vector,4096,2782
vector,4096,662
vector,4096,3178
vector,4096,2032
vector,4096,1562
vector,4096,2752
vector,4096,4840
vector,4096,4786
vector,4096,3268
vector,4096,3560
vector,4096,3966
vector,4096,762
vector,4096,4524
vector,4096,3106
vector,4096,1952
vector,4096,1000
vector,4096,4054
vector,4096,1690
vector,4096,2452
vector,4096,504
vector,4096,4866
vector,4096,1342
vector,4096,3954
vector,4096,4066
vector,4096,3210
vector,4096,2648
vector,4096,1516
vector,4096,2462
vector,4096,2446
vector,4096,4698
vector,4096,1558
vector,4096,3048
vector,4096,352
vector,4096,3838
vector,4096,4250
vector,4096,3208
vector,4096,1774
vector,4096,4160
vector,4096,3074
vector,4096,1614
vector,4096,4666
vector,4096,1564
vector,4096,4304
vector,4096,366
vector,4096,4966
vector,4096,3848
vector,4096,3228
vector,4096,3528
vector,4096,1764
vector,4096,1048
vector,4096,3732
vector,4096,560
vector,4096,4572
vector,4096,4012
vector,4096,1280
vector,4096,1916
vector,4096,2736
vector,4096,3756
vector,4096,3100
unordered_set,4096,548
unordered_set,4096,720
unordered_set,4096,570
unordered_set,4096,572
unordered_set,4096,550
unordered_set,4096,1050
unordered_set,4096,578
unordered_set,4096,1762
unordered_set,4096,568
unordered_set,4096,1780
unordered_set,4096,572
unordered_set,4096,1746
unordered_set,4096,596
unordered_set,4096,1738
unordered_set,4096,594
unordered_set,4096,1682
unordered_set,4096,602
unordered_set,4096,1702
unordered_set,4096,722
unordered_set,4096,1498
unordered_set,4096,606
unordered_set,4096,1660
unordered_set,4096,714
unordered_set,4096,1664
unordered_set,4096,564
unordered_set,4096,1540
unordered_set,4096,718
unordered_set,4096,1562
unordered_set,4096,568
unordered_set,4096,1616
unordered_set,4096,566
unordered_set,4096,1884
unordered_set,4096,594
unordered_set,4096,1202
unordered_set,4096,570
unordered_set,4096,1548
unordered_set,4096,714
unordered_set,4096,1196
unordered_set,4096,636
unordered_set,4096,1538
unordered_set,4096,600
unordered_set,4096,1728
unordered_set,4096,564
unordered_set,4096,740
unordered_set,4096,718
unordered_set,4096,644
unordered_set,4096,592
unordered_set,4096,770
unordered_set,4096,766
unordered_set,4096,570
unordered_set,4096,612
unordered_set,4096,572
unordered_set,4096,578
unordered_set,4096,624
unordered_set,4096,602
unordered_set,4096,564
unordered_set,4096,572
unordered_set,4096,572
unordered_set,4096,566
unordered_set,4096,598
unordered_set,4096,718
unordered_set,4096,1432
unordered_set,4096,574
unordered_set,4096,1584
unordered_set,4096,754
unordered_set,4096,1466
unordered_set,4096,736
unordered_set,4096,1444
unordered_set,4096,628
unordered_set,4096,1612
unordered_set,4096,758
unordered_set,4096,740
unordered_set,4096,572
unordered_set,4096,580
unordered_set,4096,578
unordered_set,4096,572
unordered_set,4096,604
unordered_set,4096,570
unordered_set,4096,574
unordered_set,4096,644
unordered_set,4096,626
unordered_set,4096,564
unordered_set,4096,600
unordered_set,4096,1418
unordered_set,4096,662
unordered_set,4096,1224
unordered_set,4096,620
unordered_set,4096,1564
unordered_set,4096,596
unordered_set,4096,1760
unordered_set,4096,714
unordered_set,4096,1378
unordered_set,4096,584
unordered_set,4096,1632
unordered_set,4096,716
unordered_set,4096,1616
unordered_set,4096,598
unordered_set,4096,808
unordered_set,4096,754
unordered_set,4096,570
unordered_set,4096,598
set,4096,2594
set,4096,2828
set,4096,2936
set,4096,2640
set,4096,2882
set,4096,3016
set,4096,3694
set,4096,3606
set,4096,2758
set,4096,3488
set,4096,2868
set,4096,2846
set,4096,2988
set,4096,2962
set,4096,3768
set,4096,2958
set,4096,3102
set,4096,2564
set,4096,2956
set,4096,2332
set,4096,3352
set,4096,2800
set,4096,2494
set,4096,2794
set,4096,3076
set,4096,2352
set,4096,2410
set,4096,2974
set,4096,3348
set,4096,2668
set,4096,2634
set,4096,2314
set,4096,2994
set,4096,2706
set,4096,2834
set,4096,4522
set,4096,2384
set,4096,3100
set,4096,2790
set,4096,3512
set,4096,2668
set,4096,2832
set,4096,2880
set,4096,2566
set,4096,2758
set,4096,2508
set,4096,3236
set,4096,2926
set,4096,3274
set,4096,3176
set,4096,2812
set,4096,2528
set,4096,3026
set,4096,2728
set,4096,3362
set,4096,3318
set,4096,2354
set,4096,2984
set,4096,3014
set,4096,2614
set,4096,2780
set,4096,2772
set,4096,3420
set,4096,3032
set,4096,2890
set,4096,2896
set,4096,2740
set,4096,2584
set,4096,2702
set,4096,2762
set,4096,2372
set,4096,2954
set,4096,3258
set,4096,3146
set,4096,2858
set,4096,2590
set,4096,2566
set,4096,2838
set,4096,2482
set,4096,3138
set,4096,2074
set,4096,2566
set,4096,3542
set,4096,2658
set,4096,3276
set,4096,3292
set,4096,2884
set,4096,2648
set,4096,2744
set,4096,2978
set,4096,2480
set,4096,2882
set,4096,2688
set,4096,2794
set,4096,2402
set,4096,3044
set,4096,2552
set,4096,2634
set,4096,3082
set,4096,2580
set,4096,3144
list,4096,26140
list,4096,24778
list,4096,21408
list,4096,24418
list,4096,37778
list,4096,41958
list,4096,11434
list,4096,11000
list,4096,27770
list,4096,29662
list,4096,37922
list,4096,29102
list,4096,42318
list,4096,35394
list,4096,39164
list,4096,4354
list,4096,15870
list,4096,42090
list,4096,29974
list,4096,8176
list,4096,32338
list,4096,8092
list,4096,13382
list,4096,13192
list,4096,30144
list,4096,21684
list,4096,14516
list,4096,34610
list,4096,43754
list,4096,33380
list,4096,19422
list,4096,30856
list,4096,4516
list,4096,34156
list,4096,27458
list,4096,17722
list,4096,22824
list,4096,31508
list,4096,37702
list,4096,32440
list,4096,42896
list,4096,25498
list,4096,42626
list,4096,23016
list,4096,12744
list,4096,30446
list,4096,30186
list,4096,17490
list,4096,18310
list,4096,13084
list,4096,41604
list,4096,22292
list,4096,8984
list,4096,22630
list,4096,35814
list,4096,41774
list,4096,21882
list,4096,38014
list,4096,9374
list,4096,14708
list,4096,27124
list,4096,44328
list,4096,23480
list,4096,17856
list,4096,40440
list,4096,32382
list,4096,42754
list,4096,7404
list,4096,41636
list,4096,9508
list,4096,1144
list,4096,25274
list,4096,31436
list,4096,10140
list,4096,39390
list,4096,38156
list,4096,33282
list,4096,14898
list,4096,16804
list,4096,8182
list,4096,20368
list,4096,7108
list,4096,19450
list,4096,41334
list,4096,16476
list,4096,28184
list,4096,7620
list,4096,26990
list,4096,8830
list,4096,24148
list,4096,40460
list,4096,12250
list,4096,29058
list,4096,34300
list,4096,19242
list,4096,726
list,4096,19908
list,4096,31332
list,4096,9832
list,4096,6178
list,4096,24532
vector,5793,5610
vector,5793,10084
vector,5793,3680
vector,5793,538
vector,5793,5738
vector,5793,8404
vector,5793,8752
vector,5793,12182
vector,5793,11870
vector,5793,8502
vector,5793,8472
vector,5793,7248
vector,5793,10690
vector,5793,11508
vector,5793,364
vector,5793,1512
vector,5793,4336
vector,5793,6520
vector,5793,8456
vector,5793,6772
vector,5793,7234
vector,5793,12852
vector,5793,9328
vector,5793,1720
vector,5793,2170
vector,5793,4700
vector,5793,362
vector,5793,3920
vector,5793,2462
vector,5793,3332
vector,5793,1032
vector,5793,3728
vector,5793,2288
vector,5793,4068
vector,5793,5986
vector,5793,2544
vector,5793,5446
vector,5793,6526
vector,5793,6414
vector,5793,3838
vector,5793,5718
vector,5793,3794
vector,5793,1744
vector,5793,3252
vector,5793,6800
vector,5793,1268
vector,5793,1744
vector,5793,6184
vector,5793,4752
vector,5793,2602
vector,5793,4662
vector,5793,2818
vector,5793,3914
vector,5793,570
vector,5793,2986
vector,5793,1450
vector,5793,11276
vector,5793,6544
vector,5793,2300
vector,5793,2124
vector,5793,5480
vector,5793,2470
vector,5793,6156
vector,5793,1192
vector,5793,5832
vector,5793,3354
vector,5793,3370
vector,5793,2544
vector,5793,726
vector,5793,3678
vector,5793,698
vector,5793,722
vector,5793,2438
vector,5793,3850
vector,5793,520
vector,5793,3186
vector,5793,3914
vector,5793,1330
vector,5793,1042
vector,5793,3038
vector,5793,1178
vector,5793,2734
vector,5793,3550
vector,5793,3924
vector,5793,1782
vector,5793,2158
vector,5793,2754
vector,5793,6912
vector,5793,4302
vector,5793,5788
vector,5793,6022
vector,5793,3308
vector,5793,2604
vector,5793,1756
vector,5793,2706
vector,5793,554
vector,5793,4930
vector,5793,3478
vector,5793,604
vector,5793,1054
vector,5793,4642
unordered_set,5793,722
unordered_set,5793,630
unordered_set,5793,582
unordered_set,5793,728
unordered_set,5793,726
unordered_set,5793,610
unordered_set,5793,634
unordered_set,5793,724
unordered_set,5793,592
unordered_set,5793,652
unordered_set,5793,728
unordered_set,5793,722
unordered_set,5793,590
unordered_set,5793,604
unordered_set,5793,580
unordered_set,5793,788
unordered_set,5793,604
unordered_set,5793,728
unordered_set,5793,776
unordered_set,5793,724
unordered_set,5793,596
unordered_set,5793,560
unordered_set,5793,610
unordered_set,5793,610
unordered_set,5793,584
unordered_set,5793,732
unordered_set,5793,574
unordered_set,5793,608
unordered_set,5793,580
unordered_set,5793,578
unordered_set,5793,638
unordered_set,5793,784
unordered_set,5793,736
unordered_set,5793,578
unordered_set,5793,580
unordered_set,5793,582
unordered_set,5793,574
unordered_set,5793,586
unordered_set,5793,626
unordered_set,5793,788
unordered_set,5793,636
unordered_set,5793,622
unordered_set,5793,554
unordered_set,5793,616
unordered_set,5793,724
unordered_set,5793,580
unordered_set,5793,602
unordered_set,5793,582
unordered_set,5793,650
unordered_set,5793,632
unordered_set,5793,850
unordered_set,5793,640
unordered_set,5793,608
unordered_set,5793,660
unordered_set,5793,580
unordered_set,5793,834
unordered_set,5793,900
unordered_set,5793,596
unordered_set,5793,742
unordered_set,5793,600
unordered_set,5793,726
unordered_set,5793,644
unordered_set,5793,594
unordered_set,5793,640
unordered_set,5793,584
unordered_set,5793,584
unordered_set,5793,576
unordered_set,5793,628
unordered_set,5793,582
unordered_set,5793,582
unordered_set,5793,720
unordered_set,5793,732
unordered_set,5793,572
unordered_set,5793,578
unordered_set,5793,614
unordered_set,5793,732
unordered_set,5793,736
unordered_set,5793,726
unordered_set,5793,582
unordered_set,5793,792
unordered_set,5793,600
unordered_set,5793,582
unordered_set,5793,610
unordered_set,5793,582
unordered_set,5793,718
unordered_set,5793,576
unordered_set,5793,664
unordered_set,5793,598
unordered_set,5793,632
unordered_set,5793,576
unordered_set,5793,1710
unordered_set,5793,774
unordered_set,5793,578
unordered_set,5793,656
unordered_set,5793,628
unordered_set,5793,604
unordered_set,5793,606
unordered_set,5793,714
unordered_set,5793,726
unordered_set,5793,586
unordered_set,5793,776
set,5793,2548
set,5793,3882
set,5793,2890
set,5793,3832
set,5793,3248
set,5793,4098
set,5793,3774
set,5793,3058
set,5793,3698
set,5793,3286
set,5793,3268
set,5793,3306
set,5793,3252
set,5793,2872
set,5793,3384
set,5793,3272
set,5793,3194
set,5793,2974
set,5793,3688
set,5793,3354
set,5793,3026
set,5793,3478
set,5793,3388
set,5793,2796
set,5793,3232
set,5793,3476
set,5793,3274
set,5793,3484
set,5793,3022
set,5793,2942
set,5793,2760
set,5793,3248
set,5793,3138
set,5793,3098
set,5793,2860
set,5793,2452
set,5793,3162
set,5793,3620
set,5793,3202
set,5793,2934
set,5793,2530
set,5793,3766
set,5793,2854
set,5793,3104
set,5793,2890
set,5793,3052
set,5793,3166
set,5793,3200
set,5793,2942
set,5793,3292
set,5793,3840
set,5793,3122
set,5793,2832
set,5793,4080
set,5793,2992
set,5793,3656
set,5793,3350
set,5793,3640
set,5793,3894
set,5793,3100
set,5793,2748
set,5793,2874
set,5793,3646
set,5793,3172
set,5793,3494
set,5793,3914
set,5793,3192
set,5793,3426
set,5793,3118
set,5793,3732
set,5793,3080
set,5793,3664
set,5793,3750
set,5793,2850
set,5793,2820
set,5793,2842
set,5793,3152
set,5793,3816
set,5793,3320
set,5793,2854
set,5793,3556
set,5793,3106
set,5793,2718
set,5793,2970
set,5793,3524
set,5793,3174
set,5793,3322
set,5793,3564
set,5793,2466
set,5793,2856
set,5793,2794
set,5793,2900
set,5793,2864
set,5793,2744
set,5793,2396
set,5793,3568
set,5793,3502
set,5793,3082
set,5793,2950
set,5793,3426
set,5793,2868
list,5793,50952
list,5793,47758
list,5793,26848
list,5793,45894
list,5793,5960
list,5793,24400
list,5793,39724
list,5793,40276
list,5793,27052
list,5793,23854
list,5793,14486
list,5793,30044
list,5793,10236
list,5793,21764
list,5793,11974
list,5793,19708
list,5793,1638
list,5793,12300
list,5793,3148
list,5793,50894
list,5793,9506
list,5793,38386
list,5793,26772
list,5793,41250
list,5793,16702
list,5793,29824
list,5793,41080
list,5793,30406
list,5793,16902
list,5793,39868
list,5793,39258
list,5793,49402
list,5793,53090
list,5793,41160
list,5793,9438
list,5793,12516
list,5793,57580
list,5793,38608
list,5793,19798
list,5793,44128
list,5793,37480
list,5793,47578
list,5793,58796
list,5793,52770
list,5793,30938
list,5793,35442
list,5793,10954
list,5793,25028
list,5793,21226
list,5793,40842
list,5793,29220
list,5793,46598
list,5793,17852
list,5793,28896
list,5793,11316
list,5793,4726
list,5793,38348
list,5793,37662
list,5793,5440
list,5793,31890
list,5793,30844
list,5793,21670
list,5793,13644
list,5793,28904
list,5793,23934
list,5793,55670
list,5793,9216
list,5793,14284
list,5793,17004
list,5793,5744
list,5793,4792
list,5793,33330
list,5793,45832
list,5793,19552
list,5793,40030
list,5793,23358
list,5793,68720
list,5793,38792
list,5793,56942
list,5793,15280
list,5793,28712
list,5793,42958
list,5793,52968
list,5793,23232
list,5793,32210
list,5793,42398
list,5793,4658
list,5793,32102
list,5793,34242
list,5793,47084
list,5793,44054
list,5793,58092
list,5793,26658
list,5793,53242
list,5793,30142
list,5793,44600
list,5793,55580
list,5793,27418
list,5793,36572
list,5793,21818
list,5793,18946
vector,8192,3882
vector,8192,1414
vector,8192,9168
vector,8192,1044
vector,8192,5150
vector,8192,366
vector,8192,10446
vector,8192,10120
vector,8192,2714
vector,8192,10588
vector,8192,6888
vector,8192,3382
vector,8192,7018
vector,8192,6908
vector,8192,4672
vector,8192,5186
vector,8192,2382
vector,8192,9992
vector,8192,3476
vector,8192,9154
vector,8192,8770
vector,8192,11242
vector,8192,20304
vector,8192,14246
vector,8192,13098
vector,8192,2396
vector,8192,11986
vector,8192,2934
vector,8192,15508
vector,8192,12938
vector,8192,12874
vector,8192,7486
vector,8192,1976
vector,8192,2980
vector,8192,4512
vector,8192,2362
vector,8192,5808
vector,8192,5026
vector,8192,6004
vector,8192,814
vector,8192,910
vector,8192,8662
vector,8192,7022
vector,8192,9158
vector,8192,1392
vector,8192,7068
vector,8192,4112
vector,8192,9384
vector,8192,5130
vector,8192,6760
vector,8192,1412
vector,8192,1958
vector,8192,8968
vector,8192,4632
vector,8192,5404
vector,8192,986
vector,8192,2142
vector,8192,9158
vector,8192,2060
vector,8192,5832
vector,8192,7328
vector,8192,12392
vector,8192,5486
vector,8192,4350
vector,8192,8876
vector,8192,9060
vector,8192,8886
vector,8192,1202
vector,8192,994
vector,8192,3566
vector,8192,8468
vector,8192,8926
vector,8192,3982
vector,8192,860
vector,8192,6390
vector,8192,5206
vector,8192,1912
vector,8192,1066
vector,8192,6274
vector,8192,626
vector,8192,2528
vector,8192,4740
vector,8192,8012
vector,8192,3022
vector,8192,4362
vector,8192,9012
vector,8192,5656
vector,8192,1720
vector,8192,8946
vector,8192,11494
vector,8192,852
vector,8192,7820
vector,8192,5250
vector,8192,6334
vector,8192,1052
vector,8192,8848
vector,8192,796
vector,8192,3882
vector,8192,798
vector,8192,3780
vector,8192,4692
unordered_set,8192,562
unordered_set,8192,734
unordered_set,8192,606
unordered_set,8192,856
unordered_set,8192,602
unordered_set,8192,606
unordered_set,8192,740
unordered_set,8192,580
unordered_set,8192,724
unordered_set,8192,736
unordered_set,8192,578
unordered_set,8192,728
unordered_set,8192,788
unordered_set,8192,604
unordered_set,8192,578
unordered_set,8192,576
unordered_set,8192,584
unordered_set,8192,608
unordered_set,8192,738
unordered_set,8192,582
unordered_set,8192,608
unordered_set,8192,570
unordered_set,8192,572
unordered_set,8192,580
unordered_set,8192,590
unordered_set,8192,608
unordered_set,8192,576
unordered_set,8192,586
unordered_set,8192,734
unordered_set,8192,606
unordered_set,8192,576
unordered_set,8192,586
unordered_set,8192,582
unordered_set,8192,606
unordered_set,8192,582
unordered_set,8192,734
unordered_set,8192,778
unordered_set,8192,606
unordered_set,8192,748
unordered_set,8192,732
unordered_set,8192,582
unordered_set,8192,724
unordered_set,8192,582
unordered_set,8192,594
unordered_set,8192,582
unordered_set,8192,582
unordered_set,8192,604
unordered_set,8192,588
unordered_set,8192,658
unordered_set,8192,730
unordered_set,8192,564
unordered_set,8192,1646
unordered_set,8192,596
unordered_set,8192,586
unordered_set,8192,600
unordered_set,8192,722
unordered_set,8192,574
unordered_set,8192,794
unordered_set,8192,758
unordered_set,8192,590
unordered_set,8192,726
unordered_set,8192,582
unordered_set,8192,726
unordered_set,8192,580
unordered_set,8192,584
unordered_set,8192,786
unordered_set,8192,578
unordered_set,8192,590
unordered_set,8192,648
unordered_set,8192,576
unordered_set,8192,580
unordered_set,8192,592
unordered_set,8192,582
unordered_set,8192,588
unordered_set,8192,574
unordered_set,8192,594
unordered_set,8192,714
unordered_set,8192,604
unordered_set,8192,584
unordered_set,8192,630
unordered_set,8192,602
unordered_set,8192,780
unordered_set,8192,728
unordered_set,8192,586
unordered_set,8192,652
unordered_set,8192,580
unordered_set,8192,570
unordered_set,8192,632
unordered_set,8192,736
unordered_set,8192,724
unordered_set,8192,658
unordered_set,8192,778
unordered_set,8192,742
unordered_set,8192,586
unordered_set,8192,578
unordered_set,8192,662
unordered_set,8192,732
unordered_set,8192,606
unordered_set,8192,574
unordered_set,8192,722
unordered_set,8192,628
set,8192,2956
set,8192,3386
set,8192,3554
set,8192,3364
set,8192,3510
set,8192,3224
set,8192,3302
set,8192,3496
set,8192,3274
set,8192,3022
set,8192,3784
set,8192,3560
set,8192,3888
set,8192,3186
set,8192,3180
set,8192,3316
set,8192,3666
set,8192,3474
set,8192,3252
set,8192,3420
set,8192,3352
set,8192,3430
set,8192,3546
set,8192,3724
set,8192,3704
set,8192,3314
set,8192,3108
set,8192,3750
set,8192,3306
set,8192,3562
set,8192,3678
set,8192,3156
set,8192,3368
set,8192,3326
set,8192,3402
set,8192,3676
set,8192,3650
set,8192,3246
set,8192,3574
set,8192,3144
set,8192,3008
set,8192,2976
set,8192,3452
set,8192,2820
set,8192,3172
set,8192,2848
set,8192,3560
set,8192,3580
set,8192,3064
set,8192,3788
set,8192,3088
set,8192,2506
set,8192,3514
set,8192,3414
set,8192,3728
set,8192,3482
set,8192,3082
set,8192,3254
set,8192,3092
set,8192,3302
set,8192,3402
set,8192,3666
set,8192,3376
set,8192,2868
set,8192,3470
set,8192,3452
set,8192,3296
set,8192,3144
set,8192,3598
set,8192,3308
set,8192,3352
set,8192,3936
set,8192,3668
set,8192,3398
set,8192,3392
set,8192,3044
set,8192,3270
set,8192,3228
set,8192,3592
set,8192,3390
set,8192,3532
set,8192,2442
set,8192,3900
set,8192,3242
set,8192,3576
set,8192,2940
set,8192,3230
set,8192,3270
set,8192,3126
set,8192,3378
set,8192,4822
set,8192,3348
set,8192,3230
set,8192,3678
set,8192,3506
set,8192,3334
set,8192,3098
set,8192,3330
set,8192,3302
set,8192,3760
set,8192,3220
list,8192,44560
list,8192,33276
list,8192,28464
list,8192,23712
list,8192,43578
list,8192,2150
list,8192,34094
list,8192,41400
list,8192,58272
list,8192,81292
list,8192,38978
list,8192,73836
list,8192,15938
list,8192,61834
list,8192,15874
list,8192,50456
list,8192,45072
list,8192,72366
list,8192,47176
list,8192,61406
list,8192,55148
list,8192,26442
list,8192,49986
list,8192,61366
list,8192,51636
list,8192,27094
list,8192,49280
list,8192,37180
list,8192,28954
list,8192,12352
list,8192,40906
list,8192,56462
list,8192,45560
list,8192,55332
list,8192,66772
list,8192,41988
list,8192,17350
list,8192,67966
list,8192,46704
list,8192,37866
list,8192,9600
list,8192,64164
list,8192,49122
list,8192,57474
list,8192,76540
list,8192,78634
list,8192,70804
list,8192,48590
list,8192,26558
list,8192,49202
list,8192,62454
list,8192,76628
list,8192,45542
list,8192,41764
list,8192,64200
list,8192,79478
list,8192,20080
list,8192,54726
list,8192,76624
list,8192,58330
list,8192,35430
list,8192,50922
list,8192,38182
list,8192,38442
list,8192,70960
list,8192,75024
list,8192,60754
list,8192,72134
list,8192,75622
list,8192,74688
list,8192,38558
list,8192,61234
list,8192,2364
list,8192,79956
list,8192,16006
list,8192,77172
list,8192,26136
list,8192,46274
list,8192,45482
list,8192,24266
list,8192,49294
list,8192,45662
list,8192,79734
list,8192,10220
list,8192,15562
list,8192,39278
list,8192,14996
list,8192,23876
list,8192,13790
list,8192,16990
list,8192,34394
list,8192,70316
list,8192,46832
list,8192,12802
list,8192,32934
list,8192,32228
list,8192,8256
list,8192,73338
list,8192,42560
list,8192,48566
list,8192,3786
vector,11585,5094
vector,11585,10660
vector,11585,5024
vector,11585,5848
vector,11585,12206
vector,11585,4128
vector,11585,12770
vector,11585,10396
vector,11585,4224
vector,11585,8476
vector,11585,11040
vector,11585,4958
vector,11585,904
vector,11585,11694
vector,11585,830
vector,11585,6224
vector,11585,1910
vector,11585,5040
vector,11585,3348
vector,11585,2794
vector,11585,8190
vector,11585,12834
vector,11585,8002
vector,11585,6372
vector,11585,6020
vector,11585,9330
vector,11585,920
vector,11585,5702
vector,11585,11758
vector,11585,5640
vector,11585,5626
vector,11585,1832
vector,11585,6432
vector,11585,1894
vector,11585,9662
vector,11585,14298
vector,11585,4552
vector,11585,4120
vector,11585,7778
vector,11585,564
vector,11585,5408
vector,11585,7500
vector,11585,12006
vector,11585,6856
vector,11585,12290
vector,11585,7948
vector,11585,7610
vector,11585,3054
vector,11585,2002
vector,11585,7016
vector,11585,688
vector,11585,6704
vector,11585,11126
vector,11585,4504
vector,11585,4104
vector,11585,11930
vector,11585,1700
vector,11585,12232
vector,11585,966
vector,11585,2034
vector,11585,1066
vector,11585,11506
vector,11585,1142
vector,11585,10334
vector,11585,3098
vector,11585,1254
vector,11585,9940
vector,11585,12846
vector,11585,3446
vector,11585,3196
vector,11585,2244
vector,11585,1154
vector,11585,3370
vector,11585,2728
vector,11585,7904
vector,11585,3084
vector,11585,3524
vector,11585,9742
vector,11585,5376
vector,11585,3136
vector,11585,8262
vector,11585,3474
vector,11585,11170
vector,11585,2146
vector,11585,11856
vector,11585,5584
vector,11585,1388
vector,11585,3434
vector,11585,10486
vector,11585,13118
vector,11585,6786
vector,11585,1828
vector,11585,590
vector,11585,3300
vector,11585,5172
vector,11585,1400
vector,11585,5596
vector,11585,7670
vector,11585,3314
vector,11585,5122
vector,11585,3402
unordered_set,11585,1696
unordered_set,11585,594
unordered_set,11585,798
unordered_set,11585,656
unordered_set,11585,564
unordered_set,11585,660
unordered_set,11585,674
unordered_set,11585,660
unordered_set,11585,592
unordered_set,11585,572
unordered_set,11585,942
unordered_set,11585,806
unordered_set,11585,752
unordered_set,11585,746
unordered_set,11585,724
unordered_set,11585,602
unordered_set,11585,622
unordered_set,11585,608
unordered_set,11585,588
unordered_set,11585,568
unordered_set,11585,578
unordered_set,11585,608
unordered_set,11585,606
unordered_set,11585,632
unordered_set,11585,618
unordered_set,11585,584
unordered_set,11585,560
unordered_set,11585,612
unordered_set,11585,594
unordered_set,11585,748
unordered_set,11585,644
unordered_set,11585,714
unordered_set,11585,658
unordered_set,11585,1514
unordered_set,11585,604
unordered_set,11585,762
unordered_set,11585,598
unordered_set,11585,598
unordered_set,11585,616
unordered_set,11585,856
unordered_set,11585,602
unordered_set,11585,658
unordered_set,11585,648
unordered_set,11585,600
unordered_set,11585,800
unordered_set,11585,582
unordered_set,11585,574
unordered_set,11585,730
unordered_set,11585,580
unordered_set,11585,732
unordered_set,11585,638
unordered_set,11585,718
unordered_set,11585,584
unordered_set,11585,734
unordered_set,11585,796
unordered_set,11585,582
unordered_set,11585,580
unordered_set,11585,580
unordered_set,11585,782
unordered_set,11585,632
unordered_set,11585,568
unordered_set,11585,580
unordered_set,11585,598
unordered_set,11585,716
unordered_set,11585,586
unordered_set,11585,598
unordered_set,11585,738
unordered_set,11585,572
unordered_set,11585,724
unordered_set,11585,572
unordered_set,11585,724
unordered_set,11585,596
unordered_set,11585,788
unordered_set,11585,728
unordered_set,11585,584
unordered_set,11585,1128
unordered_set,11585,784
unordered_set,11585,584
unordered_set,11585,580
unordered_set,11585,600
unordered_set,11585,574
unordered_set,11585,576
unordered_set,11585,572
unordered_set,11585,732
unordered_set,11585,582
unordered_set,11585,732
unordered_set,11585,784
unordered_set,11585,638
unordered_set,11585,578
unordered_set,11585,580
unordered_set,11585,590
unordered_set,11585,582
unordered_set,11585,724
unordered_set,11585,584
unordered_set,11585,724
unordered_set,11585,572
unordered_set,11585,716
unordered_set,11585,1142
unordered_set,11585,582
unordered_set,11585,608
unordered_set,11585,604
set,11585,3198
set,11585,3530
set,11585,3116
set,11585,2998
set,11585,3628
set,11585,2868
set,11585,3626
set,11585,2982
set,11585,3266
set,11585,3662
set,11585,3316
set,11585,3718
set,11585,2908
set,11585,2878
set,11585,3194
set,11585,3864
set,11585,3822
set,11585,3362
set,11585,3220
set,11585,3118
set,11585,3520
set,11585,3218
set,11585,3228
set,11585,3674
set,11585,3136
set,11585,3164
set,11585,2962
set,11585,3580
set,11585,3306
set,11585,3484
set,11585,3924
set,11585,3912
set,11585,2938
set,11585,2780
set,11585,3100
set,11585,3162
set,11585,3450
set,11585,3190
set,11585,3478
set,11585,3802
set,11585,2942
set,11585,4048
set,11585,2852
set,11585,3092
set,11585,3192
set,11585,2940
set,11585,2798
set,11585,3236
set,11585,3662
set,11585,3434
set,11585,3234
set,11585,3360
set,11585,3216
set,11585,3372
set,11585,3772
set,11585,3346
set,11585,3266
set,11585,3364
set,11585,2912
set,11585,3072
set,11585,3272
set,11585,3594
set,11585,3128
set,11585,3028
set,11585,3422
set,11585,3542
set,11585,3650
set,11585,2954
set,11585,4184
set,11585,3204
set,11585,3362
set,11585,2914
set,11585,3160
set,11585,3684
set,11585,3230
set,11585,3170
set,11585,3174
set,11585,3436
set,11585,2692
set,11585,2896
set,11585,3120
set,11585,3320
set,11585,2794
set,11585,3494
set,11585,3764
set,11585,3092
set,11585,2976
set,11585,3118
set,11585,3448
set,11585,3734
set,11585,5444
set,11585,7068
set,11585,4772
set,11585,4350
set,11585,3646
set,11585,5426
set,11585,4400
set,11585,3778
set,11585,5384
set,11585,4174
set,11585,5058
list,11585,225748
list,11585,224014
list,11585,332370
list,11585,69122
list,11585,165958
list,11585,195512
list,11585,127180
list,11585,124362
list,11585,143554
list,11585,56370
list,11585,41520
list,11585,21062
list,11585,21666
list,11585,104800
list,11585,37852
list,11585,65422
list,11585,19830
list,11585,24694
list,11585,68838
list,11585,87176
list,11585,83830
list,11585,96352
list,11585,63660
list,11585,73644
list,11585,123976
list,11585,56988
list,11585,120548
list,11585,75226
list,11585,9534
list,11585,90404
list,11585,122702
list,11585,27394
list,11585,7940
list,11585,53052
list,11585,101238
list,11585,77530
list,11585,88042
list,11585,116106
list,11585,95560
list,11585,92860
list,11585,99110
list,11585,107126
list,11585,111070
list,11585,94368
list,11585,105628
list,11585,33412
list,11585,98774
list,11585,32786
list,11585,77606
list,11585,95436
list,11585,110552
list,11585,82984
list,11585,27968
list,11585,54298
list,11585,50560
list,11585,133750
list,11585,104392
list,11585,66094
list,11585,20880
list,11585,112862
list,11585,97592
list,11585,100400
list,11585,66848
list,11585,31444
list,11585,19004
list,11585,64852
list,11585,106898
list,11585,7592
list,11585,38564
list,11585,38156
list,11585,8762
list,11585,78968
list,11585,95328
list,11585,32276
list,11585,44090
list,11585,55128
list,11585,95372
list,11585,40172
list,11585,55972
list,11585,16764
list,11585,28282
list,11585,16872
list,11585,89616
list,11585,88740
list,11585,107956
list,11585,37098
list,11585,68434
list,11585,57552
list,11585,44136
list,11585,33892
list,11585,55124
list,11585,62940
list,11585,17244
list,11585,86924
list,11585,41074
list,11585,73604
list,11585,69986
list,11585,45968
list,11585,84856
list,11585,106036
list,11585,86798
vector,16384,8824
vector,16384,23848
vector,16384,23092
vector,16384,13492
vector,16384,1510
vector,16384,5272
vector,16384,7350
vector,16384,1308
vector,16384,15180
vector,16384,8500
vector,16384,13508
vector,16384,648
vector,16384,19460
vector,16384,15148
vector,16384,8542
vector,16384,13082
vector,16384,1010
vector,16384,3052
vector,16384,16384
vector,16384,6466
vector,16384,16128
vector,16384,4672
vector,16384,15374
vector,16384,24430
vector,16384,17280
vector,16384,8244
vector,16384,7796
vector,16384,4622
vector,16384,12030
vector,16384,16282
vector,16384,18852
vector,16384,15194
vector,16384,15002
vector,16384,22758
vector,16384,9548
vector,16384,33840
vector,16384,1388
vector,16384,1408
vector,16384,17962
vector,16384,21196
vector,16384,10850
vector,16384,19430
vector,16384,23368
vector,16384,2792
vector,16384,21990
vector,16384,13274
vector,16384,19634
vector,16384,23568
vector,16384,31004
vector,16384,7768
vector,16384,31950
vector,16384,25750
vector,16384,14212
vector,16384,13974
vector,16384,13478
vector,16384,4994
vector,16384,8150
vector,16384,14992
vector,16384,8350
vector,16384,11512
vector,16384,17458
vector,16384,5622
vector,16384,12690
vector,16384,13250
vector,16384,1164
vector,16384,7116
vector,16384,392
vector,16384,2378
vector,16384,18990
vector,16384,11148
vector,16384,9868
vector,16384,9412
vector,16384,20676
vector,16384,7356
vector,16384,4316
vector,16384,7188
vector,16384,17954
vector,16384,20036
vector,16384,22000
vector,16384,13932
vector,16384,8864
vector,16384,20378
vector,16384,1824
vector,16384,14340
vector,16384,7472
vector,16384,10808
vector,16384,2088
vector,16384,6556
vector,16384,14248
vector,16384,17692
vector,16384,7564
vector,16384,15664
vector,16384,6592
vector,16384,17042
vector,16384,8300
vector,16384,9688
vector,16384,5336
vector,16384,8514
vector,16384,2074
vector,16384,12764
vector,16384,17970
unordered_set,16384,736
unordered_set,16384,662
unordered_set,16384,754
unordered_set,16384,726
unordered_set,16384,602
unordered_set,16384,586
unordered_set,16384,606
unordered_set,16384,984
unordered_set,16384,610
unordered_set,16384,778
unordered_set,16384,602
unordered_set,16384,740
unordered_set,16384,666
unordered_set,16384,646
unordered_set,16384,756
unordered_set,16384,608
unordered_set,16384,606
unordered_set,16384,764
unordered_set,16384,826
unordered_set,16384,586
unordered_set,16384,1656
unordered_set,16384,586
unordered_set,16384,580
unordered_set,16384,590
unordered_set,16384,726
unordered_set,16384,728
unordered_set,16384,640
unordered_set,16384,798
unordered_set,16384,1158
unordered_set,16384,660
unordered_set,16384,1334
unordered_set,16384,586
unordered_set,16384,636
unordered_set,16384,594
unordered_set,16384,588
unordered_set,16384,608
unordered_set,16384,622
unordered_set,16384,596
unordered_set,16384,950
unordered_set,16384,754
unordered_set,16384,760
unordered_set,16384,842
unordered_set,16384,738
unordered_set,16384,588
unordered_set,16384,608
unordered_set,16384,760
unordered_set,16384,606
unordered_set,16384,612
unordered_set,16384,746
unordered_set,16384,586
unordered_set,16384,742
unordered_set,16384,728
unordered_set,16384,744
unordered_set,16384,598
unordered_set,16384,736
unordered_set,16384,644
unordered_set,16384,754
unordered_set,16384,576
unordered_set,16384,608
unordered_set,16384,798
unordered_set,16384,740
unordered_set,16384,594
unordered_set,16384,640
unordered_set,16384,752
unordered_set,16384,746
unordered_set,16384,654
unordered_set,16384,764
unordered_set,16384,592
unordered_set,16384,660
unordered_set,16384,728
unordered_set,16384,746
unordered_set,16384,1090
unordered_set,16384,588
unordered_set,16384,608
unordered_set,16384,604
unordered_set,16384,632
unordered_set,16384,576
unordered_set,16384,738
unordered_set,16384,572
unordered_set,16384,730
unordered_set,16384,598
unordered_set,16384,586
unordered_set,16384,592
unordered_set,16384,740
unordered_set,16384,608
unordered_set,16384,610
unordered_set,16384,584
unordered_set,16384,594
unordered_set,16384,1018
unordered_set,16384,738
unordered_set,16384,740
unordered_set,16384,612
unordered_set,16384,748
unordered_set,16384,588
unordered_set,16384,770
unordered_set,16384,608
unordered_set,16384,608
unordered_set,16384,818
unordered_set,16384,912
unordered_set,16384,610
unordered_set,16384,584
set,16384,4814
set,16384,3622
set,16384,3698
set,16384,3646
set,16384,3580
set,16384,3078
set,16384,3332
set,16384,3612
set,16384,4010
set,16384,3740
set,16384,3682
set,16384,3376
set,16384,3266
set,16384,3836
set,16384,3492
set,16384,3346
set,16384,3464
set,16384,3080
set,16384,3550
set,16384,3734
set,16384,3426
set,16384,3524
set,16384,3690
set,16384,3534
set,16384,3448
set,16384,3914
set,16384,3002
set,16384,3340
set,16384,3686
set,16384,3822
set,16384,3454
set,16384,3460
set,16384,3472
set,16384,4032
set,16384,4200
set,16384,3656
set,16384,3512
set,16384,3560
set,16384,3668
set,16384,3924
set,16384,3942
set,16384,3404
set,16384,3350
set,16384,3364
set,16384,3648
set,16384,3406
set,16384,3814
set,16384,4058
set,16384,3694
set,16384,3140
set,16384,3926
set,16384,3578
set,16384,3964
set,16384,4030
set,16384,3456
set,16384,3696
set,16384,3578
set,16384,3600
set,16384,3244
set,16384,4712
set,16384,3416
set,16384,3942
set,16384,3940
set,16384,3956
set,16384,3310
set,16384,3604
set,16384,3056
set,16384,3446
set,16384,3728
set,16384,3400
set,16384,3556
set,16384,3920
set,16384,3720
set,16384,3306
set,16384,3662
set,16384,3414
set,16384,4468
set,16384,3176
set,16384,3490
set,16384,3974
set,16384,3642
set,16384,3750
set,16384,3996
set,16384,3472
set,16384,3708
set,16384,3732
set,16384,3794
set,16384,4212
set,16384,3656
set,16384,3600
set,16384,3326
set,16384,3456
set,16384,3136
set,16384,3572
set,16384,3592
set,16384,3798
set,16384,4084
set,16384,3928
set,16384,3688
set,16384,3812
set,16384,3234
list,16384,126260
list,16384,132450
list,16384,23368
list,16384,126764
list,16384,35500
list,16384,167470
list,16384,94486
list,16384,150112
list,16384,52790
list,16384,113958
list,16384,54202
list,16384,129102
list,16384,64194
list,16384,70310
list,16384,84110
list,16384,69364
list,16384,38800
list,16384,135774
list,16384,51270
list,16384,122890
list,16384,130544
list,16384,89268
list,16384,127638
list,16384,49804
list,16384,24840
list,16384,42430
list,16384,113430
list,16384,140542
list,16384,51888
list,16384,115560
list,16384,130708
list,16384,4268
list,16384,154636
list,16384,38832
list,16384,152524
list,16384,144768
list,16384,136620
list,16384,122186
list,16384,23676
list,16384,21380
list,16384,25554
list,16384,148964
list,16384,139792
list,16384,45522
list,16384,11476
list,16384,129118
list,16384,154010
list,16384,120698
list,16384,21146
list,16384,11204
list,16384,132456
list,16384,10084
list,16384,72312
list,16384,38780
list,16384,95264
list,16384,113010
list,16384,109662
list,16384,111662
list,16384,69960
list,16384,103500
list,16384,22648
list,16384,30314
list,16384,11406
list,16384,131994
list,16384,158262
list,16384,145050
list,16384,37872
list,16384,144012
list,16384,48612
list,16384,156956
list,16384,26156
list,16384,122312
list,16384,131742
list,16384,39202
list,16384,39244
list,16384,19106
list,16384,103006
list,16384,118326
list,16384,143954
list,16384,113394
list,16384,65346
list,16384,91474
list,16384,25936
list,16384,119318
list,16384,31748
list,16384,130366
list,16384,156922
list,16384,98638
list,16384,139804
list,16384,5870
list,16384,138264
list,16384,129902
list,16384,94888
list,16384,129386
list,16384,34766
list,16384,20142
list,16384,92006
list,16384,153686
list,16384,25158
list,16384,93786
list,16384,143730
vector,23170,20792
vector,23170,11440
vector,23170,25014
vector,23170,20308
vector,23170,10174
vector,23170,3506
vector,23170,7102
vector,23170,19894
vector,23170,19776
vector,23170,11546
vector,23170,22204
vector,23170,11972
vector,23170,12446
vector,23170,23176
vector,23170,16374
vector,23170,9258
vector,23170,12332
vector,23170,8196
vector,23170,25244
vector,23170,18886
vector,23170,8152
vector,23170,17834
vector,23170,1730
vector,23170,5802
vector,23170,15426
vector,23170,3544
vector,23170,7416
vector,23170,14660
vector,23170,8084
vector,23170,10296
vector,23170,1622
vector,23170,10218
vector,23170,13350
vector,23170,6550
vector,23170,14426
vector,23170,13162
vector,23170,11496
vector,23170,14236
vector,23170,21026
vector,23170,3832
vector,23170,7416
vector,23170,18294
vector,23170,10802
vector,23170,16182
vector,23170,8744
vector,23170,12436
vector,23170,10406
vector,23170,13996
vector,23170,18540
vector,23170,15840
vector,23170,7520
vector,23170,8800
vector,23170,13668
vector,23170,16290
vector,23170,24376
vector,23170,19830
vector,23170,6984
vector,23170,8976
vector,23170,17300
vector,23170,11020
vector,23170,21270
vector,23170,24632
vector,23170,24100
vector,23170,7882
vector,23170,24998
vector,23170,8686
vector,23170,23284
vector,23170,9728
vector,23170,7616
vector,23170,3692
vector,23170,26140
vector,23170,14566
vector,23170,16694
vector,23170,24660
vector,23170,25426
vector,23170,22308
vector,23170,10946
vector,23170,14136
vector,23170,2440
vector,23170,8534
vector,23170,4240
vector,23170,17442
vector,23170,17304
vector,23170,10130
vector,23170,8844
vector,23170,8678
vector,23170,9258
vector,23170,25890
vector,23170,5980
vector,23170,14712
vector,23170,12636
vector,23170,12184
vector,23170,3410
vector,23170,820
vector,23170,10386
vector,23170,21104
vector,23170,21392
vector,23170,14674
vector,23170,15156
vector,23170,9124
vector,23170,17874
unordered_set,23170,792
unordered_set,23170,616
unordered_set,23170,762
unordered_set,23170,748
unordered_set,23170,598
unordered_set,23170,750
unordered_set,23170,592
unordered_set,23170,752
unordered_set,23170,754
unordered_set,23170,622
unordered_set,23170,604
unordered_set,23170,754
unordered_set,23170,608
unordered_set,23170,754
unordered_set,23170,754
unordered_set,23170,600
unordered_set,23170,752
unordered_set,23170,614
unordered_set,23170,758
unordered_set,23170,658
unordered_set,23170,618
unordered_set,23170,808
unordered_set,23170,604
unordered_set,23170,608
unordered_set,23170,600
unordered_set,23170,606
unordered_set,23170,608
unordered_set,23170,806
unordered_set,23170,742
unordered_set,23170,610
unordered_set,23170,602
unordered_set,23170,968
unordered_set,23170,588
unordered_set,23170,732
unordered_set,23170,578
unordered_set,23170,602
unordered_set,23170,602
unordered_set,23170,756
unordered_set,23170,612
unordered_set,23170,750
unordered_set,23170,668
unordered_set,23170,1028
unordered_set,23170,660
unordered_set,23170,756
unordered_set,23170,752
unordered_set,23170,672
unordered_set,23170,924
unordered_set,23170,606
unordered_set,23170,836
unordered_set,23170,892
unordered_set,23170,594
unordered_set,23170,882
unordered_set,23170,754
unordered_set,23170,750
unordered_set,23170,770
unordered_set,23170,752
unordered_set,23170,1848
unordered_set,23170,614
unordered_set,23170,786
unordered_set,23170,838
unordered_set,23170,690
unordered_set,23170,614
unordered_set,23170,604
unordered_set,23170,604
unordered_set,23170,746
unordered_set,23170,646
unordered_set,23170,612
unordered_set,23170,768
unordered_set,23170,608
unordered_set,23170,760
unordered_set,23170,602
unordered_set,23170,784
unordered_set,23170,816
unordered_set,23170,764
unordered_set,23170,608
unordered_set,23170,762
unordered_set,23170,758
unordered_set,23170,610
unordered_set,23170,680
unordered_set,23170,760
unordered_set,23170,610
unordered_set,23170,606
unordered_set,23170,862
unordered_set,23170,630
unordered_set,23170,764
unordered_set,23170,664
unordered_set,23170,602
unordered_set,23170,754
unordered_set,23170,600
unordered_set,23170,758
unordered_set,23170,754
unordered_set,23170,760
unordered_set,23170,808
unordered_set,23170,764
unordered_set,23170,760
unordered_set,23170,630
unordered_set,23170,622
unordered_set,23170,760
unordered_set,23170,610
unordered_set,23170,740
unordered_set,23170,1126
set,23170,5260
set,23170,3480
set,23170,3866
set,23170,3100
set,23170,3192
set,23170,3510
set,23170,4592
set,23170,4756
set,23170,4110
set,23170,4308
set,23170,3342
set,23170,3556
set,23170,3702
set,23170,3884
set,23170,3394
set,23170,3526
set,23170,3222
set,23170,3730
set,23170,3454
set,23170,3376
set,23170,3412
set,23170,3572
set,23170,3660
set,23170,3454
set,23170,4274
set,23170,3722
set,23170,4884
set,23170,4160
set,23170,3796
set,23170,3336
set,23170,3692
set,23170,3444
set,23170,3044
set,23170,3266
set,23170,4022
set,23170,3708
set,23170,3334
set,23170,3594
set,23170,3720
set,23170,3322
set,23170,3196
set,23170,3110
set,23170,3380
set,23170,3706
set,23170,3372
set,23170,3692
set,23170,3684
set,23170,3754
set,23170,3234
set,23170,4042
set,23170,3428
set,23170,3540
set,23170,3482
set,23170,3904
set,23170,3652
set,23170,3636
set,23170,4092
set,23170,3080
set,23170,3716
set,23170,3506
set,23170,3674
set,23170,4180
set,23170,3650
set,23170,3798
set,23170,3468
set,23170,2898
set,23170,3624
set,23170,3528
set,23170,3324
set,23170,3848
set,23170,3924
set,23170,3430
set,23170,3800
set,23170,3526
set,23170,3086
set,23170,4058
set,23170,3676
set,23170,3806
set,23170,3656
set,23170,3642
set,23170,3178
set,23170,3916
set,23170,2970
set,23170,3692
set,23170,3232
set,23170,3240
set,23170,3956
set,23170,3862
set,23170,3484
set,23170,3482
set,23170,3384
set,23170,3648
set,23170,3562
set,23170,3738
set,23170,3898
set,23170,3382
set,23170,3412
set,23170,2946
set,23170,3850
set,23170,3320
set,23170,3408
list,23170,230392
list,23170,39816
list,23170,61590
list,23170,39430
list,23170,71766
list,23170,182376
list,23170,191714
list,23170,52966
list,23170,79894
list,23170,98736
list,23170,74504
list,23170,223528
list,23170,86632
list,23170,198246
list,23170,181152
list,23170,112480
list,23170,96176
list,23170,45320
list,23170,29908
list,23170,31308
list,23170,128842
list,23170,42178
list,23170,78616
list,23170,144026
list,23170,115730
list,23170,168006
list,23170,36556
list,23170,52272
list,23170,10650
list,23170,182526
list,23170,164282
list,23170,30056
list,23170,123824
list,23170,130738
list,23170,37508
list,23170,196092
list,23170,132492
list,23170,7120
list,23170,143912
list,23170,145616
list,23170,153596
list,23170,82604
list,23170,127274
list,23170,141854
list,23170,28860
list,23170,151822
list,23170,39290
list,23170,124190
list,23170,119274
list,23170,174052
list,23170,146978
list,23170,197674
list,23170,191286
list,23170,122932
list,23170,112366
list,23170,83330
list,23170,156832
list,23170,130772
list,23170,98946
list,23170,140658
list,23170,115266
list,23170,81400
list,23170,74452
list,23170,114956
list,23170,306392
list,23170,173504
list,23170,79682
list,23170,289466
list,23170,25548
list,23170,33260
list,23170,115884
list,23170,40676
list,23170,106234
list,23170,199810
list,23170,215214
list,23170,67364
list,23170,78344
list,23170,180072
list,23170,96304
list,23170,80460
list,23170,9614
list,23170,147848
list,23170,128524
list,23170,214346
list,23170,136268
list,23170,196036
list,23170,97466
list,23170,21054
list,23170,97492
list,23170,94894
list,23170,175954
list,23170,107842
list,23170,166832
list,23170,204480
list,23170,23162
list,23170,121854
list,23170,7260
list,23170,109948
list,23170,1274
list,23170,198696
list,23170,203064
vector,32768,15526
vector,32768,31322
vector,32768,34052
vector,32768,5050
vector,32768,30950
vector,32768,21892
vector,32768,14822
vector,32768,8606
vector,32768,17130
vector,32768,24822
vector,32768,31630
vector,32768,10622
vector,32768,13664
vector,32768,5050
vector,32768,15074
vector,32768,12604
vector,32768,34676
vector,32768,4674
vector,32768,2720
vector,32768,22432
vector,32768,18780
vector,32768,13532
vector,32768,30920
vector,32768,44116
vector,32768,20212
vector,32768,3612
vector,32768,21764
vector,32768,25668
vector,32768,11304
vector,32768,1672
vector,32768,25802
vector,32768,1376
vector,32768,30986
vector,32768,728
vector,32768,34532
vector,32768,27834
vector,32768,28852
vector,32768,9154
vector,32768,30524
vector,32768,12760
vector,32768,32994
vector,32768,31872
vector,32768,1782
vector,32768,22818
vector,32768,30838
vector,32768,704
vector,32768,23042
vector,32768,13126
vector,32768,13474
vector,32768,11518
vector,32768,13762
vector,32768,13470
vector,32768,7336
vector,32768,10850
vector,32768,11678
vector,32768,34778
vector,32768,1852
vector,32768,28444
vector,32768,13848
vector,32768,30378
vector,32768,34566
vector,32768,22660
vector,32768,13768
vector,32768,31060
vector,32768,9166
vector,32768,24960
vector,32768,3916
vector,32768,4980
vector,32768,22540
vector,32768,8886
vector,32768,11890
vector,32768,25236
vector,32768,25252
vector,32768,22926
vector,32768,19060
vector,32768,28186
vector,32768,4454
vector,32768,9522
vector,32768,23592
vector,32768,8734
vector,32768,5002
vector,32768,17460
vector,32768,20536
vector,32768,21466
vector,32768,31128
vector,32768,27390
vector,32768,20374
vector,32768,29454
vector,32768,2210
vector,32768,7084
vector,32768,12104
vector,32768,33132
vector,32768,13170
vector,32768,19330
vector,32768,34092
vector,32768,20632
vector,32768,18132
vector,32768,32532
vector,32768,18792
vector,32768,898
vector,32768,6018
unordered_set,32768,702
unordered_set,32768,612
unordered_set,32768,770
unordered_set,32768,760
unordered_set,32768,662
unordered_set,32768,752
unordered_set,32768,608
unordered_set,32768,754
unordered_set,32768,616
unordered_set,32768,604
unordered_set,32768,990
unordered_set,32768,658
unordered_set,32768,604
unordered_set,32768,768
unordered_set,32768,606
unordered_set,32768,768
unordered_set,32768,746
unordered_set,32768,750
unordered_set,32768,608
unordered_set,32768,614
unordered_set,32768,758
unordered_set,32768,614
unordered_set,32768,768
unordered_set,32768,880
unordered_set,32768,610
unordered_set,32768,614
unordered_set,32768,610
unordered_set,32768,604
unordered_set,32768,940
unordered_set,32768,826
unordered_set,32768,754
unordered_set,32768,664
unordered_set,32768,770
unordered_set,32768,628
unordered_set,32768,666
unordered_set,32768,602
unordered_set,32768,618
unordered_set,32768,766
unordered_set,32768,622
unordered_set,32768,1284
unordered_set,32768,764
unordered_set,32768,600
unordered_set,32768,752
unordered_set,32768,1112
unordered_set,32768,606
unordered_set,32768,746
unordered_set,32768,740
unordered_set,32768,586
unordered_set,32768,746
unordered_set,32768,604
unordered_set,32768,608
unordered_set,32768,1028
unordered_set,32768,820
unordered_set,32768,1338
unordered_set,32768,666
unordered_set,32768,764
unordered_set,32768,756
unordered_set,32768,610
unordered_set,32768,598
unordered_set,32768,748
unordered_set,32768,742
unordered_set,32768,606
unordered_set,32768,668
unordered_set,32768,614
unordered_set,32768,612
unordered_set,32768,650
unordered_set,32768,802
unordered_set,32768,616
unordered_set,32768,800
unordered_set,32768,600
unordered_set,32768,750
unordered_set,32768,764
unordered_set,32768,966
unordered_set,32768,736
unordered_set,32768,624
unordered_set,32768,756
unordered_set,32768,752
unordered_set,32768,802
unordered_set,32768,784
unordered_set,32768,634
unordered_set,32768,638
unordered_set,32768,628
unordered_set,32768,648
unordered_set,32768,604
unordered_set,32768,642
unordered_set,32768,600
unordered_set,32768,596
unordered_set,32768,754
unordered_set,32768,752
unordered_set,32768,628
unordered_set,32768,814
unordered_set,32768,746
unordered_set,32768,654
unordered_set,32768,606
unordered_set,32768,678
unordered_set,32768,606
unordered_set,32768,612
unordered_set,32768,624
unordered_set,32768,654
unordered_set,32768,806
unordered_set,32768,810
set,32768,4684
set,32768,3314
set,32768,3714
set,32768,3674
set,32768,3948
set,32768,3404
set,32768,2970
set,32768,3662
set,32768,3980
set,32768,3820
set,32768,3628
set,32768,3572
set,32768,3230
set,32768,3472
set,32768,3984
set,32768,3952
set,32768,3860
set,32768,3776
set,32768,3454
set,32768,3264
set,32768,3218
set,32768,4350
set,32768,4120
set,32768,3514
set,32768,3754
set,32768,4126
set,32768,4470
set,32768,3730
set,32768,4118
set,32768,3724
set,32768,3806
set,32768,3938
set,32768,3534
set,32768,3420
set,32768,4308
set,32768,4008
set,32768,3778
set,32768,3494
set,32768,3170
set,32768,3798
set,32768,3720
set,32768,3772
set,32768,3772
set,32768,3320
set,32768,3990
set,32768,3470
set,32768,3562
set,32768,3994
set,32768,3370
set,32768,4044
set,32768,3718
set,32768,4144
set,32768,3188
set,32768,3884
set,32768,3604
set,32768,3666
set,32768,4074
set,32768,3836
set,32768,3420
set,32768,3790
set,32768,3428
set,32768,3648
set,32768,3668
set,32768,4524
set,32768,4040
set,32768,4596
set,32768,3586
set,32768,5780
set,32768,4382
set,32768,4040
set,32768,3486
set,32768,3778
set,32768,3948
set,32768,3858
set,32768,3706
set,32768,3632
set,32768,3908
set,32768,3484
set,32768,4200
set,32768,4506
set,32768,4372
set,32768,3688
set,32768,3902
set,32768,3500
set,32768,4094
set,32768,3708
set,32768,4522
set,32768,4016
set,32768,3824
set,32768,4082
set,32768,3824
set,32768,3722
set,32768,4676
set,32768,5314
set,32768,3378
set,32768,3472
set,32768,3970
set,32768,3792
set,32768,3554
set,32768,3756
set,32768,4558
list,32768,14224
list,32768,129324
list,32768,239388
list,32768,67210
list,32768,302280
list,32768,250634
list,32768,246190
list,32768,159494
list,32768,209278
list,32768,282366
list,32768,104788
list,32768,163030
list,32768,7768
list,32768,69540
list,32768,38030
list,32768,36010
list,32768,242114
list,32768,297586
list,32768,74730
list,32768,230100
list,32768,148848
list,32768,274088
list,32768,109476
list,32768,10272
list,32768,229450
list,32768,43360
list,32768,229048
list,32768,218758
list,32768,38382
list,32768,220942
list,32768,115562
list,32768,151744
list,32768,72292
list,32768,292472
list,32768,59218
list,32768,126634
list,32768,234506
list,32768,238620
list,32768,229656
list,32768,297036
list,32768,194570
list,32768,214202
list,32768,53566
list,32768,263450
list,32768,19914
list,32768,199024
list,32768,175132
list,32768,75678
list,32768,116324
list,32768,232848
list,32768,43666
list,32768,203630
list,32768,97104
list,32768,136024
list,32768,5308
list,32768,231494
list,32768,279104
list,32768,61280
list,32768,293304
list,32768,172358
list,32768,79940
list,32768,160656
list,32768,167604
list,32768,122632
list,32768,45986
list,32768,26644
list,32768,307490
list,32768,73284
list,32768,105060
list,32768,228086
list,32768,23920
list,32768,97562
list,32768,14030
list,32768,79898
list,32768,164564
list,32768,158220
list,32768,143910
list,32768,101280
list,32768,136544
list,32768,165924
list,32768,297500
list,32768,249906
list,32768,156234
list,32768,144874
list,32768,183824
list,32768,101882
list,32768,154746
list,32768,55804
list,32768,187454
list,32768,188420
list,32768,293660
list,32768,196942
list,32768,149978
list,32768,161338
list,32768,242560
list,32768,67846
list,32768,253256
list,32768,185352
list,32768,151412
list,32768,141938
list,32768,166250
vector,46341,40414
vector,46341,33846
vector,46341,20610
vector,46341,10650
vector,46341,15376
vector,46341,17528
vector,46341,25372
vector,46341,53616
vector,46341,19990
vector,46341,43952
vector,46341,13192
vector,46341,8308
vector,46341,12426
vector,46341,31568
vector,46341,42154
vector,46341,5546
vector,46341,19048
vector,46341,21640
vector,46341,40252
vector,46341,46238
vector,46341,5512
vector,46341,42352
vector,46341,22750
vector,46341,14154
vector,46341,6388
vector,46341,8508
vector,46341,29934
vector,46341,10168
vector,46341,10504
vector,46341,27414
vector,46341,29078
vector,46341,13172
vector,46341,22586
vector,46341,37534
vector,46341,9766
vector,46341,12394
vector,46341,27296
vector,46341,6162
vector,46341,37708
vector,46341,29052
vector,46341,29698
vector,46341,33600
vector,46341,9082
vector,46341,19778
vector,46341,3980
vector,46341,33250
vector,46341,38410
vector,46341,51708
vector,46341,28586
vector,46341,10826
vector,46341,48318
vector,46341,17794
vector,46341,46346
vector,46341,26390
vector,46341,20324
vector,46341,13628
vector,46341,23096
vector,46341,12044
vector,46341,5236
vector,46341,6220
vector,46341,47050
vector,46341,42592
vector,46341,7196
vector,46341,25868
vector,46341,16826
vector,46341,10016
vector,46341,1384
vector,46341,40168
vector,46341,27826
vector,46341,43986
vector,46341,5044
vector,46341,45208
vector,46341,45852
vector,46341,38948
vector,46341,35520
vector,46341,7562
vector,46341,42386
vector,46341,9766
vector,46341,45860
vector,46341,9432
vector,46341,38160
vector,46341,19460
vector,46341,10596
vector,46341,31694
vector,46341,25756
vector,46341,17244
vector,46341,29734
vector,46341,30370
vector,46341,8810
vector,46341,47506
vector,46341,9074
vector,46341,3292
vector,46341,31198
vector,46341,46448
vector,46341,31292
vector,46341,37862
vector,46341,39792
vector,46341,7680
vector,46341,19618
vector,46341,15260
vector,46341,17926
unordered_set,46341,582
unordered_set,46341,600
unordered_set,46341,612
unordered_set,46341,658
unordered_set,46341,604
unordered_set,46341,1586
unordered_set,46341,602
unordered_set,46341,756
unordered_set,46341,750
unordered_set,46341,752
unordered_set,46341,676
unordered_set,46341,596
unordered_set,46341,604
unordered_set,46341,600
unordered_set,46341,752
unordered_set,46341,604
unordered_set,46341,658
unordered_set,46341,744
unordered_set,46341,604
unordered_set,46341,750
unordered_set,46341,600
unordered_set,46341,792
unordered_set,46341,652
unordered_set,46341,612
unordered_set,46341,656
unordered_set,46341,608
unordered_set,46341,592
unordered_set,46341,604
unordered_set,46341,600
unordered_set,46341,606
unordered_set,46341,760
unordered_set,46341,750
unordered_set,46341,756
unordered_set,46341,750
unordered_set,46341,764
unordered_set,46341,602
unordered_set,46341,756
unordered_set,46341,744
unordered_set,46341,750
unordered_set,46341,748
unordered_set,46341,930
unordered_set,46341,658
unordered_set,46341,752
unordered_set,46341,750
unordered_set,46341,760
unordered_set,46341,746
unordered_set,46341,752
unordered_set,46341,598
unordered_set,46341,602
unordered_set,46341,750
unordered_set,46341,754
unordered_set,46341,744
unordered_set,46341,616
unordered_set,46341,1680
unordered_set,46341,760
unordered_set,46341,750
unordered_set,46341,746
unordered_set,46341,604
unordered_set,46341,748
unordered_set,46341,748
unordered_set,46341,654
unordered_set,46341,746
unordered_set,46341,742
unordered_set,46341,604
unordered_set,46341,608
unordered_set,46341,804
unordered_set,46341,754
unordered_set,46341,602
unordered_set,46341,802
unordered_set,46341,604
unordered_set,46341,748
unordered_set,46341,600
unordered_set,46341,750
unordered_set,46341,754
unordered_set,46341,610
unordered_set,46341,626
unordered_set,46341,658
unordered_set,46341,674
unordered_set,46341,746
unordered_set,46341,602
unordered_set,46341,608
unordered_set,46341,740
unordered_set,46341,620
unordered_set,46341,1704
unordered_set,46341,746
unordered_set,46341,606
unordered_set,46341,594
unordered_set,46341,608
unordered_set,46341,606
unordered_set,46341,610
unordered_set,46341,756
unordered_set,46341,742
unordered_set,46341,604
unordered_set,46341,656
unordered_set,46341,604
unordered_set,46341,928
unordered_set,46341,604
unordered_set,46341,604
unordered_set,46341,608
unordered_set,46341,606
unordered_set,46341,768
set,46341,4222
set,46341,3802
set,46341,3712
set,46341,3706
set,46341,4046
set,46341,4104
set,46341,3622
set,46341,3576
set,46341,3750
set,46341,3944
set,46341,3848
set,46341,3630
set,46341,3994
set,46341,3544
set,46341,3862
set,46341,4410
set,46341,3674
set,46341,4050
set,46341,4062
set,46341,4374
set,46341,3852
set,46341,3576
set,46341,3642
set,46341,3858
set,46341,4076
set,46341,3718
set,46341,3692
set,46341,3854
set,46341,3844
set,46341,3954
set,46341,3768
set,46341,3862
set,46341,5274
set,46341,4060
set,46341,4092
set,46341,4172
set,46341,4096
set,46341,3638
set,46341,3820
set,46341,3946
set,46341,3820
set,46341,3666
set,46341,3966
set,46341,3714
set,46341,4112
set,46341,4274
set,46341,4106
set,46341,4118
set,46341,4362
set,46341,4318
set,46341,4150
set,46341,4046
set,46341,4058
set,46341,3858
set,46341,4230
set,46341,4238
set,46341,3870
set,46341,3938
set,46341,4194
set,46341,3854
set,46341,3948
set,46341,3798
set,46341,3872
set,46341,4040
set,46341,4120
set,46341,3842
set,46341,3782
set,46341,3444
set,46341,4104
set,46341,3882
set,46341,4318
set,46341,3384
set,46341,4488
set,46341,3894
set,46341,4444
set,46341,4408
set,46341,4124
set,46341,4434
set,46341,3864
set,46341,4150
set,46341,3834
set,46341,4144
set,46341,4002
set,46341,4042
set,46341,3906
set,46341,3940
set,46341,3880
set,46341,4198
set,46341,3990
set,46341,3834
set,46341,5632
set,46341,4364
set,46341,3922
set,46341,3960
set,46341,3714
set,46341,3810
set,46341,3654
set,46341,3746
set,46341,4138
set,46341,3670
set,46341,3562
list,46341,224612
list,46341,121792
list,46341,32452
list,46341,204664
list,46341,368134
list,46341,237596
list,46341,251414
list,46341,374678
list,46341,69274
list,46341,327450
list,46341,405610
list,46341,235232
list,46341,417820
list,46341,68848
list,46341,243152
list,46341,84562
list,46341,294438
list,46341,167678
list,46341,6486
list,46341,269292
list,46341,392012
list,46341,264568
list,46341,350100
list,46341,51514
list,46341,375896
list,46341,25192
list,46341,203132
list,46341,145272
list,46341,38388
list,46341,158374
list,46341,178194
list,46341,266942
list,46341,91110
list,46341,71760
list,46341,317956
list,46341,360570
list,46341,372744
list,46341,259016
list,46341,52626
list,46341,196694
list,46341,246426
list,46341,329728
list,46341,404872
list,46341,279158
list,46341,140456
list,46341,266986
list,46341,38684
list,46341,379002
list,46341,340560
list,46341,195522
list,46341,426034
list,46341,321388
list,46341,65512
list,46341,19714
list,46341,261456
list,46341,303814
list,46341,228354
list,46341,86958
list,46341,220346
list,46341,286922
list,46341,266862
list,46341,646024
list,46341,155556
list,46341,212250
list,46341,119696
list,46341,183820
list,46341,216790
list,46341,424130
list,46341,305104
list,46341,111606
list,46341,254614
list,46341,93996
list,46341,297024
list,46341,342056
list,46341,279448
list,46341,127522
list,46341,220290
list,46341,169020
list,46341,365182
list,46341,186784
list,46341,172916
list,46341,305282
list,46341,340550
list,46341,20782
list,46341,380212
list,46341,32390
list,46341,50662
list,46341,243142
list,46341,184778
list,46341,298306
list,46341,22562
list,46341,240880
list,46341,421728
list,46341,206876
list,46341,283430
list,46341,446526
list,46341,181158
list,46341,181180
list,46341,195246
list,46341,445706
list,46341,174146
vector,65536,57572
vector,65536,20982
vector,65536,13782
vector,65536,50776
vector,65536,61296
vector,65536,36772
vector,65536,60312
vector,65536,53246
vector,65536,56970
vector,65536,62788
vector,65536,45904
vector,65536,21746
vector,65536,51644
vector,65536,43024
vector,65536,14850
vector,65536,46506
vector,65536,26486
vector,65536,54356
vector,65536,5606
vector,65536,46632
vector,65536,43092
vector,65536,16906
vector,65536,58658
vector,65536,61334
vector,65536,19788
vector,65536,33936
vector,65536,25210
vector,65536,23560
vector,65536,58888
vector,65536,22644
vector,65536,17998
vector,65536,67266
vector,65536,31638
vector,65536,5222
vector,65536,12648
vector,65536,21564
vector,65536,44660
vector,65536,55702
vector,65536,3020
vector,65536,9954
vector,65536,32846
vector,65536,25114
vector,65536,25914
vector,65536,16348
vector,65536,53948
vector,65536,13520
vector,65536,51702
vector,65536,33492
vector,65536,41316
vector,65536,39066
vector,65536,35488
vector,65536,4768
vector,65536,60110
vector,65536,24706
vector,65536,69622
vector,65536,24876
vector,65536,52128
vector,65536,57474
vector,65536,50730
vector,65536,2888
vector,65536,29064
vector,65536,65124
vector,65536,16584
vector,65536,35992
vector,65536,4938
vector,65536,47640
vector,65536,616
vector,65536,56322
vector,65536,1588
vector,65536,49442
vector,65536,54146
vector,65536,18024
vector,65536,21538
vector,65536,968
vector,65536,2676
vector,65536,25512
vector,65536,49412
vector,65536,36732
vector,65536,2374
vector,65536,22296
vector,65536,47498
vector,65536,64092
vector,65536,27788
vector,65536,87044
vector,65536,56180
vector,65536,3958
vector,65536,29146
vector,65536,19030
vector,65536,24840
vector,65536,22152
vector,65536,10298
vector,65536,28916
vector,65536,67692
vector,65536,15082
vector,65536,39662
vector,65536,47492
vector,65536,33846
vector,65536,1718
vector,65536,34652
vector,65536,45902
vector,65536,48042
unordered_set,65536,800
unordered_set,65536,948
unordered_set,65536,1674
unordered_set,65536,824
unordered_set,65536,666
unordered_set,65536,608
unordered_set,65536,750
unordered_set,65536,868
unordered_set,65536,810
unordered_set,65536,608
unordered_set,65536,608
unordered_set,65536,608
unordered_set,65536,606
unordered_set,65536,616
unordered_set,65536,612
unordered_set,65536,638
unordered_set,65536,602
unordered_set,65536,748
unordered_set,65536,750
unordered_set,65536,610
unordered_set,65536,756
unordered_set,65536,660
unordered_set,65536,922
unordered_set,65536,660
unordered_set,65536,812
unordered_set,65536,610
unordered_set,65536,600
unordered_set,65536,604
unordered_set,65536,752
unordered_set,65536,1576
unordered_set,65536,642
unordered_set,65536,606
unordered_set,65536,750
unordered_set,65536,612
unordered_set,65536,758
unordered_set,65536,766
unordered_set,65536,618
unordered_set,65536,606
unordered_set,65536,750
unordered_set,65536,682
unordered_set,65536,742
unordered_set,65536,606
unordered_set,65536,744
unordered_set,65536,660
unordered_set,65536,1962
unordered_set,65536,762
unordered_set,65536,744
unordered_set,65536,596
unordered_set,65536,630
unordered_set,65536,752
unordered_set,65536,874
unordered_set,65536,604
unordered_set,65536,754
unordered_set,65536,740
unordered_set,65536,748
unordered_set,65536,746
unordered_set,65536,600
unordered_set,65536,646
unordered_set,65536,602
unordered_set,65536,754
unordered_set,65536,654
unordered_set,65536,602
unordered_set,65536,746
unordered_set,65536,658
unordered_set,65536,738
unordered_set,65536,602
unordered_set,65536,604
unordered_set,65536,798
unordered_set,65536,798
unordered_set,65536,802
unordered_set,65536,752
unordered_set,65536,754
unordered_set,65536,750
unordered_set,65536,602
unordered_set,65536,600
unordered_set,65536,976
unordered_set,65536,744
unordered_set,65536,784
unordered_set,65536,602
unordered_set,65536,744
unordered_set,65536,630
unordered_set,65536,810
unordered_set,65536,742
unordered_set,65536,1136
unordered_set,65536,970
unordered_set,65536,752
unordered_set,65536,998
unordered_set,65536,806
unordered_set,65536,800
unordered_set,65536,748
unordered_set,65536,660
unordered_set,65536,592
unordered_set,65536,618
unordered_set,65536,758
unordered_set,65536,610
unordered_set,65536,1794
unordered_set,65536,610
unordered_set,65536,650
unordered_set,65536,608
unordered_set,65536,648
unordered_set,65536,748
set,65536,4084
set,65536,3624
set,65536,3846
set,65536,5264
set,65536,4216
set,65536,3986
set,65536,3384
set,65536,3966
set,65536,4480
set,65536,4568
set,65536,4068
set,65536,4182
set,65536,5688
set,65536,8538
set,65536,13322
set,65536,10140
set,65536,4632
set,65536,4284
set,65536,3776
set,65536,4174
set,65536,4274
set,65536,3752
set,65536,4796
set,65536,4302
set,65536,3662
set,65536,3568
set,65536,4342
set,65536,4328
set,65536,3558
set,65536,3582
set,65536,3454
set,65536,3764
set,65536,3984
set,65536,4486
set,65536,3816
set,65536,3970
set,65536,4194
set,65536,4702
set,65536,4024
set,65536,4164
set,65536,3778
set,65536,4226
set,65536,4414
set,65536,4408
set,65536,3592
set,65536,3742
set,65536,4020
set,65536,3994
set,65536,3804
set,65536,4158
set,65536,4144
set,65536,3258
set,65536,4046
set,65536,4210
set,65536,3578
set,65536,3716
set,65536,3454
set,65536,4308
set,65536,3952
set,65536,5772
set,65536,4054
set,65536,3892
set,65536,4734
set,65536,4372
set,65536,4470
set,65536,4156
set,65536,3652
set,65536,3716
set,65536,4378
set,65536,3910
set,65536,3504
set,65536,4376
set,65536,3634
set,65536,3920
set,65536,4322
set,65536,3686
set,65536,3958
set,65536,3406
set,65536,4132
set,65536,4282
set,65536,3818
set,65536,3746
set,65536,3724
set,65536,4448
set,65536,5714
set,65536,4292
set,65536,3822
set,65536,4602
set,65536,3568
set,65536,4140
set,65536,3372
set,65536,4158
set,65536,4580
set,65536,4200
set,65536,4270
set,65536,3860
set,65536,3570
set,65536,4426
set,65536,3742
set,65536,3700
set,65536,4172
list,65536,84014
list,65536,387578
list,65536,542648
list,65536,82492
list,65536,278474
list,65536,569262
list,65536,511992
list,65536,147448
list,65536,15668
list,65536,347536
list,65536,219854
list,65536,301854
list,65536,144550
list,65536,481038
list,65536,116236
list,65536,26002
list,65536,500706
list,65536,454104
list,65536,186526
list,65536,263306
list,65536,290304
list,65536,88058
list,65536,445272
list,65536,218246
list,65536,200654
list,65536,498588
list,65536,403084
list,65536,595784
list,65536,75376
list,65536,282254
list,65536,215830
list,65536,427326
list,65536,9018
list,65536,381884
list,65536,164864
list,65536,442754
list,65536,80742
list,65536,491948
list,65536,223876
list,65536,579960
list,65536,589144
list,65536,195932
list,65536,436130
list,65536,382080
list,65536,168324
list,65536,255680
list,65536,11916
list,65536,606824
list,65536,462268
list,65536,552762
list,65536,53492
list,65536,342536
list,65536,220132
list,65536,139914
list,65536,60390
list,65536,244354
list,65536,508974
list,65536,56036
list,65536,1714918
list,65536,1215380
list,65536,1567308
list,65536,1273120
list,65536,404298
list,65536,191210
list,65536,12986
list,65536,532358
list,65536,58882
list,65536,478862
list,65536,219234
list,65536,64132
list,65536,415512
list,65536,26800
list,65536,46480
list,65536,265042
list,65536,473462
list,65536,147220
list,65536,618022
list,65536,346106
list,65536,507916
list,65536,162192
list,65536,903722
list,65536,142270
list,65536,445982
list,65536,568890
list,65536,597834
list,65536,232932
list,65536,329184
list,65536,549046
list,65536,366210
list,65536,466258
list,65536,402752
list,65536,584348
list,65536,216924
list,65536,484808
list,65536,160160
list,65536,529398
list,65536,144208
list,65536,61860
list,65536,154338
list,65536,404718
list,65536,250462
vector,92682,77348
vector,92682,8840
vector,92682,6744
vector,92682,19236
vector,92682,60466
vector,92682,28862
vector,92682,59546
vector,92682,86770
vector,92682,47774
vector,92682,59618
vector,92682,93708
vector,92682,93784
vector,92682,91858
vector,92682,8614
vector,92682,30606
vector,92682,77262
vector,92682,75972
vector,92682,43894
vector,92682,50044
vector,92682,55722
vector,92682,44902
vector,92682,44890
vector,92682,9514
vector,92682,15696
vector,92682,21810
vector,92682,24212
vector,92682,41472
vector,92682,92782
vector,92682,26832
vector,92682,51282
vector,92682,63090
vector,92682,50208
vector,92682,14078
vector,92682,34946
vector,92682,44098
vector,92682,41816
vector,92682,12570
vector,92682,1194
vector,92682,34852
vector,92682,79130
vector,92682,40804
vector,92682,35300
vector,92682,91722
vector,92682,22382
vector,92682,49652
vector,92682,48836
vector,92682,40716
vector,92682,50538
vector,92682,20034
vector,92682,41946
vector,92682,47424
vector,92682,90794
vector,92682,28284
vector,92682,16590
vector,92682,33388
vector,92682,95354
vector,92682,31522
vector,92682,20806
vector,92682,1374
vector,92682,47472
vector,92682,83216
vector,92682,53354
vector,92682,16806
vector,92682,48520
vector,92682,20076
vector,92682,65280
vector,92682,90564
vector,92682,67610
vector,92682,61054
vector,92682,952
vector,92682,52934
vector,92682,36802
vector,92682,56924
vector,92682,76784
vector,92682,59438
vector,92682,19050
vector,92682,12802
vector,92682,25080
vector,92682,55076
vector,92682,37738
vector,92682,56472
vector,92682,17472
vector,92682,60170
vector,92682,92944
vector,92682,76274
vector,92682,43070
vector,92682,11260
vector,92682,35680
vector,92682,9242
vector,92682,88622
vector,92682,52564
vector,92682,9016
vector,92682,88822
vector,92682,17660
vector,92682,23110
vector,92682,49886
vector,92682,586
vector,92682,40454
vector,92682,26838
vector,92682,67858
vector,92682,50044
unordered_set,92682,736
unordered_set,92682,608
unordered_set,92682,802
unordered_set,92682,604
unordered_set,92682,656
unordered_set,92682,606
unordered_set,92682,600
unordered_set,92682,810
unordered_set,92682,758
unordered_set,92682,602
unordered_set,92682,754
unordered_set,92682,658
unordered_set,92682,598
unordered_set,92682,606
unordered_set,92682,672
unordered_set,92682,602
unordered_set,92682,608
unordered_set,92682,744
unordered_set,92682,602
unordered_set,92682,650
unordered_set,92682,750
unordered_set,92682,742
unordered_set,92682,842
unordered_set,92682,600
unordered_set,92682,608
unordered_set,92682,750
unordered_set,92682,1448
unordered_set,92682,658
unordered_set,92682,762
unordered_set,92682,604
unordered_set,92682,922
unordered_set,92682,732
unordered_set,92682,612
unordered_set,92682,610
unordered_set,92682,580
unordered_set,92682,754
unordered_set,92682,602
unordered_set,92682,600
unordered_set,92682,606
unordered_set,92682,760
unordered_set,92682,894
unordered_set,92682,806
unordered_set,92682,750
unordered_set,92682,748
unordered_set,92682,1464
unordered_set,92682,736
unordered_set,92682,592
unordered_set,92682,1830
unordered_set,92682,594
unordered_set,92682,590
unordered_set,92682,602
unordered_set,92682,744
unordered_set,92682,602
unordered_set,92682,752
unordered_set,92682,776
unordered_set,92682,608
unordered_set,92682,608
unordered_set,92682,750
unordered_set,92682,752
unordered_set,92682,756
unordered_set,92682,752
unordered_set,92682,602
unordered_set,92682,1578
unordered_set,92682,782
unordered_set,92682,750
unordered_set,92682,610
unordered_set,92682,754
unordered_set,92682,602
unordered_set,92682,608
unordered_set,92682,752
unordered_set,92682,608
unordered_set,92682,600
unordered_set,92682,834
unordered_set,92682,1104
unordered_set,92682,802
unordered_set,92682,590
unordered_set,92682,658
unordered_set,92682,748
unordered_set,92682,758
unordered_set,92682,608
unordered_set,92682,986
unordered_set,92682,750
unordered_set,92682,754
unordered_set,92682,608
unordered_set,92682,604
unordered_set,92682,620
unordered_set,92682,602
unordered_set,92682,748
unordered_set,92682,752
unordered_set,92682,606
unordered_set,92682,604
unordered_set,92682,1438
unordered_set,92682,602
unordered_set,92682,646
unordered_set,92682,636
unordered_set,92682,762
unordered_set,92682,750
unordered_set,92682,606
unordered_set,92682,606
unordered_set,92682,2212
unordered_set,92682,938
set,92682,4806
set,92682,3694
set,92682,4284
set,92682,3786
set,92682,3898
set,92682,3980
set,92682,4540
set,92682,4376
set,92682,4976
set,92682,4302
set,92682,4586
set,92682,4654
set,92682,4644
set,92682,3974
set,92682,4352
set,92682,4424
set,92682,5522
set,92682,6332
set,92682,5306
set,92682,5188
set,92682,4936
set,92682,4714
set,92682,5698
set,92682,6502
set,92682,5240
set,92682,5632
set,92682,4788
set,92682,4820
set,92682,5046
set,92682,4532
set,92682,4858
set,92682,3986
set,92682,5080
set,92682,4294
set,92682,3608
set,92682,4570
set,92682,4704
set,92682,4630
set,92682,4152
set,92682,4426
set,92682,4752
set,92682,5052
set,92682,3626
set,92682,4180
set,92682,4958
set,92682,4560
set,92682,4426
set,92682,4098
set,92682,3990
set,92682,4654
set,92682,4568
set,92682,4544
set,92682,4034
set,92682,4480
set,92682,4326
set,92682,3642
set,92682,3942
set,92682,3890
set,92682,4628
set,92682,4264
set,92682,3926
set,92682,4242
set,92682,4300
set,92682,3932
set,92682,4318
set,92682,4634
set,92682,4484
set,92682,4420
set,92682,4680
set,92682,4118
set,92682,4142
set,92682,4598
set,92682,4096
set,92682,4358
set,92682,4006
set,92682,4014
set,92682,4066
set,92682,4624
set,92682,4336
set,92682,4158
set,92682,4904
set,92682,5490
set,92682,5136
set,92682,4784
set,92682,4690
set,92682,4502
set,92682,4374
set,92682,4628
set,92682,4020
set,92682,3918
set,92682,3960
set,92682,4184
set,92682,3692
set,92682,4326
set,92682,3960
set,92682,4854
set,92682,3876
set,92682,4154
set,92682,4736
set,92682,3974
set,92682,4504
list,92682,233096
list,92682,873134
list,92682,99414
list,92682,519842
list,92682,491520
list,92682,410574
list,92682,92012
list,92682,708428
list,92682,145966
list,92682,66624
list,92682,263908
list,92682,444548
list,92682,489068
list,92682,386382
list,92682,890116
list,92682,674792
list,92682,159070
list,92682,182690
list,92682,215702
list,92682,401848
list,92682,257510
list,92682,788550
list,92682,757544
list,92682,593450
list,92682,798306
list,92682,205470
list,92682,733842
list,92682,860644
list,92682,308088
list,92682,335410
list,92682,423908
list,92682,724772
list,92682,376642
list,92682,769198
list,92682,385866
list,92682,807186
list,92682,183110
list,92682,25976
list,92682,607884
list,92682,342344
list,92682,842510
list,92682,237998
list,92682,270476
list,92682,14440
list,92682,225718
list,92682,741592
list,92682,182642
list,92682,27956
list,92682,594714
list,92682,490538
list,92682,320020
list,92682,79340
list,92682,553716
list,92682,650150
list,92682,854462
list,92682,264596
list,92682,783800
list,92682,302912
list,92682,17706
list,92682,443706
list,92682,1067764
list,92682,580912
list,92682,578956
list,92682,365076
list,92682,407256
list,92682,480238
list,92682,562158
list,92682,713300
list,92682,394776
list,92682,550678
list,92682,748606
list,92682,210116
list,92682,82818
list,92682,31140
list,92682,109900
list,92682,534410
list,92682,667614
list,92682,70312
list,92682,750800
list,92682,213690
list,92682,140428
list,92682,477262
list,92682,510414
list,92682,149456
list,92682,797244
list,92682,319286
list,92682,864376
list,92682,360168
list,92682,719656
list,92682,781176
list,92682,502216
list,92682,359728
list,92682,125852
list,92682,797754
list,92682,453440
list,92682,145204
list,92682,404290
list,92682,447686
list,92682,191278
list,92682,606260
list,92682,408480
vector,131072,98572
vector,131072,63772
vector,131072,126178
vector,131072,92080
vector,131072,81264
vector,131072,129574
vector,131072,4672
vector,131072,133168
vector,131072,11422
vector,131072,33458
vector,131072,131092
vector,131072,7232
vector,131072,19412
vector,131072,61656
vector,131072,18084
vector,131072,47424
vector,131072,49176
vector,131072,92678
vector,131072,136764
vector,131072,93644
vector,131072,35430
vector,131072,30484
vector,131072,101116
vector,131072,54116
vector,131072,135750
vector,131072,109240
vector,131072,15762
vector,131072,10812
vector,131072,126170
vector,131072,9098
vector,131072,36866
vector,131072,85214
vector,131072,68452
vector,131072,116376
vector,131072,7166
vector,131072,122066
vector,131072,60794
vector,131072,21548
vector,131072,29768
vector,131072,36824
vector,131072,19918
vector,131072,54438
vector,131072,36762
vector,131072,131390
vector,131072,83282
vector,131072,23566
vector,131072,88982
vector,131072,108196
vector,131072,93884
vector,131072,95880
vector,131072,7962
vector,131072,98074
vector,131072,133318
vector,131072,92124
vector,131072,57680
vector,131072,48242
vector,131072,3772
vector,131072,10732
vector,131072,36802
vector,131072,44694
vector,131072,43424
vector,131072,48382
vector,131072,41742
vector,131072,2898
vector,131072,37312
vector,131072,124442
vector,131072,10464
vector,131072,22902
vector,131072,115660
vector,131072,3864
vector,131072,60008
vector,131072,63948
vector,131072,47692
vector,131072,118496
vector,131072,95746
vector,131072,49998
vector,131072,8744
vector,131072,44938
vector,131072,95736
vector,131072,39100
vector,131072,97404
vector,131072,128368
vector,131072,16554
vector,131072,32080
vector,131072,41272
vector,131072,127426
vector,131072,133632
vector,131072,109140
vector,131072,25502
vector,131072,99688
vector,131072,98566
vector,131072,37086
vector,131072,21134
vector,131072,136806
vector,131072,91056
vector,131072,134160
vector,131072,24452
vector,131072,47912
vector,131072,90936
vector,131072,24556
vector,131072,36020
unordered_set,131072,866
unordered_set,131072,846
unordered_set,131072,724
unordered_set,131072,772
unordered_set,131072,660
unordered_set,131072,896
unordered_set,131072,908
unordered_set,131072,676
unordered_set,131072,790
unordered_set,131072,714
unordered_set,131072,740
unordered_set,131072,682
unordered_set,131072,952
unordered_set,131072,898
unordered_set,131072,678
unordered_set,131072,796
unordered_set,131072,832
unordered_set,131072,932
unordered_set,131072,816
unordered_set,131072,886
unordered_set,131072,934
unordered_set,131072,836
unordered_set,131072,764
unordered_set,131072,750
unordered_set,131072,1414
unordered_set,131072,1080
unordered_set,131072,674
unordered_set,131072,820
unordered_set,131072,684
unordered_set,131072,770
unordered_set,131072,824
unordered_set,131072,732
unordered_set,131072,794
unordered_set,131072,676
unordered_set,131072,930
unordered_set,131072,802
unordered_set,131072,780
unordered_set,131072,878
unordered_set,131072,746
unordered_set,131072,930
unordered_set,131072,834
unordered_set,131072,964
unordered_set,131072,824
unordered_set,131072,1136
unordered_set,131072,682
unordered_set,131072,994
unordered_set,131072,790
unordered_set,131072,780
unordered_set,131072,834
unordered_set,131072,684
unordered_set,131072,926
unordered_set,131072,820
unordered_set,131072,982
unordered_set,131072,1494
unordered_set,131072,666
unordered_set,131072,1550
unordered_set,131072,810
unordered_set,131072,808
unordered_set,131072,718
unordered_set,131072,688
unordered_set,131072,1078
unordered_set,131072,1626
unordered_set,131072,734
unordered_set,131072,782
unordered_set,131072,726
unordered_set,131072,1006
unordered_set,131072,758
unordered_set,131072,796
unordered_set,131072,888
unordered_set,131072,834
unordered_set,131072,788
unordered_set,131072,684
unordered_set,131072,898
unordered_set,131072,830
unordered_set,131072,890
unordered_set,131072,928
unordered_set,131072,836
unordered_set,131072,792
unordered_set,131072,674
unordered_set,131072,1806
unordered_set,131072,734
unordered_set,131072,900
unordered_set,131072,830
unordered_set,131072,690
unordered_set,131072,716
unordered_set,131072,1034
unordered_set,131072,1018
unordered_set,131072,908
unordered_set,131072,810
unordered_set,131072,1706
unordered_set,131072,824
unordered_set,131072,890
unordered_set,131072,826
unordered_set,131072,862
unordered_set,131072,926
unordered_set,131072,806
unordered_set,131072,840
unordered_set,131072,682
unordered_set,131072,898
unordered_set,131072,814
unordered_set,131072,888
set,131072,5156
set,131072,5150
set,131072,4800
set,131072,5032
set,131072,4898
set,131072,5172
set,131072,4902
set,131072,4416
set,131072,4742
set,131072,4386
set,131072,4448
set,131072,5554
set,131072,4714
set,131072,4702
set,131072,5088
set,131072,4098
set,131072,4062
set,131072,4692
set,131072,4682
set,131072,4908
set,131072,5066
set,131072,5096
set,131072,3984
set,131072,4696
set,131072,4202
set,131072,4650
set,131072,5150
set,131072,5678
set,131072,4402
set,131072,4618
set,131072,4574
set,131072,4770
set,131072,6120
set,131072,4702
set,131072,4568
set,131072,4610
set,131072,4184
set,131072,4748
set,131072,4788
set,131072,5374
set,131072,3870
set,131072,4294
set,131072,4856
set,131072,5258
set,131072,4096
set,131072,4842
set,131072,4028
set,131072,4086
set,131072,4944
set,131072,5138
set,131072,4020
set,131072,4556
set,131072,5142
set,131072,4260
set,131072,4846
set,131072,4266
set,131072,4792
set,131072,4358
set,131072,4742
set,131072,4540
set,131072,4408
set,131072,4516
set,131072,5024
set,131072,4502
set,131072,4294
set,131072,4302
set,131072,4984
set,131072,4884
set,131072,4792
set,131072,6394
set,131072,9550
set,131072,5956
set,131072,4876
set,131072,6422
set,131072,4330
set,131072,4292
set,131072,4670
set,131072,4332
set,131072,4476
set,131072,4240
set,131072,5622
set,131072,5094
set,131072,5054
set,131072,4642
set,131072,4636
set,131072,5576
set,131072,5520
set,131072,4518
set,131072,4734
set,131072,4856
set,131072,4830
set,131072,4894
set,131072,5334
set,131072,4520
set,131072,4234
set,131072,4822
set,131072,4630
set,131072,4270
set,131072,4534
set,131072,4558
set,131072,4852
list,131072,266956
list,131072,122618
list,131072,252542
list,131072,193614
list,131072,1238712
list,131072,557828
list,131072,1241634
list,131072,1220326
list,131072,764500
list,131072,983054
list,131072,851610
list,131072,76984
list,131072,1192300
list,131072,570066
list,131072,870460
list,131072,467806
list,131072,334764
list,131072,1089236
list,131072,134382
list,131072,369118
list,131072,267110
list,131072,51262
list,131072,540680
list,131072,424888
list,131072,315374
list,131072,930044
list,131072,195040
list,131072,174538
list,131072,362406
list,131072,574390
list,131072,363560
list,131072,815496
list,131072,146448
list,131072,809838
list,131072,795246
list,131072,730056
list,131072,1061008
list,131072,714916
list,131072,410104
list,131072,515782
list,131072,1422376
list,131072,787274
list,131072,1047508
list,131072,691778
list,131072,581850
list,131072,92066
list,131072,25040
list,131072,273950
list,131072,499864
list,131072,24624
list,131072,873980
list,131072,884542
list,131072,391554
list,131072,848474
list,131072,897952
list,131072,460758
list,131072,1214820
list,131072,690402
list,131072,665046
list,131072,788932
list,131072,427884
list,131072,29332
list,131072,912572
list,131072,425444
list,131072,561226
list,131072,769294
list,131072,592150
list,131072,1463230
list,131072,827734
list,131072,1226692
list,131072,351698
list,131072,960526
list,131072,132182
list,131072,275056
list,131072,193456
list,131072,90700
list,131072,172202
list,131072,874304
list,131072,1128780
list,131072,111644
list,131072,1270270
list,131072,959440
list,131072,60694
list,131072,698000
list,131072,670742
list,131072,1035866
list,131072,136374
list,131072,9878
list,131072,1112960
list,131072,220364
list,131072,747954
list,131072,73742
list,131072,80106
list,131072,1319696
list,131072,650536
list,131072,632958
list,131072,967028
list,131072,614920
list,131072,295760
list,131072,944850
list,131072,1072454
vector,185364,215534
vector,185364,21720
vector,185364,113846
vector,185364,133540
vector,185364,186914
vector,185364,184964
vector,185364,151966
vector,185364,101290
vector,185364,50810
vector,185364,199154
vector,185364,74910
vector,185364,115648
vector,185364,99370
vector,185364,203026
vector,185364,28202
vector,185364,127696
vector,185364,79138
vector,185364,10434
vector,185364,157822
vector,185364,34634
vector,185364,33326
vector,185364,199610
vector,185364,69434
vector,185364,166042
vector,185364,13442
vector,185364,119980
vector,185364,103012
vector,185364,124238
vector,185364,200234
vector,185364,193768
vector,185364,36562
vector,185364,14770
vector,185364,137002
vector,185364,117816
vector,185364,3650
vector,185364,86256
vector,185364,141934
vector,185364,62888
vector,185364,118822
vector,185364,45582
vector,185364,112874
vector,185364,88040
vector,185364,89850
vector,185364,136718
vector,185364,178674
vector,185364,146008
vector,185364,53328
vector,185364,102012
vector,185364,119308
vector,185364,131998
vector,185364,7910
vector,185364,134836
vector,185364,60028
vector,185364,38188
vector,185364,74378
vector,185364,79218
vector,185364,26518
vector,185364,111462
vector,185364,152200
vector,185364,107770
vector,185364,18964
vector,185364,86592
vector,185364,61226
vector,185364,48862
vector,185364,98922
vector,185364,191356
vector,185364,126078
vector,185364,3080
vector,185364,141996
vector,185364,154470
vector,185364,167842
vector,185364,84300
vector,185364,153018
vector,185364,111916
vector,185364,104986
vector,185364,136604
vector,185364,160216
vector,185364,118362
vector,185364,67002
vector,185364,96666
vector,185364,108344
vector,185364,116226
vector,185364,191378
vector,185364,192024
vector,185364,56312
vector,185364,223588
vector,185364,46896
vector,185364,25382
vector,185364,175914
vector,185364,33534
vector,185364,67700
vector,185364,130276
vector,185364,110272
vector,185364,120560
vector,185364,132194
vector,185364,164276
vector,185364,81920
vector,185364,19564
vector,185364,28312
vector,185364,141408
vector,185364,44424
unordered_set,185364,1102
unordered_set,185364,748
unordered_set,185364,1160
unordered_set,185364,778
unordered_set,185364,792
unordered_set,185364,934
unordered_set,185364,808
unordered_set,185364,986
unordered_set,185364,786
unordered_set,185364,936
unordered_set,185364,812
unordered_set,185364,794
unordered_set,185364,820
unordered_set,185364,896
unordered_set,185364,892
unordered_set,185364,950
unordered_set,185364,892
unordered_set,185364,804
unordered_set,185364,788
unordered_set,185364,884
unordered_set,185364,914
unordered_set,185364,738
unordered_set,185364,914
unordered_set,185364,768
unordered_set,185364,722
unordered_set,185364,778
unordered_set,185364,906
unordered_set,185364,762
unordered_set,185364,806
unordered_set,185364,844
unordered_set,185364,806
unordered_set,185364,796
unordered_set,185364,910
unordered_set,185364,906
unordered_set,185364,918
unordered_set,185364,838
unordered_set,185364,880
unordered_set,185364,830
unordered_set,185364,946
unordered_set,185364,832
unordered_set,185364,692
unordered_set,185364,758
unordered_set,185364,906
unordered_set,185364,888
unordered_set,185364,884
unordered_set,185364,678
unordered_set,185364,970
unordered_set,185364,920
unordered_set,185364,906
unordered_set,185364,756
unordered_set,185364,710
unordered_set,185364,896
unordered_set,185364,808
unordered_set,185364,748
unordered_set,185364,784
unordered_set,185364,810
unordered_set,185364,870
unordered_set,185364,890
unordered_set,185364,750
unordered_set,185364,834
unordered_set,185364,788
unordered_set,185364,832
unordered_set,185364,980
unordered_set,185364,784
unordered_set,185364,1610
unordered_set,185364,822
unordered_set,185364,814
unordered_set,185364,930
unordered_set,185364,776
unordered_set,185364,898
unordered_set,185364,960
unordered_set,185364,1460
unordered_set,185364,808
unordered_set,185364,750
unordered_set,185364,894
unordered_set,185364,892
unordered_set,185364,870
unordered_set,185364,1010
unordered_set,185364,904
unordered_set,185364,774
unordered_set,185364,842
unordered_set,185364,936
unordered_set,185364,872
unordered_set,185364,814
unordered_set,185364,916
unordered_set,185364,1026
unordered_set,185364,850
unordered_set,185364,988
unordered_set,185364,698
unordered_set,185364,912
unordered_set,185364,974
unordered_set,185364,732
unordered_set,185364,1340
unordered_set,185364,1138
unordered_set,185364,1008
unordered_set,185364,766
unordered_set,185364,800
unordered_set,185364,1664
unordered_set,185364,802
unordered_set,185364,882
unordered_set,185364,892
set,185364,7004
set,185364,5250
set,185364,5098
set,185364,4740
set,185364,5140
set,185364,6286
set,185364,5042
set,185364,4596
set,185364,4774
set,185364,4510
set,185364,4650
set,185364,4870
set,185364,4568
set,185364,4656
set,185364,5638
set,185364,4626
set,185364,3850
set,185364,5192
set,185364,4302
set,185364,4692
set,185364,5072
set,185364,4618
set,185364,5074
set,185364,4306
set,185364,4426
set,185364,4744
set,185364,5026
set,185364,4998
set,185364,4722
set,185364,6420
set,185364,4596
set,185364,4940
set,185364,5444
set,185364,5412
set,185364,4612
set,185364,4428
set,185364,5258
set,185364,4372
set,185364,7804
set,185364,7476
set,185364,5776
set,185364,5994
set,185364,5012
set,185364,5404
set,185364,4860
set,185364,4650
set,185364,5342
set,185364,6774
set,185364,6242
set,185364,5592
set,185364,5056
set,185364,4902
set,185364,4670
set,185364,4926
set,185364,4464
set,185364,5448
set,185364,4750
set,185364,4352
set,185364,5094
set,185364,4700
set,185364,4514
set,185364,4616
set,185364,5016
set,185364,4808
set,185364,4722
set,185364,4632
set,185364,5540
set,185364,4808
set,185364,4578
set,185364,4608
set,185364,6862
set,185364,5866
set,185364,4870
set,185364,5324
set,185364,4782
set,185364,5164
set,185364,4960
set,185364,4698
set,185364,6614
set,185364,4508
set,185364,4766
set,185364,4572
set,185364,4672
set,185364,4916
set,185364,5020
set,185364,4878
set,185364,5434
set,185364,5252
set,185364,4908
set,185364,4896
set,185364,4648
set,185364,5066
set,185364,4686
set,185364,11340
set,185364,7734
set,185364,6306
set,185364,7978
set,185364,5880
set,185364,4560
set,185364,4572
set,185364,5470
list,185364,1830058
list,185364,1849830
list,185364,1067910
list,185364,1441818
list,185364,844552
list,185364,922108
list,185364,139434
list,185364,484770
list,185364,40862
list,185364,569612
list,185364,695994
list,185364,1213574
list,185364,1597238
list,185364,1764958
list,185364,1167450
list,185364,862354
list,185364,1292186
list,185364,764238
list,185364,622304
list,185364,97002
list,185364,1625344
list,185364,991514
list,185364,396772
list,185364,51524
list,185364,1069040
list,185364,1527454
list,185364,795358
list,185364,1383822
list,185364,1249080
list,185364,1349788
list,185364,1091312
list,185364,422252
list,185364,781606
list,185364,1105226
list,185364,475964
list,185364,1606712
list,185364,489528
list,185364,699546
list,185364,488110
list,185364,409396
list,185364,469104
list,185364,1303936
list,185364,1285572
list,185364,454108
list,185364,60922
list,185364,624666
list,185364,1142322
list,185364,1764424
list,185364,1280814
list,185364,1713198
list,185364,954242
list,185364,225922
list,185364,773260
list,185364,1060470
list,185364,1739084
list,185364,871032
list,185364,477296
list,185364,2219740
list,185364,1718170
list,185364,965710
list,185364,133460
list,185364,456120
list,185364,1659200
list,185364,36362
list,185364,977974
list,185364,1083102
list,185364,689674
list,185364,49860
list,185364,1803530
list,185364,1695310
list,185364,2322848
list,185364,985936
list,185364,272804
list,185364,1460280
list,185364,815360
list,185364,1343674
list,185364,1559834
list,185364,307592
list,185364,540170
list,185364,492230
list,185364,1170390
list,185364,1524848
list,185364,1639594
list,185364,763844
list,185364,1012022
list,185364,872828
list,185364,613226
list,185364,27776
list,185364,63906
list,185364,988804
list,185364,1073368
list,185364,1536688
list,185364,494790
list,185364,405300
list,185364,112696
list,185364,732506
list,185364,1308508
list,185364,742402
list,185364,899556
list,185364,1666564
list,185364,286952
vector,262144,210710
vector,262144,249614
vector,262144,125088
vector,262144,130556
vector,262144,42766
vector,262144,170136
vector,262144,56518
vector,262144,36556
vector,262144,189048
vector,262144,39464
vector,262144,399396
vector,262144,82340
vector,262144,319912
vector,262144,201014
vector,262144,94810
vector,262144,341242
vector,262144,262568
vector,262144,339554
vector,262144,180552
vector,262144,62914
vector,262144,274092
vector,262144,235080
vector,262144,161860
vector,262144,91154
vector,262144,191610
vector,262144,160982
vector,262144,69434
vector,262144,179916
vector,262144,103460
vector,262144,20174
vector,262144,103104
vector,262144,248154
vector,262144,59326
vector,262144,134732
vector,262144,267528
vector,262144,100214
vector,262144,244948
vector,262144,97460
vector,262144,52028
vector,262144,124148
vector,262144,208970
vector,262144,112774
vector,262144,128370
vector,262144,167968
vector,262144,188204
vector,262144,218656
vector,262144,143798
vector,262144,90284
vector,262144,229064
vector,262144,126470
vector,262144,57994
vector,262144,221562
vector,262144,164424
vector,262144,230732
vector,262144,218210
vector,262144,59646
vector,262144,267690
vector,262144,79496
vector,262144,44422
vector,262144,195994
vector,262144,219970
vector,262144,222128
vector,262144,259056
vector,262144,113436
vector,262144,23486
vector,262144,157632
vector,262144,93934
vector,262144,126266
vector,262144,191584
vector,262144,180562
vector,262144,165730
vector,262144,172274
vector,262144,58044
vector,262144,47172
vector,262144,159720
vector,262144,164026
vector,262144,153340
vector,262144,164114
vector,262144,206734
vector,262144,7652
vector,262144,276566
vector,262144,61228
vector,262144,27548
vector,262144,71246
vector,262144,64720
vector,262144,94676
vector,262144,276576
vector,262144,141186
vector,262144,133016
vector,262144,192690
vector,262144,33026
vector,262144,168762
vector,262144,113576
vector,262144,56160
vector,262144,12742
vector,262144,85650
vector,262144,272710
vector,262144,212662
vector,262144,29368
vector,262144,65926
vector,262144,265280
unordered_set,262144,964
unordered_set,262144,808
unordered_set,262144,1012
unordered_set,262144,748
unordered_set,262144,836
unordered_set,262144,878
unordered_set,262144,1122
unordered_set,262144,750
unordered_set,262144,810
unordered_set,262144,934
unordered_set,262144,986
unordered_set,262144,790
unordered_set,262144,730
unordered_set,262144,828
unordered_set,262144,960
unordered_set,262144,1694
unordered_set,262144,1158
unordered_set,262144,1366
unordered_set,262144,1480
unordered_set,262144,1138
unordered_set,262144,1060
unordered_set,262144,880
unordered_set,262144,1198
unordered_set,262144,1094
unordered_set,262144,1286
unordered_set,262144,930
unordered_set,262144,764
unordered_set,262144,794
unordered_set,262144,792
unordered_set,262144,870
unordered_set,262144,1686
unordered_set,262144,728
unordered_set,262144,874
unordered_set,262144,836
unordered_set,262144,868
unordered_set,262144,842
unordered_set,262144,910
unordered_set,262144,826
unordered_set,262144,814
unordered_set,262144,1034
unordered_set,262144,1038
unordered_set,262144,900
unordered_set,262144,774
unordered_set,262144,1574
unordered_set,262144,1116
unordered_set,262144,1136
unordered_set,262144,1020
unordered_set,262144,1292
unordered_set,262144,1332
unordered_set,262144,1238
unordered_set,262144,918
unordered_set,262144,764
unordered_set,262144,774
unordered_set,262144,1116
unordered_set,262144,1020
unordered_set,262144,880
unordered_set,262144,732
unordered_set,262144,820
unordered_set,262144,1146
unordered_set,262144,1354
unordered_set,262144,1082
unordered_set,262144,1156
unordered_set,262144,934
unordered_set,262144,858
unordered_set,262144,810
unordered_set,262144,966
unordered_set,262144,1020
unordered_set,262144,884
unordered_set,262144,1246
unordered_set,262144,1090
unordered_set,262144,762
unordered_set,262144,920
unordered_set,262144,844
unordered_set,262144,830
unordered_set,262144,728
unordered_set,262144,908
unordered_set,262144,828
unordered_set,262144,952
unordered_set,262144,1060
unordered_set,262144,1108
unordered_set,262144,978
unordered_set,262144,820
unordered_set,262144,820
unordered_set,262144,908
unordered_set,262144,960
unordered_set,262144,1108
unordered_set,262144,1032
unordered_set,262144,952
unordered_set,262144,1324
unordered_set,262144,1408
unordered_set,262144,1552
unordered_set,262144,782
unordered_set,262144,776
unordered_set,262144,830
unordered_set,262144,822
unordered_set,262144,828
unordered_set,262144,862
unordered_set,262144,754
unordered_set,262144,818
unordered_set,262144,890
unordered_set,262144,922
set,262144,9758
set,262144,4938
set,262144,6558
set,262144,4792
set,262144,5394
set,262144,7604
set,262144,7836
set,262144,7028
set,262144,6198
set,262144,5018
set,262144,5388
set,262144,5242
set,262144,5066
set,262144,5492
set,262144,5554
set,262144,5196
set,262144,4888
set,262144,7512
set,262144,6154
set,262144,5198
set,262144,4764
set,262144,5124
set,262144,5420
set,262144,5290
set,262144,7494
set,262144,7292
set,262144,9256
set,262144,8150
set,262144,9300
set,262144,12744
set,262144,13390
set,262144,10750
set,262144,9050
set,262144,9720
set,262144,14398
set,262144,10248
set,262144,8516
set,262144,10036
set,262144,9632
set,262144,7208
set,262144,8172
set,262144,5182
set,262144,5298
set,262144,4494
set,262144,6760
set,262144,7012
set,262144,5460
set,262144,5704
set,262144,5154
set,262144,4990
set,262144,5836
set,262144,5348
set,262144,5168
set,262144,4716
set,262144,4800
set,262144,5892
set,262144,5502
set,262144,5168
set,262144,4894
set,262144,4596
set,262144,5640
set,262144,5754
set,262144,4720
set,262144,5350
set,262144,5018
set,262144,6152
set,262144,4784
set,262144,5190
set,262144,4934
set,262144,4648
set,262144,4266
set,262144,5106
set,262144,7018
set,262144,9546
set,262144,5500
set,262144,5350
set,262144,5708
set,262144,5312
set,262144,5250
set,262144,4830
set,262144,5558
set,262144,5140
set,262144,5426
set,262144,5702
set,262144,5166
set,262144,6296
set,262144,6122
set,262144,5906
set,262144,5116
set,262144,5314
set,262144,5160
set,262144,5192
set,262144,4862
set,262144,5348
set,262144,5360
set,262144,4926
set,262144,4748
set,262144,5026
set,262144,4934
set,262144,5052
set,262144,5440
list,262144,1818054
list,262144,1523290
list,262144,1558804
list,262144,744402
list,262144,2336106
list,262144,2334606
list,262144,1714860
list,262144,484606
list,262144,305194
list,262144,1293340
list,262144,1452420
list,262144,608092
list,262144,613092
list,262144,1660930
list,262144,2323834
list,262144,597340
list,262144,555010
list,262144,2187750
list,262144,1704444
list,262144,1799296
list,262144,248824
list,262144,2083658
list,262144,1288342
list,262144,1017008
list,262144,265120
list,262144,1261670
list,262144,198908
list,262144,1094334
list,262144,2130026
list,262144,2028804
list,262144,1721292
list,262144,955404
list,262144,1839514
list,262144,237294
list,262144,2342248
list,262144,798582
list,262144,2823388
list,262144,622256
list,262144,2151874
list,262144,1412678
list,262144,427296
list,262144,1968392
list,262144,1431370
list,262144,385348
list,262144,1132436
list,262144,1575030
list,262144,699996
list,262144,1159628
list,262144,509188
list,262144,820022
list,262144,953946
list,262144,441280
list,262144,2275004
list,262144,1913074
list,262144,2390584
list,262144,1133236
list,262144,1361354
list,262144,1204780
list,262144,916160
list,262144,190206
list,262144,249046
list,262144,737060
list,262144,1508246
list,262144,154056
list,262144,577700
list,262144,2453694
list,262144,1454694
list,262144,1380768
list,262144,234860
list,262144,2125754
list,262144,2149706
list,262144,79934
list,262144,1642236
list,262144,75256
list,262144,270510
list,262144,1414964
list,262144,820318
list,262144,1972636
list,262144,2465162
list,262144,1189580
list,262144,2069534
list,262144,1284994
list,262144,1143896
list,262144,1295598
list,262144,623352
list,262144,235850
list,262144,1047090
list,262144,2266768
list,262144,1406940
list,262144,446686
list,262144,2192604
list,262144,1782634
list,262144,2474386
list,262144,417984
list,262144,2229148
list,262144,952098
list,262144,1968252
list,262144,1055394
list,262144,1999630
list,262144,1258120
list,262144,2114032
vector,370728,255208
vector,370728,213342
vector,370728,85772
vector,370728,181082
vector,370728,77578
vector,370728,386588
vector,370728,235512
vector,370728,384734
vector,370728,143134
vector,370728,313860
vector,370728,309608
vector,370728,88290
vector,370728,341830
vector,370728,79904
vector,370728,215302
vector,370728,184624
vector,370728,293874
vector,370728,16576
vector,370728,159784
vector,370728,388550
vector,370728,350078
vector,370728,110394
vector,370728,77268
vector,370728,225410
vector,370728,227986
vector,370728,2580
vector,370728,256332
vector,370728,142186
vector,370728,249160
vector,370728,34494
vector,370728,112432
vector,370728,380782
vector,370728,34000
vector,370728,151730
vector,370728,355020
vector,370728,76198
vector,370728,69554
vector,370728,137088
vector,370728,312490
vector,370728,150780
vector,370728,30716
vector,370728,48094
vector,370728,391120
vector,370728,300218
vector,370728,73336
vector,370728,133874
vector,370728,119764
vector,370728,153258
vector,370728,37818
vector,370728,233338
vector,370728,167824
vector,370728,47758
vector,370728,133690
vector,370728,83000
vector,370728,10348
vector,370728,179570
vector,370728,321384
vector,370728,324962
vector,370728,144606
vector,370728,247368
vector,370728,33412
vector,370728,144210
vector,370728,415952
vector,370728,107348
vector,370728,94658
vector,370728,15926
vector,370728,94076
vector,370728,43074
vector,370728,341036
vector,370728,185436
vector,370728,435250
vector,370728,23258
vector,370728,62898
vector,370728,277852
vector,370728,7318
vector,370728,303234
vector,370728,313262
vector,370728,292386
vector,370728,45472
vector,370728,304854
vector,370728,65376
vector,370728,286634
vector,370728,330990
vector,370728,190466
vector,370728,258650
vector,370728,175982
vector,370728,383192
vector,370728,243328
vector,370728,80600
vector,370728,126634
vector,370728,406530
vector,370728,51728
vector,370728,60466
vector,370728,276122
vector,370728,351172
vector,370728,166156
vector,370728,171014
vector,370728,344638
vector,370728,355982
vector,370728,174078
vector,370728,371726
unordered_set,370728,2806
unordered_set,370728,770
unordered_set,370728,808
unordered_set,370728,2888
unordered_set,370728,2290
unordered_set,370728,1668
unordered_set,370728,1214
unordered_set,370728,1204
unordered_set,370728,830
unordered_set,370728,1056
unordered_set,370728,1046
unordered_set,370728,776
unordered_set,370728,772
unordered_set,370728,1014
unordered_set,370728,1402
unordered_set,370728,1430
unordered_set,370728,810
unordered_set,370728,1030
unordered_set,370728,996
unordered_set,370728,1016
unordered_set,370728,810
unordered_set,370728,984
unordered_set,370728,1018
unordered_set,370728,860
unordered_set,370728,1322
unordered_set,370728,1356
unordered_set,370728,1716
unordered_set,370728,1758
unordered_set,370728,1616
unordered_set,370728,1496
unordered_set,370728,1310
unordered_set,370728,1592
unordered_set,370728,1092
unordered_set,370728,1266
unordered_set,370728,818
unordered_set,370728,822
unordered_set,370728,938
unordered_set,370728,1112
unordered_set,370728,1566
unordered_set,370728,1158
unordered_set,370728,1142
unordered_set,370728,1360
unordered_set,370728,1386
unordered_set,370728,990
unordered_set,370728,1464
unordered_set,370728,976
unordered_set,370728,2770
unordered_set,370728,2044
unordered_set,370728,1718
unordered_set,370728,1500
unordered_set,370728,1588
unordered_set,370728,1406
unordered_set,370728,1010
unordered_set,370728,968
unordered_set,370728,1000
unordered_set,370728,858
unordered_set,370728,834
unordered_set,370728,848
unordered_set,370728,1006
unordered_set,370728,1060
unordered_set,370728,890
unordered_set,370728,962
unordered_set,370728,1216
unordered_set,370728,1154
unordered_set,370728,1226
unordered_set,370728,1218
unordered_set,370728,1066
unordered_set,370728,834
unordered_set,370728,768
unordered_set,370728,914
unordered_set,370728,936
unordered_set,370728,992
unordered_set,370728,918
unordered_set,370728,1030
unordered_set,370728,1128
unordered_set,370728,922
unordered_set,370728,1002
unordered_set,370728,824
unordered_set,370728,1094
unordered_set,370728,796
unordered_set,370728,1422
unordered_set,370728,1066
unordered_set,370728,1126
unordered_set,370728,870
unordered_set,370728,1280
unordered_set,370728,816
unordered_set,370728,822
unordered_set,370728,898
unordered_set,370728,1054
unordered_set,370728,1060
unordered_set,370728,996
unordered_set,370728,766
unordered_set,370728,1100
unordered_set,370728,924
unordered_set,370728,846
unordered_set,370728,1002
unordered_set,370728,810
unordered_set,370728,832
unordered_set,370728,1172
unordered_set,370728,972
unordered_set,370728,868
set,370728,12104
set,370728,7024
set,370728,7904
set,370728,7012
set,370728,7202
set,370728,5600
set,370728,5188
set,370728,6580
set,370728,5502
set,370728,5882
set,370728,9072
set,370728,8110
set,370728,6688
set,370728,6804
set,370728,6302
set,370728,6044
set,370728,5390
set,370728,6150
set,370728,5416
set,370728,5570
set,370728,6976
set,370728,5204
set,370728,4874
set,370728,4950
set,370728,5390
set,370728,5904
set,370728,4844
set,370728,4840
set,370728,5440
set,370728,5842
set,370728,5560
set,370728,6400
set,370728,6076
set,370728,6356
set,370728,6120
set,370728,5458
set,370728,5000
set,370728,5346
set,370728,9422
set,370728,8188
set,370728,5762
set,370728,5440
set,370728,5364
set,370728,4978
set,370728,4948
set,370728,6212
set,370728,6284
set,370728,6188
set,370728,6176
set,370728,6016
set,370728,6530
set,370728,5756
set,370728,6292
set,370728,6260
set,370728,5940
set,370728,5426
set,370728,5972
set,370728,5954
set,370728,4996
set,370728,5730
set,370728,5664
set,370728,5668
set,370728,6252
set,370728,6594
set,370728,5718
set,370728,5848
set,370728,6200
set,370728,6198
set,370728,6728
set,370728,5604
set,370728,10248
set,370728,5522
set,370728,5196
set,370728,6400
set,370728,5458
set,370728,5538
set,370728,4898
set,370728,5454
set,370728,6190
set,370728,6388
set,370728,5548
set,370728,5488
set,370728,5412
set,370728,5712
set,370728,5068
set,370728,5460
set,370728,5062
set,370728,8852
set,370728,8388
set,370728,6854
set,370728,6484
set,370728,6698
set,370728,6128
set,370728,6112
set,370728,6010
set,370728,5962
set,370728,5836
set,370728,5704
set,370728,5890
set,370728,5032
set,370728,4734
list,370728,596464
list,370728,235736
list,370728,2810128
list,370728,1620438
list,370728,169646
list,370728,1842716
list,370728,557034
list,370728,1337044
list,370728,2223816
list,370728,1824244
list,370728,2769186
list,370728,413104
list,370728,1348888
list,370728,1442286
list,370728,3116188
list,370728,1165238
list,370728,49622
list,370728,3197152
list,370728,3047144
list,370728,754980
list,370728,493742
list,370728,1256010
list,370728,1946590
list,370728,2438936
list,370728,497572
list,370728,670220
list,370728,2429012
list,370728,751960
list,370728,1636024
list,370728,2441800
list,370728,12088
list,370728,1151792
list,370728,3199870
list,370728,2926958
list,370728,3341478
list,370728,1565584
list,370728,231396
list,370728,3296862
list,370728,5060344
list,370728,5761460
list,370728,2811394
list,370728,144130
list,370728,1950168
list,370728,8341936
list,370728,3155734
list,370728,805920
list,370728,1112410
list,370728,1156876
list,370728,994426
list,370728,3143932
list,370728,421728
list,370728,1789298
list,370728,364140
list,370728,1134704
list,370728,1991866
list,370728,2884270
list,370728,3072778
list,370728,7119598
list,370728,2575544
list,370728,3170218
list,370728,2391662
list,370728,3123404
list,370728,383590
list,370728,996710
list,370728,1209154
list,370728,3128098
list,370728,3216068
list,370728,1654674
list,370728,2449446
list,370728,2090660
list,370728,1435642
list,370728,2931008
list,370728,342782
list,370728,1715842
list,370728,2102552
list,370728,1552642
list,370728,1567524
list,370728,2535200
list,370728,1214924
list,370728,2098750
list,370728,1234676
list,370728,356654
list,370728,524528
list,370728,3006580
list,370728,2850476
list,370728,528870
list,370728,3065134
list,370728,854690
list,370728,2133148
list,370728,3430852
list,370728,2552698
list,370728,3309190
list,370728,1141870
list,370728,991946
list,370728,2166714
list,370728,859050
list,370728,560998
list,370728,2381942
list,370728,129738
list,370728,2615612
list,370728,1239332
vector,524288,404370
vector,524288,367170
vector,524288,64250
vector,524288,558260
vector,524288,156366
vector,524288,21722
vector,524288,412954
vector,524288,160220
vector,524288,301960
vector,524288,177722
vector,524288,99440
vector,524288,344152
vector,524288,509956
vector,524288,247262
vector,524288,346546
vector,524288,638632
vector,524288,735576
vector,524288,20232
vector,524288,224984
vector,524288,527390
vector,524288,424194
vector,524288,50628
vector,524288,776240
vector,524288,524422
vector,524288,541208
vector,524288,17330
vector,524288,124044
vector,524288,259804
vector,524288,106394
vector,524288,10516
vector,524288,338660
vector,524288,307102
vector,524288,317238
vector,524288,682050
vector,524288,237104
vector,524288,5320
vector,524288,115460
vector,524288,348546
vector,524288,6944
vector,524288,274896
vector,524288,102396
vector,524288,235856
vector,524288,334282
vector,524288,272106
vector,524288,165314
vector,524288,76800
vector,524288,348562
vector,524288,387770
vector,524288,25358
vector,524288,467746
vector,524288,336692
vector,524288,40024
vector,524288,497692
vector,524288,470852
vector,524288,471044
vector,524288,196350
vector,524288,389324
vector,524288,227644
vector,524288,32538
vector,524288,241330
vector,524288,572016
vector,524288,198368
vector,524288,316624
vector,524288,253460
vector,524288,405356
vector,524288,505650
vector,524288,335284
vector,524288,97524
vector,524288,334742
vector,524288,50692
vector,524288,303166
vector,524288,7268
vector,524288,540922
vector,524288,175340
vector,524288,70716
vector,524288,368978
vector,524288,57056
vector,524288,96848
vector,524288,159776
vector,524288,382426
vector,524288,241812
vector,524288,464292
vector,524288,511520
vector,524288,224926
vector,524288,502538
vector,524288,123334
vector,524288,164100
vector,524288,541360
vector,524288,484254
vector,524288,538090
vector,524288,391586
vector,524288,417108
vector,524288,10950
vector,524288,373010
vector,524288,301130
vector,524288,247086
vector,524288,546830
vector,524288,186494
vector,524288,453822
vector,524288,126212
vector,524288,141380
unordered_set,524288,1368
unordered_set,524288,1338
unordered_set,524288,1184
unordered_set,524288,1624
unordered_set,524288,1016
unordered_set,524288,1502
unordered_set,524288,1886
unordered_set,524288,2030
unordered_set,524288,2326
unordered_set,524288,1804
unordered_set,524288,1718
unordered_set,524288,1564
unordered_set,524288,1876
unordered_set,524288,1524
unordered_set,524288,1292
unordered_set,524288,1702
unordered_set,524288,1038
unordered_set,524288,1014
unordered_set,524288,1168
unordered_set,524288,1434
unordered_set,524288,1464
unordered_set,524288,1218
unordered_set,524288,936
unordered_set,524288,954
unordered_set,524288,1034
unordered_set,524288,1192
unordered_set,524288,1152
unordered_set,524288,914
unordered_set,524288,896
unordered_set,524288,1016
unordered_set,524288,1128
unordered_set,524288,1348
unordered_set,524288,1232
unordered_set,524288,966
unordered_set,524288,920
unordered_set,524288,1252
unordered_set,524288,1508
unordered_set,524288,1420
unordered_set,524288,952
unordered_set,524288,1074
unordered_set,524288,738
unordered_set,524288,1162
unordered_set,524288,1198
unordered_set,524288,1588
unordered_set,524288,1426
unordered_set,524288,1570
unordered_set,524288,1356
unordered_set,524288,1520
unordered_set,524288,1374
unordered_set,524288,1478
unordered_set,524288,1568
unordered_set,524288,1458
unordered_set,524288,1872
unordered_set,524288,1622
unordered_set,524288,1144
unordered_set,524288,1016
unordered_set,524288,1446
unordered_set,524288,1200
unordered_set,524288,1414
unordered_set,524288,1184
unordered_set,524288,1468
unordered_set,524288,1018
unordered_set,524288,1634
unordered_set,524288,1260
unordered_set,524288,1136
unordered_set,524288,1886
unordered_set,524288,1942
unordered_set,524288,1576
unordered_set,524288,1944
unordered_set,524288,2014
unordered_set,524288,2844
unordered_set,524288,1666
unordered_set,524288,1510
unordered_set,524288,1370
unordered_set,524288,1378
unordered_set,524288,1170
unordered_set,524288,1388
unordered_set,524288,1332
unordered_set,524288,972
unordered_set,524288,1054
unordered_set,524288,1868
unordered_set,524288,1732
unordered_set,524288,3842
unordered_set,524288,2062
unordered_set,524288,2126
unordered_set,524288,1302
unordered_set,524288,1330
unordered_set,524288,940
unordered_set,524288,1016
unordered_set,524288,1786
unordered_set,524288,1012
unordered_set,524288,876
unordered_set,524288,1278
unordered_set,524288,1180
unordered_set,524288,1336
unordered_set,524288,916
unordered_set,524288,1204
unordered_set,524288,1022
unordered_set,524288,1480
unordered_set,524288,1502
unordered_set,524288,1200
set,524288,10216
set,524288,7470
set,524288,6038
set,524288,5532
set,524288,5964
set,524288,6222
set,524288,5484
set,524288,7498
set,524288,6348
set,524288,5994
set,524288,7052
set,524288,5828
set,524288,5640
set,524288,6274
set,524288,5918
set,524288,5864
set,524288,6570
set,524288,6554
set,524288,6564
set,524288,5906
set,524288,5224
set,524288,5522
set,524288,6030
set,524288,5952
set,524288,5276
set,524288,5810
set,524288,6024
set,524288,6716
set,524288,8420
set,524288,7540
set,524288,5886
set,524288,6396
set,524288,5772
set,524288,6292
set,524288,6880
set,524288,6960
set,524288,6992
set,524288,6582
set,524288,6038
set,524288,5944
set,524288,5962
set,524288,6180
set,524288,7134
set,524288,5818
set,524288,6510
set,524288,6780
set,524288,8154
set,524288,6880
set,524288,6304
set,524288,6382
set,524288,5812
set,524288,5108
set,524288,7952
set,524288,6558
set,524288,7262
set,524288,6652
set,524288,7262
set,524288,6658
set,524288,7704
set,524288,6800
set,524288,6580
set,524288,5730
set,524288,5324
set,524288,6174
set,524288,5560
set,524288,5326
set,524288,5162
set,524288,5496
set,524288,5538
set,524288,5216
set,524288,7294
set,524288,7312
set,524288,7738
set,524288,7770
set,524288,7676
set,524288,7464
set,524288,7002
set,524288,6110
set,524288,6236
set,524288,6886
set,524288,7100
set,524288,5278
set,524288,5250
set,524288,5132
set,524288,9166
set,524288,6692
set,524288,6650
set,524288,6392
set,524288,5876
set,524288,6598
set,524288,6768
set,524288,8302
set,524288,7018
set,524288,6532
set,524288,6130
set,524288,6116
set,524288,6478
set,524288,5790
set,524288,6898
set,524288,6558
set,524288,7736
list,524288,4325778
list,524288,1014514
list,524288,1171120
list,524288,840742
list,524288,4402048
list,524288,2417428
list,524288,3087198
list,524288,1655746
list,524288,2525834
list,524288,3292014
list,524288,794964
list,524288,719684
list,524288,528328
list,524288,1996054
list,524288,560158
list,524288,3627644
list,524288,397130
list,524288,5600928
list,524288,2467108
list,524288,2683660
list,524288,1417386
list,524288,4888838
list,524288,1918342
list,524288,593946
list,524288,1817514
list,524288,2593768
list,524288,2646396
list,524288,1783080
list,524288,949322
list,524288,4340522
list,524288,407064
list,524288,434144
list,524288,4109112
list,524288,717262
list,524288,3688548
list,524288,123378
list,524288,1553582
list,524288,3189624
list,524288,2669708
list,524288,3812136
list,524288,502352
list,524288,4503206
list,524288,4115610
list,524288,2836754
list,524288,4490708
list,524288,1306308
list,524288,4061798
list,524288,3564084
list,524288,643848
list,524288,2686276
list,524288,3423270
list,524288,4388380
list,524288,2337206
list,524288,14494
list,524288,2772574
list,524288,2558880
list,524288,4733226
list,524288,4320656
list,524288,1427668
list,524288,686434
list,524288,3909930
list,524288,1917518
list,524288,1071884
list,524288,2051386
list,524288,3782980
list,524288,1161862
list,524288,1197884
list,524288,6762456
list,524288,3457834
list,524288,801864
list,524288,2671996
list,524288,2379134
list,524288,2771920
list,524288,2227648
list,524288,3414698
list,524288,3162392
list,524288,4768120
list,524288,1158680
list,524288,2570454
list,524288,1891364
list,524288,3745252
list,524288,4423268
list,524288,4438894
list,524288,3226372
list,524288,4640770
list,524288,2265010
list,524288,1073844
list,524288,2747898
list,524288,4477954
list,524288,4907630
list,524288,3264966
list,524288,3538308
list,524288,4828512
list,524288,2468024
list,524288,2135612
list,524288,1985010
list,524288,3900450
list,524288,1504670
list,524288,4290136
list,524288,473234
list,524288,4244222
vector,741455,478238
vector,741455,571502
vector,741455,686510
vector,741455,682804
vector,741455,301176
vector,741455,432398
vector,741455,667024
vector,741455,629824
vector,741455,420602
vector,741455,772128
vector,741455,666820
vector,741455,639190
vector,741455,563674
vector,741455,82038
vector,741455,724000
vector,741455,694644
vector,741455,42400
vector,741455,200824
vector,741455,687564
vector,741455,239104
vector,741455,146158
vector,741455,769150
vector,741455,336462
vector,741455,281422
vector,741455,418236
vector,741455,567414
vector,741455,317154
vector,741455,619786
vector,741455,158294
vector,741455,180430
vector,741455,59844
vector,741455,167708
vector,741455,516830
vector,741455,431058
vector,741455,662534
vector,741455,239698
vector,741455,273968
vector,741455,607486
vector,741455,305594
vector,741455,431912
vector,741455,734156
vector,741455,539936
vector,741455,229560
vector,741455,94540
vector,741455,814472
vector,741455,933412
vector,741455,433566
vector,741455,264626
vector,741455,25032
vector,741455,438348
vector,741455,301328
vector,741455,117270
vector,741455,782282
vector,741455,477244
vector,741455,58296
vector,741455,739554
vector,741455,711070
vector,741455,84698
vector,741455,209688
vector,741455,13978
vector,741455,35184
vector,741455,506996
vector,741455,245016
vector,741455,202242
vector,741455,690566
vector,741455,478234
vector,741455,51836
vector,741455,185198
vector,741455,368250
vector,741455,192380
vector,741455,531062
vector,741455,83506
vector,741455,17700
vector,741455,332510
vector,741455,179138
vector,741455,420136
vector,741455,761888
vector,741455,693514
vector,741455,481538
vector,741455,111962
vector,741455,386066
vector,741455,782608
vector,741455,252848
vector,741455,307502
vector,741455,291256
vector,741455,206638
vector,741455,727018
vector,741455,749320
vector,741455,698850
vector,741455,739890
vector,741455,267006
vector,741455,44516
vector,741455,653436
vector,741455,412070
vector,741455,128006
vector,741455,75132
vector,741455,355366
vector,741455,656766
vector,741455,668624
vector,741455,742072
vector,741455,545236
unordered_set,741455,1654
unordered_set,741455,1314
unordered_set,741455,1420
unordered_set,741455,1344
unordered_set,741455,1430
unordered_set,741455,1610
unordered_set,741455,1634
unordered_set,741455,1828
unordered_set,741455,1342
unordered_set,741455,1522
unordered_set,741455,1410
unordered_set,741455,1600
unordered_set,741455,1334
unordered_set,741455,1778
unordered_set,741455,2268
unordered_set,741455,1700
unordered_set,741455,1254
unordered_set,741455,1482
unordered_set,741455,1980
unordered_set,741455,1880
unordered_set,741455,1540
unordered_set,741455,1580
unordered_set,741455,1590
unordered_set,741455,2102
unordered_set,741455,1764
unordered_set,741455,1816
unordered_set,741455,1858
unordered_set,741455,1556
unordered_set,741455,1962
unordered_set,741455,2044
unordered_set,741455,1640
unordered_set,741455,2506
unordered_set,741455,1784
unordered_set,741455,1758
unordered_set,741455,1494
unordered_set,741455,1364
unordered_set,741455,1490
unordered_set,741455,1320
unordered_set,741455,1266
unordered_set,741455,1194
unordered_set,741455,2982
unordered_set,741455,1954
unordered_set,741455,2126
unordered_set,741455,1994
unordered_set,741455,1538
unordered_set,741455,1960
unordered_set,741455,1874
unordered_set,741455,2120
unordered_set,741455,1566
unordered_set,741455,2084
unordered_set,741455,1808
unordered_set,741455,1812
unordered_set,741455,1688
unordered_set,741455,1936
unordered_set,741455,1392
unordered_set,741455,1246
unordered_set,741455,1382
unordered_set,741455,1742
unordered_set,741455,1780
unordered_set,741455,1560
unordered_set,741455,1730
unordered_set,741455,2746
unordered_set,741455,2030
unordered_set,741455,1664
unordered_set,741455,1734
unordered_set,741455,1944
unordered_set,741455,2134
unordered_set,741455,1518
unordered_set,741455,2276
unordered_set,741455,1490
unordered_set,741455,1384
unordered_set,741455,1538
unordered_set,741455,1622
unordered_set,741455,1584
unordered_set,741455,1350
unordered_set,741455,1708
unordered_set,741455,1872
unordered_set,741455,1472
unordered_set,741455,1212
unordered_set,741455,1334
unordered_set,741455,1142
unordered_set,741455,1316
unordered_set,741455,1224
unordered_set,741455,1148
unordered_set,741455,1336
unordered_set,741455,1084
unordered_set,741455,1404
unordered_set,741455,1448
unordered_set,741455,998
unordered_set,741455,1550
unordered_set,741455,1574
unordered_set,741455,1962
unordered_set,741455,1384
unordered_set,741455,1798
unordered_set,741455,2280
unordered_set,741455,1686
unordered_set,741455,1716
unordered_set,741455,1858
unordered_set,741455,1526
unordered_set,741455,2014
unordered_set,741455,2094
set,741455,11304
set,741455,6504
set,741455,7514
set,741455,7100
set,741455,6710
set,741455,5778
set,741455,8948
set,741455,9010
set,741455,8010
set,741455,6940
set,741455,7666
set,741455,8266
set,741455,8436
set,741455,9472
set,741455,8648
set,741455,7210
set,741455,7470
set,741455,7516
set,741455,7228
set,741455,6656
set,741455,8824
set,741455,8564
set,741455,7364
set,741455,8466
set,741455,7530
set,741455,6540
set,741455,7388
set,741455,7026
set,741455,8208
set,741455,7862
set,741455,8210
set,741455,7528
set,741455,6230
set,741455,6558
set,741455,6572
set,741455,7616
set,741455,6918
set,741455,6960
set,741455,7874
set,741455,6426
set,741455,7606
set,741455,6430
set,741455,6104
set,741455,8416
set,741455,8210
set,741455,7384
set,741455,6840
set,741455,6604
set,741455,7124
set,741455,6474
set,741455,8922
set,741455,8266
set,741455,6972
set,741455,7718
set,741455,8518
set,741455,9790
set,741455,8174
set,741455,7864
set,741455,6440
set,741455,6498
set,741455,6490
set,741455,7642
set,741455,7940
set,741455,7552
set,741455,7040
set,741455,6286
set,741455,5804
set,741455,7090
set,741455,7224
set,741455,9754
set,741455,11122
set,741455,8658
set,741455,8782
set,741455,9868
set,741455,8214
set,741455,7764
set,741455,8198
set,741455,7726
set,741455,8172
set,741455,6874
set,741455,9698
set,741455,7940
set,741455,8066
set,741455,7282
set,741455,7704
set,741455,6960
set,741455,7692
set,741455,7426
set,741455,7596
set,741455,9230
set,741455,8068
set,741455,7750
set,741455,7212
set,741455,7896
set,741455,9982
set,741455,6980
set,741455,8322
set,741455,8014
set,741455,8264
set,741455,6844
set,741455,7636
list,741455,1171796
list,741455,6419840
list,741455,6964008
list,741455,491420
list,741455,1314334
list,741455,6481220
list,741455,4056842
list,741455,4543190
list,741455,6036554
list,741455,4053328
list,741455,4767080
list,741455,3831026
list,741455,5170090
list,741455,2434102
list,741455,5508178
list,741455,1538332
list,741455,5405688
list,741455,4148892
list,741455,690504
list,741455,22762
list,741455,2581138
list,741455,1166660
list,741455,6289498
list,741455,1309364
list,741455,990780
list,741455,3135504
list,741455,5916552
list,741455,45828
list,741455,6987918
list,741455,61284
list,741455,4395216
list,741455,236242
list,741455,3413070
list,741455,6688060
list,741455,1640074
list,741455,1505294
list,741455,5809446
list,741455,515688
list,741455,2589354
list,741455,5002354
list,741455,2317962
list,741455,7133794
list,741455,7414454
list,741455,5332198
list,741455,7902326
list,741455,1842918
list,741455,2610704
list,741455,942182
list,741455,1389654
list,741455,2131384
list,741455,3046380
list,741455,3530008
list,741455,5752944
list,741455,2985986
list,741455,4906708
list,741455,949432
list,741455,280736
list,741455,1938180
list,741455,5322756
list,741455,2766244
list,741455,3251498
list,741455,6949578
list,741455,6743016
list,741455,5338060
list,741455,6151120
list,741455,2049486
list,741455,4899442
list,741455,6428214
list,741455,3987734
list,741455,2073716
list,741455,5045034
list,741455,191486
list,741455,3640986
list,741455,862622
list,741455,5327336
list,741455,606800
list,741455,6441216
list,741455,6133010
list,741455,2782432
list,741455,1648430
list,741455,2311978
list,741455,1633768
list,741455,5197032
list,741455,5039654
list,741455,870004
list,741455,1315796
list,741455,7967028
list,741455,2288850
list,741455,3644384
list,741455,5153762
list,741455,1926626
list,741455,5215062
list,741455,4132282
list,741455,880596
list,741455,2876802
list,741455,7036392
list,741455,7191548
list,741455,5168466
list,741455,6651106
list,741455,1961238
list,741455,3536580
vector,1048576,105166
vector,1048576,890174
vector,1048576,578730
vector,1048576,407046
vector,1048576,981114
vector,1048576,272030
vector,1048576,160934
vector,1048576,850926
vector,1048576,1092014
vector,1048576,80840
vector,1048576,1053294
vector,1048576,724588
vector,1048576,609980
vector,1048576,367062
vector,1048576,208222
vector,1048576,935294
vector,1048576,285522
vector,1048576,45840
vector,1048576,1204088
vector,1048576,809358
vector,1048576,299314
vector,1048576,551898
vector,1048576,780934
vector,1048576,917812
vector,1048576,1064774
vector,1048576,532508
vector,1048576,1109080
vector,1048576,1298714
vector,1048576,581142
vector,1048576,910682
vector,1048576,1133542
vector,1048576,427642
vector,1048576,1020322
vector,1048576,1122660
vector,1048576,381714
vector,1048576,319040
vector,1048576,825010
vector,1048576,607550
vector,1048576,43790
vector,1048576,1132032
vector,1048576,284340
vector,1048576,192874
vector,1048576,69040
vector,1048576,49970
vector,1048576,476372
vector,1048576,1048112
vector,1048576,546302
vector,1048576,898316
vector,1048576,670140
vector,1048576,428918
vector,1048576,366030
vector,1048576,460970
vector,1048576,794582
vector,1048576,917436
vector,1048576,53068
vector,1048576,958586
vector,1048576,733260
vector,1048576,692260
vector,1048576,1157180
vector,1048576,578642
vector,1048576,170318
vector,1048576,11684
vector,1048576,802698
vector,1048576,353476
vector,1048576,982436
vector,1048576,950342
vector,1048576,1140234
vector,1048576,424510
vector,1048576,128042
vector,1048576,319756
vector,1048576,402134
vector,1048576,1008460
vector,1048576,985954
vector,1048576,66830
vector,1048576,1335204
vector,1048576,2028146
vector,1048576,378196
vector,1048576,2232084
vector,1048576,1121732
vector,1048576,266118
vector,1048576,297640
vector,1048576,99856
vector,1048576,1163662
vector,1048576,361136
vector,1048576,915544
vector,1048576,275418
vector,1048576,72272
vector,1048576,1146144
vector,1048576,142754
vector,1048576,277998
vector,1048576,865440
vector,1048576,854106
vector,1048576,440718
vector,1048576,996522
vector,1048576,1100300
vector,1048576,1141014
vector,1048576,514360
vector,1048576,924830
vector,1048576,702210
vector,1048576,1281832
vector,1048576,972328
unordered_set,1048576,2498
unordered_set,1048576,1748
unordered_set,1048576,1666
unordered_set,1048576,1928
unordered_set,1048576,1584
unordered_set,1048576,2736
unordered_set,1048576,2012
unordered_set,1048576,1976
unordered_set,1048576,1934
unordered_set,1048576,1780
unordered_set,1048576,1756
unordered_set,1048576,2110
unordered_set,1048576,1982
unordered_set,1048576,1916
unordered_set,1048576,1912
unordered_set,1048576,1418
unordered_set,1048576,1716
unordered_set,1048576,1812
unordered_set,1048576,1752
unordered_set,1048576,1796
unordered_set,1048576,1970
unordered_set,1048576,1736
unordered_set,1048576,1592
unordered_set,1048576,1928
unordered_set,1048576,1584
unordered_set,1048576,1524
unordered_set,1048576,1400
unordered_set,1048576,1454
unordered_set,1048576,1538
unordered_set,1048576,2094
unordered_set,1048576,2086
unordered_set,1048576,1980
unordered_set,1048576,2000
unordered_set,1048576,1996
unordered_set,1048576,1766
unordered_set,1048576,2000
unordered_set,1048576,1626
unordered_set,1048576,1930
unordered_set,1048576,1862
unordered_set,1048576,1940
unordered_set,1048576,1896
unordered_set,1048576,1530
unordered_set,1048576,2014
unordered_set,1048576,1800
unordered_set,1048576,1798
unordered_set,1048576,2736
unordered_set,1048576,2060
unordered_set,1048576,2190
unordered_set,1048576,1904
unordered_set,1048576,1812
unordered_set,1048576,2052
unordered_set,1048576,1668
unordered_set,1048576,1984
unordered_set,1048576,2516
unordered_set,1048576,1934
unordered_set,1048576,1908
unordered_set,1048576,2078
unordered_set,1048576,3176
unordered_set,1048576,1780
unordered_set,1048576,1824
unordered_set,1048576,2288
unordered_set,1048576,2298
unordered_set,1048576,2434
unordered_set,1048576,1086
unordered_set,1048576,1596
unordered_set,1048576,2056
unordered_set,1048576,2036
unordered_set,1048576,1610
unordered_set,1048576,1714
unordered_set,1048576,1658
unordered_set,1048576,1460
unordered_set,1048576,1796
unordered_set,1048576,1352
unordered_set,1048576,1694
unordered_set,1048576,1428
unordered_set,1048576,1580
unordered_set,1048576,1478
unordered_set,1048576,2042
unordered_set,1048576,1260
unordered_set,1048576,1424
unordered_set,1048576,2190
unordered_set,1048576,1744
unordered_set,1048576,1786
unordered_set,1048576,2174
unordered_set,1048576,2100
unordered_set,1048576,2086
unordered_set,1048576,1746
unordered_set,1048576,2016
unordered_set,1048576,2098
unordered_set,1048576,2110
unordered_set,1048576,1736
unordered_set,1048576,2170
unordered_set,1048576,2174
unordered_set,1048576,2134
unordered_set,1048576,1798
unordered_set,1048576,2952
unordered_set,1048576,1788
unordered_set,1048576,1848
unordered_set,1048576,1740
unordered_set,1048576,2020
unordered_set,1048576,1982
set,1048576,6276
set,1048576,6696
set,1048576,8186
set,1048576,7636
set,1048576,8352
set,1048576,7496
set,1048576,8632
set,1048576,8884
set,1048576,7814
set,1048576,7596
set,1048576,9738
set,1048576,8104
set,1048576,7796
set,1048576,8076
set,1048576,8140
set,1048576,8202
set,1048576,9474
set,1048576,8196
set,1048576,7218
set,1048576,7780
set,1048576,10104
set,1048576,8334
set,1048576,8514
set,1048576,8396
set,1048576,8022
set,1048576,7348
set,1048576,8256
set,1048576,8798
set,1048576,8076
set,1048576,7528
set,1048576,9388
set,1048576,8842
set,1048576,8044
set,1048576,7510
set,1048576,7696
set,1048576,7728
set,1048576,6634
set,1048576,9928
set,1048576,8766
set,1048576,8076
set,1048576,7216
set,1048576,8926
set,1048576,7262
set,1048576,8290
set,1048576,7584
set,1048576,7960
set,1048576,8464
set,1048576,7848
set,1048576,8300
set,1048576,8372
set,1048576,6978
set,1048576,9208
set,1048576,8720
set,1048576,7722
set,1048576,7538
set,1048576,8382
set,1048576,6712
set,1048576,7480
set,1048576,8594
set,1048576,7524
set,1048576,9220
set,1048576,8892
set,1048576,7302
set,1048576,7972
set,1048576,7728
set,1048576,8060
set,1048576,8112
set,1048576,7864
set,1048576,7666
set,1048576,8110
set,1048576,7970
set,1048576,7738
set,1048576,9264
set,1048576,7966
set,1048576,8208
set,1048576,7638
set,1048576,6708
set,1048576,7672
set,1048576,6720
set,1048576,9286
set,1048576,7348
set,1048576,6672
set,1048576,9670
set,1048576,8512
set,1048576,7650
set,1048576,6614
set,1048576,8012
set,1048576,7700
set,1048576,8250
set,1048576,8580
set,1048576,8530
set,1048576,9852
set,1048576,9158
set,1048576,7666
set,1048576,7492
set,1048576,8478
set,1048576,8156
set,1048576,7922
set,1048576,7470
set,1048576,9618
set,1048576,8404
list,1048576,1581718
list,1048576,4714610
list,1048576,874038
list,1048576,6442776
list,1048576,1835280
list,1048576,7548232
list,1048576,9457948
list,1048576,4311548
list,1048576,5321140
list,1048576,1645826
list,1048576,5899096
list,1048576,9552002
list,1048576,3461880
list,1048576,9533024
list,1048576,5754092
list,1048576,6086434
list,1048576,6022554
list,1048576,6598428
list,1048576,6682940
list,1048576,2795770
list,1048576,3723022
list,1048576,7136924
list,1048576,1612284
list,1048576,9182864
list,1048576,6625196
list,1048576,3493556
list,1048576,2698484
list,1048576,5611146
list,1048576,5898736
list,1048576,959444
list,1048576,4456080
list,1048576,2231048
list,1048576,9576434
list,1048576,3856524
list,1048576,9966522
list,1048576,2444878
list,1048576,5593032
list,1048576,7294212
list,1048576,371302
list,1048576,5059854
list,1048576,3617490
list,1048576,4846618
list,1048576,8495748
list,1048576,9715270
list,1048576,6403276
list,1048576,8472000
list,1048576,3938536
list,1048576,9236556
list,1048576,5619822
list,1048576,9135942
list,1048576,4349812
list,1048576,5172502
list,1048576,8682046
list,1048576,9654706
list,1048576,6787926
list,1048576,1600052
list,1048576,9011208
list,1048576,4329246
list,1048576,3801222
list,1048576,6873578
list,1048576,6392022
list,1048576,8314492
list,1048576,3203576
list,1048576,17088522
list,1048576,6384906
list,1048576,4744760
list,1048576,6906952
list,1048576,206562
list,1048576,9168316
list,1048576,9232378
list,1048576,5350418
list,1048576,8810834
list,1048576,4738750
list,1048576,9067486
list,1048576,1988068
list,1048576,4579862
list,1048576,1277182
list,1048576,2933916
list,1048576,10198456
list,1048576,325068
list,1048576,3379756
list,1048576,7102010
list,1048576,4825868
list,1048576,5920348
list,1048576,6634086
list,1048576,9393208
list,1048576,2017824
list,1048576,3217812
list,1048576,4672276
list,1048576,443076
list,1048576,5064792
list,1048576,2089508
list,1048576,1775202
list,1048576,1110530
list,1048576,4041122
list,1048576,4718936
list,1048576,9091450
list,1048576,6765556
list,1048576,4049018
list,1048576,8251862
list,1048576,6622126
