variant,x,cycles_per_iter,misses_per_iter
random,0.0,1.8000,0.00009
random,0.0,1.7994,0.00006
random,0.0,1.7990,0.00003
random,0.0,1.7986,0.00003
random,0.0,1.7984,0.00003
random,0.0,1.7982,0.00003
random,0.0,1.7983,0.00003
random,0.0,1.7985,0.00003
random,0.0,1.7987,0.00003
random,0.0,1.7987,0.00003
random,0.0,1.7984,0.00003
random,0.0,1.7982,0.00003
random,0.0,1.7983,0.00003
random,0.0,1.7985,0.00003
random,0.0,1.7987,0.00003
random,0.0,1.7986,0.00003
random,0.0,1.7985,0.00003
random,0.0,1.7982,0.00003
random,0.0,1.7983,0.00003
random,0.0,1.7985,0.00003
random,0.0,1.7987,0.00003
random,0.0,1.7987,0.00003
random,0.0,1.7985,0.00003
random,0.0,1.7982,0.00003
random,0.0,1.7983,0.00003
random,0.0,1.7985,0.00003
random,0.0,1.7987,0.00003
random,0.0,1.7987,0.00003
random,0.0,1.7985,0.00003
random,0.0,1.7983,0.00003
random,0.0,1.7982,0.00003
branchless,0.0,2.8945,0.00008
branchless,0.0,2.8971,0.00003
branchless,0.0,2.8977,0.00003
branchless,0.0,2.8962,0.00003
branchless,0.0,2.8994,0.00003
branchless,0.0,2.8975,0.00003
branchless,0.0,2.8973,0.00003
branchless,0.0,2.8969,0.00003
branchless,0.0,2.8970,0.00003
branchless,0.0,2.8952,0.00003
branchless,0.0,2.8995,0.00003
branchless,0.0,2.8971,0.00003
branchless,0.0,2.8972,0.00003
branchless,0.0,2.8964,0.00003
branchless,0.0,2.8965,0.00003
branchless,0.0,2.8957,0.00003
branchless,0.0,2.9007,0.00003
branchless,0.0,2.8999,0.00003
branchless,0.0,2.8967,0.00003
branchless,0.0,2.8977,0.00003
branchless,0.0,2.8998,0.00003
branchless,0.0,2.8966,0.00003
branchless,0.0,2.8980,0.00003
branchless,0.0,2.8958,0.00003
branchless,0.0,2.8966,0.00003
branchless,0.0,2.8958,0.00003
branchless,0.0,2.8990,0.00003
branchless,0.0,2.9026,0.00003
branchless,0.0,4.9247,0.00003
branchless,0.0,2.8965,0.00003
branchless,0.0,2.8981,0.00003
sorted,0.0,1.7988,0.00005
sorted,0.0,1.7982,0.00003
sorted,0.0,1.7984,0.00003
sorted,0.0,1.7986,0.00003
sorted,0.0,1.7988,0.00003
sorted,0.0,1.7986,0.00003
sorted,0.0,1.7984,0.00003
sorted,0.0,1.7982,0.00003
sorted,0.0,1.7984,0.00003
sorted,0.0,1.7986,0.00003
sorted,0.0,1.7988,0.00003
sorted,0.0,1.7986,0.00003
sorted,0.0,1.7984,0.00003
sorted,0.0,1.7982,0.00003
sorted,0.0,1.7983,0.00003
sorted,0.0,1.7986,0.00003
sorted,0.0,1.7988,0.00003
sorted,0.0,1.7986,0.00003
sorted,0.0,1.7985,0.00003
sorted,0.0,1.7983,0.00003
sorted,0.0,1.7983,0.00003
sorted,0.0,1.7986,0.00003
sorted,0.0,1.7987,0.00003
sorted,0.0,1.7987,0.00003
sorted,0.0,1.7985,0.00003
sorted,0.0,1.7983,0.00003
sorted,0.0,1.7983,0.00003
sorted,0.0,1.7985,0.00003
sorted,0.0,1.7987,0.00003
sorted,0.0,1.7987,0.00003
sorted,0.0,1.7985,0.00003
random,2.0,2.3820,0.02168
random,2.0,2.3800,0.02141
random,2.0,2.3747,0.02119
random,2.0,2.3694,0.02107
random,2.0,2.3689,0.02110
random,2.0,2.3701,0.02113
random,2.0,2.3771,0.02150
random,2.0,2.3672,0.02086
random,2.0,2.3721,0.02129
random,2.0,2.3743,0.02110
random,2.0,2.3695,0.02098
random,2.0,2.3666,0.02081
random,2.0,2.3690,0.02116
random,2.0,2.3673,0.02083
random,2.0,2.3698,0.02098
random,2.0,2.3743,0.02124
random,2.0,2.3682,0.02094
random,2.0,2.3757,0.02136
random,2.0,2.3659,0.02078
random,2.0,2.3773,0.02116
random,2.0,2.3687,0.02110
random,2.0,2.3714,0.02113
random,2.0,2.3700,0.02115
random,2.0,2.3698,0.02094
random,2.0,2.3712,0.02118
random,2.0,2.3697,0.02101
random,2.0,2.3758,0.02129
random,2.0,2.5199,0.02104
random,2.0,2.3753,0.02130
random,2.0,2.3773,0.02135
random,2.0,2.3693,0.02092
branchless,2.0,2.8969,0.00005
branchless,2.0,2.8957,0.00005
branchless,2.0,2.8975,0.00005
branchless,2.0,2.8992,0.00005
branchless,2.0,2.8958,0.00003
branchless,2.0,2.8992,0.00003
branchless,2.0,2.8973,0.00003
branchless,2.0,2.8968,0.00003
branchless,2.0,2.8991,0.00003
branchless,2.0,2.8952,0.00003
branchless,2.0,2.8976,0.00003
branchless,2.0,2.8951,0.00003
branchless,2.0,2.8959,0.00003
branchless,2.0,2.8942,0.00003
branchless,2.0,2.8980,0.00003
branchless,2.0,2.8952,0.00003
branchless,2.0,2.8914,0.00003
branchless,2.0,2.8965,0.00003
branchless,2.0,2.9018,0.00003
branchless,2.0,2.8973,0.00003
branchless,2.0,2.8949,0.00003
branchless,2.0,2.8947,0.00003
branchless,2.0,2.8985,0.00003
branchless,2.0,2.8976,0.00003
branchless,2.0,2.9005,0.00003
branchless,2.0,2.8945,0.00003
branchless,2.0,2.8957,0.00003
branchless,2.0,2.8958,0.00003
branchless,2.0,2.8973,0.00003
branchless,2.0,2.8930,0.00003
branchless,2.0,2.9014,0.00003
sorted,2.0,1.8199,0.00017
sorted,2.0,1.8206,0.00020
sorted,2.0,1.8223,0.00026
sorted,2.0,1.8190,0.00011
sorted,2.0,1.8170,0.00005
sorted,2.0,1.8169,0.00005
sorted,2.0,1.8166,0.00005
sorted,2.0,1.8167,0.00005
sorted,2.0,1.8170,0.00005
sorted,2.0,1.8172,0.00005
sorted,2.0,1.8171,0.00005
sorted,2.0,1.8167,0.00005
sorted,2.0,1.8166,0.00005
sorted,2.0,1.8168,0.00005
sorted,2.0,1.8170,0.00005
sorted,2.0,1.8173,0.00005
sorted,2.0,1.8170,0.00005
sorted,2.0,1.8167,0.00005
sorted,2.0,1.8166,0.00005
sorted,2.0,1.8168,0.00005
sorted,2.0,1.8170,0.00005
sorted,2.0,1.8173,0.00005
sorted,2.0,1.8170,0.00005
sorted,2.0,1.8167,0.00005
sorted,2.0,1.8167,0.00005
sorted,2.0,1.8170,0.00005
sorted,2.0,1.8172,0.00005
sorted,2.0,1.8171,0.00005
sorted,2.0,1.8168,0.00005
sorted,2.0,1.8166,0.00005
sorted,2.0,1.8167,0.00005
random,4.0,2.9500,0.04337
random,4.0,2.9243,0.04254
random,4.0,2.9206,0.04240
random,4.0,2.9060,0.04179
random,4.0,4.0222,0.04189
random,4.0,2.9125,0.04190
random,4.0,2.9141,0.04204
random,4.0,2.9079,0.04167
random,4.0,2.9253,0.04219
random,4.0,2.9019,0.04156
random,4.0,2.8977,0.04156
random,4.0,2.9019,0.04146
random,4.0,2.9149,0.04179
random,4.0,2.9052,0.04158
random,4.0,2.9297,0.04167
random,4.0,2.9059,0.04173
random,4.0,2.9138,0.04208
random,4.0,2.9160,0.04164
random,4.0,2.9031,0.04115
random,4.0,2.9103,0.04135
random,4.0,2.9316,0.04164
random,4.0,2.9172,0.04121
random,4.0,2.9184,0.04199
random,4.0,2.9350,0.04214
random,4.0,2.9349,0.04291
random,4.0,2.9261,0.04236
random,4.0,2.9202,0.04181
random,4.0,2.9255,0.04195
random,4.0,2.9340,0.04190
random,4.0,2.9321,0.04193
random,4.0,2.9201,0.04169
branchless,4.0,2.9062,0.00005
branchless,4.0,2.9580,0.00005
branchless,4.0,2.9253,0.00005
branchless,4.0,2.9014,0.00005
branchless,4.0,2.9156,0.00003
branchless,4.0,2.9245,0.00003
branchless,4.0,2.9292,0.00003
branchless,4.0,2.9240,0.00003
branchless,4.0,2.9248,0.00003
branchless,4.0,2.9138,0.00003
branchless,4.0,2.9278,0.00003
branchless,4.0,2.9037,0.00003
branchless,4.0,2.8996,0.00003
branchless,4.0,2.9290,0.00003
branchless,4.0,2.9211,0.00003
branchless,4.0,2.9308,0.00003
branchless,4.0,2.9321,0.00003
branchless,4.0,2.9082,0.00003
branchless,4.0,2.9258,0.00003
branchless,4.0,2.9533,0.00003
branchless,4.0,2.9205,0.00003
branchless,4.0,2.9205,0.00003
branchless,4.0,2.9156,0.00003
branchless,4.0,2.9251,0.00003
branchless,4.0,3.3281,0.00003
branchless,4.0,2.9046,0.00003
branchless,4.0,2.9417,0.00003
branchless,4.0,3.0248,0.00003
branchless,4.0,2.9159,0.00003
branchless,4.0,3.0045,0.00002
branchless,4.0,2.9077,0.00003
sorted,4.0,1.9038,0.00017
sorted,4.0,1.8969,0.00023
sorted,4.0,1.8933,0.00021
sorted,4.0,1.9023,0.00011
sorted,4.0,1.8865,0.00005
sorted,4.0,1.9191,0.00005
sorted,4.0,1.9065,0.00005
sorted,4.0,1.8927,0.00005
sorted,4.0,1.9006,0.00005
sorted,4.0,1.8867,0.00005
sorted,4.0,1.9000,0.00005
sorted,4.0,1.8853,0.00005
sorted,4.0,1.9454,0.00014
sorted,4.0,1.9018,0.00012
sorted,4.0,1.8883,0.00011
sorted,4.0,1.9045,0.00008
sorted,4.0,1.8932,0.00008
sorted,4.0,1.8947,0.00008
sorted,4.0,1.9035,0.00008
sorted,4.0,1.8935,0.00008
sorted,4.0,1.9130,0.00008
sorted,4.0,1.8947,0.00008
sorted,4.0,1.8947,0.00008
sorted,4.0,1.9035,0.00008
sorted,4.0,1.8916,0.00008
sorted,4.0,1.9169,0.00008
sorted,4.0,1.8969,0.00008
sorted,4.0,1.8868,0.00008
sorted,4.0,1.9036,0.00008
sorted,4.0,1.9032,0.00008
sorted,4.0,1.8939,0.00008
random,6.0,3.6992,0.06897
random,6.0,3.7274,0.06938
random,6.0,3.6886,0.06737
random,6.0,3.7334,0.06844
random,6.0,3.8123,0.07210
random,6.0,3.6837,0.06717
random,6.0,3.8220,0.06738
random,6.0,3.6765,0.06644
random,6.0,3.6846,0.06689
random,6.0,3.6764,0.06647
random,6.0,3.6468,0.06622
random,6.0,3.9307,0.06592
random,6.0,3.6564,0.06670
random,6.0,3.6820,0.06818
random,6.0,3.6330,0.06560
random,6.0,3.6937,0.06676
random,6.0,3.7681,0.06714
random,6.0,3.7571,0.06755
random,6.0,3.7418,0.07042
random,6.0,3.7474,0.07016
random,6.0,3.8153,0.07114
random,6.0,3.7282,0.06816
random,6.0,3.7791,0.07083
random,6.0,3.7689,0.07182
random,6.0,3.7459,0.07040
random,6.0,3.6767,0.06606
random,6.0,3.6518,0.06665
random,6.0,3.6371,0.06616
random,6.0,3.6559,0.06691
random,6.0,3.6492,0.06602
random,6.0,3.6263,0.06631
branchless,6.0,2.9878,0.00005
branchless,6.0,2.9869,0.00005
branchless,6.0,2.9771,0.00005
branchless,6.0,2.9877,0.00005
branchless,6.0,2.9812,0.00003
branchless,6.0,2.9978,0.00003
branchless,6.0,2.9834,0.00003
branchless,6.0,2.9734,0.00003
branchless,6.0,2.9946,0.00003
branchless,6.0,2.9962,0.00003
branchless,6.0,3.0011,0.00003
branchless,6.0,3.0480,0.00003
branchless,6.0,3.0024,0.00003
branchless,6.0,3.0004,0.00003
branchless,6.0,2.9980,0.00003
branchless,6.0,2.9940,0.00003
branchless,6.0,3.0014,0.00003
branchless,6.0,3.0204,0.00003
branchless,6.0,3.0108,0.00003
branchless,6.0,2.9889,0.00003
branchless,6.0,3.1356,0.00003
branchless,6.0,3.0332,0.00003
branchless,6.0,3.0073,0.00003
branchless,6.0,3.0243,0.00003
branchless,6.0,3.5720,0.00003
branchless,6.0,2.9984,0.00003
branchless,6.0,3.0055,0.00003
branchless,6.0,2.9943,0.00003
branchless,6.0,3.0053,0.00003
branchless,6.0,3.0569,0.00003
branchless,6.0,3.0776,0.00003
sorted,6.0,1.9111,0.00018
sorted,6.0,1.9348,0.00021
sorted,6.0,1.9144,0.00020
sorted,6.0,1.9156,0.00020
sorted,6.0,1.9156,0.00009
sorted,6.0,1.9041,0.00005
sorted,6.0,1.9254,0.00005
sorted,6.0,1.9117,0.00005
sorted,6.0,1.9067,0.00005
sorted,6.0,1.9088,0.00005
sorted,6.0,1.9112,0.00005
sorted,6.0,1.9127,0.00018
sorted,6.0,1.9263,0.00005
sorted,6.0,1.9356,0.00005
sorted,6.0,1.9160,0.00005
sorted,6.0,1.9148,0.00005
sorted,6.0,1.9084,0.00005
sorted,6.0,1.9314,0.00005
sorted,6.0,1.9336,0.00005
sorted,6.0,1.9093,0.00005
sorted,6.0,1.9133,0.00005
sorted,6.0,1.9067,0.00005
sorted,6.0,1.9065,0.00005
sorted,6.0,1.9118,0.00005
sorted,6.0,1.9145,0.00005
sorted,6.0,1.9192,0.00005
sorted,6.0,1.9437,0.00005
sorted,6.0,1.9157,0.00005
sorted,6.0,2.1217,0.00017
sorted,6.0,1.9355,0.00008
sorted,6.0,1.9156,0.00005
random,8.0,4.3388,0.09259
random,8.0,4.2746,0.08908
random,8.0,4.1718,0.08772
random,8.0,4.1363,0.08620
random,8.0,4.2434,0.08591
random,8.0,4.1258,0.08517
random,8.0,4.1182,0.08511
random,8.0,4.1353,0.08578
random,8.0,4.1352,0.08575
random,8.0,4.1353,0.08525
random,8.0,4.2349,0.08592
random,8.0,4.1233,0.08560
random,8.0,4.2030,0.08546
random,8.0,4.1726,0.08759
random,8.0,4.1091,0.08524
random,8.0,4.1517,0.08659
random,8.0,4.1231,0.08594
random,8.0,4.2609,0.09097
random,8.0,4.2585,0.09081
random,8.0,4.2806,0.09119
random,8.0,4.5404,0.09033
random,8.0,4.1117,0.08540
random,8.0,4.1570,0.08716
random,8.0,4.2806,0.09195
random,8.0,4.2770,0.09154
random,8.0,4.2423,0.09044
random,8.0,4.2846,0.09132
random,8.0,4.1370,0.08612
random,8.0,4.1029,0.08450
random,8.0,4.1093,0.08540
random,8.0,4.2494,0.09050
branchless,8.0,2.9861,0.00005
branchless,8.0,2.9949,0.00005
branchless,8.0,2.9794,0.00003
branchless,8.0,2.9867,0.00005
branchless,8.0,2.9767,0.00005
branchless,8.0,2.9945,0.00003
branchless,8.0,2.9869,0.00003
branchless,8.0,2.9885,0.00003
branchless,8.0,3.0024,0.00003
branchless,8.0,3.0117,0.00003
branchless,8.0,2.9913,0.00003
branchless,8.0,2.9789,0.00003
branchless,8.0,2.9896,0.00003
branchless,8.0,2.9871,0.00003
branchless,8.0,2.9813,0.00003
branchless,8.0,2.9746,0.00003
branchless,8.0,2.9939,0.00003
branchless,8.0,3.0136,0.00003
branchless,8.0,3.0821,0.00003
branchless,8.0,3.0122,0.00003
branchless,8.0,2.9857,0.00003
branchless,8.0,3.0014,0.00003
branchless,8.0,2.9796,0.00003
branchless,8.0,2.9967,0.00003
branchless,8.0,2.9809,0.00003
branchless,8.0,2.9867,0.00003
branchless,8.0,2.9857,0.00003
branchless,8.0,2.9848,0.00003
branchless,8.0,2.9893,0.00003
branchless,8.0,2.9948,0.00003
branchless,8.0,3.0286,0.00003
sorted,8.0,1.9290,0.00014
sorted,8.0,1.9289,0.00017
sorted,8.0,1.9706,0.00014
sorted,8.0,2.0131,0.00017
sorted,8.0,1.9388,0.00005
sorted,8.0,1.9456,0.00008
sorted,8.0,1.9242,0.00005
sorted,8.0,1.9408,0.00005
sorted,8.0,1.9267,0.00005
sorted,8.0,1.9342,0.00005
sorted,8.0,1.9291,0.00005
sorted,8.0,1.9200,0.00005
sorted,8.0,1.9371,0.00005
sorted,8.0,1.9254,0.00005
sorted,8.0,2.2933,0.00015
sorted,8.0,1.9324,0.00005
sorted,8.0,1.9234,0.00005
sorted,8.0,1.9252,0.00005
sorted,8.0,1.9436,0.00005
sorted,8.0,1.9196,0.00005
sorted,8.0,1.9264,0.00005
sorted,8.0,1.9873,0.00005
sorted,8.0,1.9521,0.00005
sorted,8.0,1.9193,0.00005
sorted,8.0,1.9197,0.00005
sorted,8.0,1.9300,0.00005
sorted,8.0,1.9288,0.00005
sorted,8.0,1.9285,0.00005
sorted,8.0,1.9268,0.00005
sorted,8.0,1.9356,0.00005
sorted,8.0,1.9193,0.00005
random,10.0,4.8297,0.11417
random,10.0,4.8651,0.11584
random,10.0,4.9252,0.11794
random,10.0,4.8997,0.11661
random,10.0,4.9861,0.11983
random,10.0,4.9162,0.11737
random,10.0,4.8804,0.11612
random,10.0,5.0623,0.12294
random,10.0,5.0427,0.12263
random,10.0,5.0133,0.12148
random,10.0,4.9625,0.11952
random,10.0,4.9607,0.11850
random,10.0,4.8454,0.11481
random,10.0,4.8255,0.11369
random,10.0,4.8195,0.11391
random,10.0,5.1504,0.12132
random,10.0,4.8966,0.11674
random,10.0,4.8105,0.11340
random,10.0,4.9801,0.11894
random,10.0,5.0283,0.12132
random,10.0,5.0331,0.12164
random,10.0,5.0927,0.12440
random,10.0,4.9421,0.11819
random,10.0,5.2793,0.11514
random,10.0,4.8325,0.11363
random,10.0,4.9922,0.12032
random,10.0,5.1644,0.12393
random,10.0,5.0700,0.12177
random,10.0,5.1632,0.12381
random,10.0,4.9237,0.11618
random,10.0,4.9594,0.11745
branchless,10.0,2.9856,0.00005
branchless,10.0,3.0226,0.00005
branchless,10.0,2.9992,0.00005
branchless,10.0,3.0762,0.00005
branchless,10.0,3.3002,0.00005
branchless,10.0,3.0034,0.00003
branchless,10.0,2.9868,0.00003
branchless,10.0,2.9917,0.00003
branchless,10.0,2.9828,0.00003
branchless,10.0,3.0066,0.00003
branchless,10.0,2.9936,0.00003
branchless,10.0,2.9917,0.00003
branchless,10.0,2.9946,0.00003
branchless,10.0,3.0165,0.00003
branchless,10.0,3.0696,0.00003
branchless,10.0,3.0366,0.00003
branchless,10.0,2.9976,0.00003
branchless,10.0,3.0074,0.00003
branchless,10.0,3.3399,0.00002
branchless,10.0,3.2357,0.00003
branchless,10.0,3.0258,0.00003
branchless,10.0,3.0036,0.00003
branchless,10.0,2.9850,0.00003
branchless,10.0,3.0008,0.00003
branchless,10.0,2.9939,0.00003
branchless,10.0,2.9754,0.00003
branchless,10.0,2.9818,0.00003
branchless,10.0,3.0055,0.00003
branchless,10.0,2.9841,0.00003
branchless,10.0,2.9823,0.00003
branchless,10.0,2.9782,0.00003
sorted,10.0,2.0341,0.00017
sorted,10.0,1.9732,0.00021
sorted,10.0,1.9463,0.00011
sorted,10.0,1.9614,0.00006
sorted,10.0,1.9575,0.00005
sorted,10.0,1.9821,0.00005
sorted,10.0,1.9458,0.00005
sorted,10.0,1.9866,0.00005
sorted,10.0,1.9475,0.00005
sorted,10.0,1.9536,0.00005
sorted,10.0,1.9443,0.00005
sorted,10.0,1.9409,0.00005
sorted,10.0,1.9760,0.00005
sorted,10.0,1.9427,0.00005
sorted,10.0,1.9633,0.00005
sorted,10.0,1.9431,0.00005
sorted,10.0,2.2124,0.00017
sorted,10.0,2.1357,0.00005
sorted,10.0,1.9776,0.00005
sorted,10.0,1.9520,0.00005
sorted,10.0,1.9554,0.00005
sorted,10.0,1.9409,0.00005
sorted,10.0,1.9403,0.00005
sorted,10.0,1.9399,0.00005
sorted,10.0,1.9406,0.00005
sorted,10.0,1.9408,0.00005
sorted,10.0,1.9403,0.00005
sorted,10.0,1.9399,0.00005
sorted,10.0,1.9406,0.00005
sorted,10.0,1.9408,0.00005
sorted,10.0,1.9402,0.00005
random,12.0,6.6169,0.14311
random,12.0,6.9586,0.14047
random,12.0,6.9898,0.14275
random,12.0,6.9968,0.14536
random,12.0,6.8346,0.13741
random,12.0,7.0836,0.14017
random,12.0,6.8605,0.13506
random,12.0,7.0376,0.13817
random,12.0,7.0545,0.14668
random,12.0,7.0450,0.14333
random,12.0,6.8268,0.13611
random,12.0,6.8942,0.14026
random,12.0,6.6328,0.13663
random,12.0,6.7585,0.14279
random,12.0,6.8504,0.14478
random,12.0,6.7359,0.14522
random,12.0,5.8943,0.14809
random,12.0,6.8241,0.14420
random,12.0,5.6131,0.14519
random,12.0,5.6678,0.14728
random,12.0,5.7607,0.15134
random,12.0,5.5759,0.14391
random,12.0,5.4604,0.13972
random,12.0,5.4522,0.13911
random,12.0,5.4691,0.13979
random,12.0,5.5661,0.14389
random,12.0,5.4735,0.14018
random,12.0,5.5066,0.14157
random,12.0,5.6815,0.14845
random,12.0,5.6487,0.14716
random,12.0,5.6104,0.14508
branchless,12.0,2.9761,0.00005
branchless,12.0,2.9747,0.00005
branchless,12.0,2.9748,0.00005
branchless,12.0,2.9766,0.00005
branchless,12.0,2.9751,0.00003
branchless,12.0,2.9737,0.00003
branchless,12.0,2.9779,0.00003
branchless,12.0,2.9724,0.00003
branchless,12.0,2.9786,0.00003
branchless,12.0,2.9754,0.00003
branchless,12.0,2.9758,0.00003
branchless,12.0,2.9766,0.00003
branchless,12.0,2.9740,0.00003
branchless,12.0,2.9729,0.00003
branchless,12.0,2.9751,0.00003
branchless,12.0,2.9784,0.00003
branchless,12.0,2.9761,0.00003
branchless,12.0,2.9768,0.00003
branchless,12.0,2.9748,0.00003
branchless,12.0,2.9786,0.00003
branchless,12.0,2.9796,0.00003
branchless,12.0,2.9749,0.00003
branchless,12.0,2.9735,0.00003
branchless,12.0,2.9772,0.00003
branchless,12.0,2.9780,0.00003
branchless,12.0,2.9774,0.00003
branchless,12.0,2.9783,0.00003
branchless,12.0,2.9744,0.00003
branchless,12.0,2.9738,0.00003
branchless,12.0,2.9743,0.00003
branchless,12.0,2.9757,0.00003
sorted,12.0,1.9616,0.00015
sorted,12.0,1.9632,0.00021
sorted,12.0,1.9626,0.00023
sorted,12.0,1.9602,0.00012
sorted,12.0,1.9597,0.00008
sorted,12.0,1.9583,0.00005
sorted,12.0,1.9581,0.00005
sorted,12.0,1.9582,0.00005
sorted,12.0,1.9588,0.00005
sorted,12.0,1.9582,0.00005
sorted,12.0,1.9576,0.00005
sorted,12.0,1.9586,0.00005
sorted,12.0,1.9587,0.00005
sorted,12.0,1.9584,0.00005
sorted,12.0,1.9577,0.00005
sorted,12.0,1.9589,0.00005
sorted,12.0,1.9587,0.00005
sorted,12.0,1.9583,0.00005
sorted,12.0,1.9579,0.00005
sorted,12.0,1.9586,0.00005
sorted,12.0,1.9584,0.00005
sorted,12.0,1.9576,0.00005
sorted,12.0,1.9584,0.00005
sorted,12.0,1.9589,0.00005
sorted,12.0,1.9586,0.00005
sorted,12.0,1.9577,0.00005
sorted,12.0,1.9582,0.00005
sorted,12.0,1.9588,0.00005
sorted,12.0,1.9585,0.00005
sorted,12.0,1.9577,0.00005
sorted,12.0,1.9587,0.00005
random,14.0,6.2668,0.17076
random,14.0,6.2435,0.17053
random,14.0,6.2085,0.16916
random,14.0,6.3608,0.17513
random,14.0,6.3391,0.17447
random,14.0,6.1693,0.16794
random,14.0,6.2284,0.17033
random,14.0,6.1609,0.16750
random,14.0,6.2687,0.17169
random,14.0,6.2642,0.17149
random,14.0,6.2905,0.17149
random,14.0,6.3045,0.17294
random,14.0,6.0434,0.16318
random,14.0,6.2843,0.16664
random,14.0,6.2160,0.16888
random,14.0,6.1866,0.16833
random,14.0,6.0982,0.16489
random,14.0,6.1846,0.16766
random,14.0,6.2150,0.16983
random,14.0,6.1682,0.16782
random,14.0,6.3372,0.17444
random,14.0,6.1117,0.16554
random,14.0,6.1567,0.16727
random,14.0,6.2666,0.17113
random,14.0,6.1695,0.16766
random,14.0,6.1907,0.16843
random,14.0,6.1248,0.16591
random,14.0,6.0725,0.16420
random,14.0,6.1785,0.16815
random,14.0,6.1171,0.16576
random,14.0,6.0947,0.16495
branchless,14.0,2.9703,0.00005
branchless,14.0,2.9776,0.00005
branchless,14.0,2.9752,0.00005
branchless,14.0,2.9767,0.00005
branchless,14.0,2.9778,0.00003
branchless,14.0,2.9783,0.00003
branchless,14.0,2.9752,0.00003
branchless,14.0,2.9796,0.00003
branchless,14.0,2.9716,0.00003
branchless,14.0,2.9763,0.00003
branchless,14.0,2.9738,0.00003
branchless,14.0,2.9779,0.00003
branchless,14.0,2.9758,0.00003
branchless,14.0,2.9802,0.00003
branchless,14.0,2.9772,0.00003
branchless,14.0,2.9770,0.00003
branchless,14.0,2.9791,0.00003
branchless,14.0,2.9742,0.00003
branchless,14.0,2.9757,0.00003
branchless,14.0,2.9796,0.00003
branchless,14.0,2.9780,0.00003
branchless,14.0,2.9768,0.00003
branchless,14.0,2.9738,0.00003
branchless,14.0,2.9757,0.00003
branchless,14.0,2.9758,0.00003
branchless,14.0,2.9761,0.00003
branchless,14.0,2.9730,0.00003
branchless,14.0,2.9759,0.00003
branchless,14.0,2.9794,0.00003
branchless,14.0,2.9798,0.00003
branchless,14.0,3.0934,0.00003
sorted,14.0,1.9800,0.00017
sorted,14.0,1.9807,0.00018
sorted,14.0,1.9792,0.00012
sorted,14.0,1.9762,0.00005
sorted,14.0,1.9771,0.00005
sorted,14.0,1.9766,0.00005
sorted,14.0,1.9763,0.00005
sorted,14.0,1.9765,0.00005
sorted,14.0,1.9774,0.00005
sorted,14.0,1.9763,0.00005
sorted,14.0,1.9764,0.00005
sorted,14.0,1.9768,0.00005
sorted,14.0,1.9769,0.00005
sorted,14.0,1.9761,0.00005
sorted,14.0,1.9764,0.00005
sorted,14.0,1.9771,0.00005
sorted,14.0,1.9765,0.00005
sorted,14.0,1.9764,0.00005
sorted,14.0,1.9767,0.00005
sorted,14.0,1.9772,0.00005
sorted,14.0,1.9766,0.00005
sorted,14.0,1.9760,0.00005
sorted,14.0,1.9773,0.00005
sorted,14.0,1.9769,0.00005
sorted,14.0,1.9760,0.00005
sorted,14.0,1.9785,0.00006
sorted,14.0,1.9766,0.00005
sorted,14.0,1.9760,0.00005
sorted,14.0,1.9767,0.00005
sorted,14.0,1.9771,0.00005
sorted,14.0,1.9762,0.00005
random,16.0,6.8184,0.19304
random,16.0,6.7911,0.19199
random,16.0,6.7721,0.19147
random,16.0,6.7662,0.19180
random,16.0,6.8608,0.19530
random,16.0,6.7668,0.19160
random,16.0,6.7452,0.19032
random,16.0,6.8319,0.19429
random,16.0,6.8252,0.18787
random,16.0,6.7610,0.19110
random,16.0,6.7586,0.19138
random,16.0,6.7666,0.19099
random,16.0,6.8925,0.19617
random,16.0,6.7714,0.19151
random,16.0,6.7246,0.18924
random,16.0,6.8258,0.19328
random,16.0,6.9086,0.19730
random,16.0,6.8575,0.19478
random,16.0,6.7847,0.19165
random,16.0,6.7863,0.19191
random,16.0,6.7706,0.19115
random,16.0,6.7268,0.18967
random,16.0,6.7618,0.19073
random,16.0,6.7812,0.19165
random,16.0,6.8080,0.19267
random,16.0,6.8972,0.19603
random,16.0,6.8117,0.19324
random,16.0,6.9792,0.19942
random,16.0,6.8049,0.19260
random,16.0,6.7113,0.18930
random,16.0,6.8251,0.19342
branchless,16.0,2.9768,0.00005
branchless,16.0,2.9768,0.00005
branchless,16.0,2.9784,0.00005
branchless,16.0,2.9749,0.00005
branchless,16.0,2.9761,0.00003
branchless,16.0,2.9760,0.00003
branchless,16.0,2.9746,0.00003
branchless,16.0,2.9774,0.00003
branchless,16.0,2.9760,0.00003
branchless,16.0,2.9731,0.00003
branchless,16.0,2.9770,0.00003
branchless,16.0,2.9761,0.00003
branchless,16.0,2.9751,0.00003
branchless,16.0,2.9761,0.00003
branchless,16.0,3.1641,0.00003
branchless,16.0,2.9737,0.00003
branchless,16.0,2.9762,0.00003
branchless,16.0,2.9758,0.00003
branchless,16.0,2.9752,0.00003
branchless,16.0,2.9801,0.00003
branchless,16.0,2.9755,0.00003
branchless,16.0,2.9759,0.00003
branchless,16.0,2.9767,0.00003
branchless,16.0,2.9744,0.00003
branchless,16.0,2.9748,0.00003
branchless,16.0,2.9771,0.00003
branchless,16.0,2.9778,0.00003
branchless,16.0,2.9726,0.00003
branchless,16.0,2.9780,0.00003
branchless,16.0,2.9758,0.00003
branchless,16.0,2.9777,0.00003
sorted,16.0,1.9991,0.00017
sorted,16.0,2.0004,0.00026
sorted,16.0,1.9993,0.00020
sorted,16.0,1.9990,0.00017
sorted,16.0,2.0004,0.00024
sorted,16.0,1.9965,0.00011
sorted,16.0,1.9953,0.00005
sorted,16.0,1.9953,0.00005
sorted,16.0,1.9945,0.00005
sorted,16.0,1.9949,0.00005
sorted,16.0,1.9957,0.00005
sorted,16.0,1.9952,0.00005
sorted,16.0,1.9944,0.00005
sorted,16.0,1.9956,0.00005
sorted,16.0,1.9956,0.00005
sorted,16.0,1.9945,0.00005
sorted,16.0,1.9953,0.00005
sorted,16.0,1.9956,0.00005
sorted,16.0,1.9948,0.00005
sorted,16.0,1.9948,0.00005
sorted,16.0,1.9957,0.00005
sorted,16.0,1.9956,0.00005
sorted,16.0,1.9948,0.00005
sorted,16.0,1.9949,0.00005
sorted,16.0,1.9960,0.00005
sorted,16.0,1.9949,0.00005
sorted,16.0,1.9945,0.00005
sorted,16.0,1.9955,0.00005
sorted,16.0,1.9953,0.00005
sorted,16.0,1.9945,0.00005
sorted,16.0,1.9950,0.00005
random,18.0,7.6628,0.22084
random,18.0,7.4897,0.21991
random,18.0,7.4461,0.21817
random,18.0,7.4792,0.21947
random,18.0,7.4842,0.21973
random,18.0,7.4883,0.21985
random,18.0,7.4697,0.21907
random,18.0,7.5917,0.22372
random,18.0,7.5834,0.22340
random,18.0,7.5757,0.22346
random,18.0,7.5208,0.22107
random,18.0,7.5498,0.22200
random,18.0,7.5800,0.22354
random,18.0,7.5841,0.22375
random,18.0,7.4798,0.21971
random,18.0,7.4531,0.21838
random,18.0,7.3863,0.21596
random,18.0,7.5064,0.22043
random,18.0,7.5777,0.22301
random,18.0,7.5135,0.22061
random,18.0,7.4524,0.21843
random,18.0,7.5815,0.22318
random,18.0,7.5318,0.22128
random,18.0,7.5416,0.22185
random,18.0,7.4330,0.21774
random,18.0,7.4389,0.21785
random,18.0,7.4324,0.21776
random,18.0,7.6458,0.22110
random,18.0,7.4387,0.21773
random,18.0,7.4610,0.21881
random,18.0,7.4543,0.21860
branchless,18.0,2.9738,0.00005
branchless,18.0,2.9741,0.00005
branchless,18.0,2.9723,0.00005
branchless,18.0,2.9737,0.00005
branchless,18.0,2.9775,0.00003
branchless,18.0,2.9778,0.00003
branchless,18.0,2.9759,0.00003
branchless,18.0,2.9759,0.00003
branchless,18.0,2.9757,0.00003
branchless,18.0,2.9744,0.00003
branchless,18.0,2.9757,0.00003
branchless,18.0,2.9764,0.00003
branchless,18.0,2.9775,0.00003
branchless,18.0,2.9810,0.00003
branchless,18.0,2.9767,0.00003
branchless,18.0,2.9785,0.00003
branchless,18.0,2.9778,0.00003
branchless,18.0,2.9763,0.00003
branchless,18.0,2.9747,0.00003
branchless,18.0,2.9751,0.00003
branchless,18.0,2.9793,0.00003
branchless,18.0,2.9763,0.00003
branchless,18.0,2.9758,0.00003
branchless,18.0,2.9808,0.00003
branchless,18.0,2.9752,0.00003
branchless,18.0,2.9761,0.00003
branchless,18.0,2.9738,0.00003
branchless,18.0,2.9778,0.00003
branchless,18.0,2.9745,0.00003
branchless,18.0,2.9748,0.00003
branchless,18.0,2.9801,0.00003
sorted,18.0,2.0166,0.00017
sorted,18.0,2.0172,0.00017
sorted,18.0,2.0194,0.00023
sorted,18.0,2.0182,0.00021
sorted,18.0,2.0158,0.00012
sorted,18.0,2.0157,0.00008
sorted,18.0,2.0151,0.00008
sorted,18.0,2.0133,0.00005
sorted,18.0,2.0142,0.00005
sorted,18.0,2.0142,0.00005
sorted,18.0,2.0132,0.00005
sorted,18.0,2.0141,0.00005
sorted,18.0,2.0145,0.00005
sorted,18.0,2.0136,0.00005
sorted,18.0,2.0139,0.00005
sorted,18.0,2.0144,0.00005
sorted,18.0,2.0139,0.00005
sorted,18.0,2.0137,0.00005
sorted,18.0,2.0141,0.00005
sorted,18.0,2.0146,0.00005
sorted,18.0,2.0132,0.00005
sorted,18.0,2.1560,0.00020
sorted,18.0,2.0147,0.00005
sorted,18.0,2.0133,0.00005
sorted,18.0,2.0137,0.00005
sorted,18.0,2.0144,0.00005
sorted,18.0,2.0139,0.00005
sorted,18.0,2.0134,0.00005
sorted,18.0,2.0144,0.00005
sorted,18.0,2.0140,0.00005
sorted,18.0,2.0132,0.00005
random,20.0,8.0947,0.24341
random,20.0,8.0907,0.24361
random,20.0,8.0599,0.24271
random,20.0,8.1046,0.24429
random,20.0,8.0990,0.24425
random,20.0,8.1326,0.24562
random,20.0,8.0742,0.24327
random,20.0,8.0250,0.24101
random,20.0,8.0143,0.24077
random,20.0,8.0443,0.24213
random,20.0,8.0250,0.24124
random,20.0,8.0699,0.24316
random,20.0,8.0687,0.24301
random,20.0,8.0693,0.24309
random,20.0,8.0793,0.24359
random,20.0,8.0945,0.24367
random,20.0,8.2502,0.24498
random,20.0,8.1416,0.24515
random,20.0,8.0507,0.24237
random,20.0,8.0081,0.24075
random,20.0,8.0969,0.24399
random,20.0,8.0664,0.24316
random,20.0,8.0304,0.24159
random,20.0,8.0854,0.24362
random,20.0,8.0778,0.24309
random,20.0,8.0348,0.24182
random,20.0,8.0536,0.24234
random,20.0,8.0516,0.24252
random,20.0,8.0825,0.24355
random,20.0,8.3864,0.24232
random,20.0,8.3070,0.24129
branchless,20.0,2.9770,0.00005
branchless,20.0,2.9740,0.00005
branchless,20.0,2.9746,0.00005
branchless,20.0,2.9739,0.00005
branchless,20.0,2.9777,0.00003
branchless,20.0,2.9769,0.00003
branchless,20.0,2.9781,0.00003
branchless,20.0,2.9758,0.00003
branchless,20.0,2.9803,0.00003
branchless,20.0,2.9751,0.00003
branchless,20.0,2.9770,0.00003
branchless,20.0,2.9736,0.00003
branchless,20.0,2.9745,0.00003
branchless,20.0,2.9756,0.00003
branchless,20.0,2.9750,0.00003
branchless,20.0,2.9719,0.00003
branchless,20.0,2.9772,0.00003
branchless,20.0,2.9743,0.00003
branchless,20.0,2.9753,0.00003
branchless,20.0,2.9765,0.00003
branchless,20.0,2.9746,0.00003
branchless,20.0,2.9747,0.00003
branchless,20.0,2.9727,0.00003
branchless,20.0,2.9777,0.00003
branchless,20.0,2.9749,0.00003
branchless,20.0,2.9760,0.00003
branchless,20.0,2.9750,0.00003
branchless,20.0,3.2436,0.00003
branchless,20.0,2.9850,0.00003
branchless,20.0,2.9739,0.00003
branchless,20.0,2.9761,0.00003
sorted,20.0,2.0340,0.00017
sorted,20.0,2.0342,0.00018
sorted,20.0,2.0333,0.00018
sorted,20.0,2.0326,0.00012
sorted,20.0,2.8394,0.00017
sorted,20.0,2.2777,0.00017
sorted,20.0,2.0301,0.00005
sorted,20.0,2.0302,0.00005
sorted,20.0,2.0310,0.00005
sorted,20.0,2.0300,0.00005
sorted,20.0,2.0300,0.00005
sorted,20.0,2.0309,0.00005
sorted,20.0,2.0302,0.00005
sorted,20.0,2.0298,0.00005
sorted,20.0,2.0312,0.00005
sorted,20.0,2.0305,0.00005
sorted,20.0,2.0297,0.00005
sorted,20.0,2.0305,0.00005
sorted,20.0,2.0308,0.00005
sorted,20.0,2.0297,0.00005
sorted,20.0,2.0302,0.00005
sorted,20.0,2.0309,0.00005
sorted,20.0,2.0319,0.00005
sorted,20.0,2.0315,0.00005
sorted,20.0,2.0310,0.00005
sorted,20.0,2.0303,0.00005
sorted,20.0,2.0297,0.00005
sorted,20.0,2.0308,0.00005
sorted,20.0,2.0305,0.00005
sorted,20.0,2.0297,0.00005
sorted,20.0,2.0305,0.00005
random,22.0,8.9667,0.27888
random,22.0,8.9692,0.27876
random,22.0,8.9301,0.27722
random,22.0,8.9516,0.27823
random,22.0,9.1620,0.27895
random,22.0,8.9955,0.27994
random,22.0,8.9900,0.27974
random,22.0,9.0262,0.28120
random,22.0,8.9363,0.27751
random,22.0,8.9666,0.27864
random,22.0,8.9000,0.27632
random,22.0,9.0009,0.27979
random,22.0,8.9609,0.27879
random,22.0,8.9818,0.27931
random,22.0,8.9371,0.27759
random,22.0,8.9998,0.27994
random,22.0,9.0751,0.28265
random,22.0,8.9578,0.27853
random,22.0,8.9924,0.27960
random,22.0,8.9531,0.27812
random,22.0,9.5159,0.28070
random,22.0,8.7393,0.27901
random,22.0,8.5898,0.27292
random,22.0,8.6609,0.27591
random,22.0,8.7010,0.27754
random,22.0,8.7333,0.27887
random,22.0,8.9070,0.27943
random,22.0,8.6788,0.27666
random,22.0,8.6602,0.27608
random,22.0,8.6863,0.27686
random,22.0,8.7138,0.27824
branchless,22.0,2.9016,0.00005
branchless,22.0,2.8980,0.00005
branchless,22.0,2.8977,0.00005
branchless,22.0,2.8976,0.00005
branchless,22.0,2.8937,0.00003
branchless,22.0,2.9005,0.00003
branchless,22.0,2.8989,0.00003
branchless,22.0,2.8986,0.00003
branchless,22.0,2.8936,0.00003
branchless,22.0,2.8959,0.00003
branchless,22.0,2.8948,0.00003
branchless,22.0,2.8963,0.00003
branchless,22.0,2.8984,0.00003
branchless,22.0,2.8951,0.00003
branchless,22.0,2.8963,0.00003
branchless,22.0,2.8984,0.00003
branchless,22.0,2.9007,0.00003
branchless,22.0,2.8992,0.00003
branchless,22.0,2.8960,0.00003
branchless,22.0,2.8944,0.00003
branchless,22.0,2.8973,0.00003
branchless,22.0,2.8986,0.00003
branchless,22.0,2.8994,0.00003
branchless,22.0,2.8971,0.00003
branchless,22.0,2.8985,0.00003
branchless,22.0,2.8982,0.00003
branchless,22.0,2.8955,0.00003
branchless,22.0,2.9001,0.00003
branchless,22.0,2.8964,0.00003
branchless,22.0,2.9003,0.00003
branchless,22.0,2.8950,0.00003
sorted,22.0,2.0038,0.00015
sorted,22.0,2.0049,0.00021
sorted,22.0,2.0025,0.00015
sorted,22.0,2.0020,0.00009
sorted,22.0,2.0009,0.00005
sorted,22.0,2.0000,0.00005
sorted,22.0,2.0002,0.00005
sorted,22.0,2.0011,0.00005
sorted,22.0,2.0006,0.00005
sorted,22.0,1.9999,0.00005
sorted,22.0,2.0006,0.00005
sorted,22.0,2.0006,0.00005
sorted,22.0,1.9998,0.00005
sorted,22.0,2.0002,0.00005
sorted,22.0,2.0010,0.00005
sorted,22.0,2.0002,0.00005
sorted,22.0,1.9998,0.00005
sorted,22.0,2.0008,0.00005
sorted,22.0,2.0005,0.00005
sorted,22.0,1.9997,0.00005
sorted,22.0,2.0006,0.00005
sorted,22.0,2.0008,0.00005
sorted,22.0,2.0006,0.00005
sorted,22.0,2.0002,0.00005
sorted,22.0,2.0010,0.00005
sorted,22.0,2.0003,0.00005
sorted,22.0,1.9997,0.00005
sorted,22.0,2.0010,0.00005
sorted,22.0,2.0008,0.00005
sorted,22.0,1.9998,0.00005
sorted,22.0,2.0006,0.00005
random,24.0,9.2186,0.29852
random,24.0,14.1658,0.29745
random,24.0,15.8487,0.30017
random,24.0,13.9445,0.29999
random,24.0,11.5901,0.29842
random,24.0,11.4503,0.30171
random,24.0,11.5328,0.30299
random,24.0,11.6692,0.30377
random,24.0,11.5642,0.30280
random,24.0,11.3585,0.30368
random,24.0,11.4007,0.30016
random,24.0,10.9858,0.29768
random,24.0,10.8399,0.29924
random,24.0,10.9214,0.30029
random,24.0,10.5909,0.29790
random,24.0,11.8691,0.30104
random,24.0,12.0837,0.29990
random,24.0,9.6919,0.29843
random,24.0,9.4116,0.29613
random,24.0,9.4719,0.29839
random,24.0,9.4667,0.29756
random,24.0,9.4333,0.29671
random,24.0,9.4197,0.29599
random,24.0,9.4581,0.29794
random,24.0,9.3981,0.29510
random,24.0,9.4300,0.29666
random,24.0,9.4096,0.29582
random,24.0,9.4472,0.29694
random,24.0,9.3974,0.29547
random,24.0,9.3995,0.29584
random,24.0,9.8301,0.29832
branchless,24.0,2.9763,0.00005
branchless,24.0,2.9736,0.00005
branchless,24.0,2.9792,0.00005
branchless,24.0,2.9772,0.00005
branchless,24.0,2.9757,0.00005
branchless,24.0,2.9709,0.00005
branchless,24.0,2.9719,0.00005
branchless,24.0,2.9723,0.00005
branchless,24.0,2.9764,0.00005
branchless,24.0,2.9758,0.00005
branchless,24.0,2.9774,0.00005
branchless,24.0,2.9767,0.00005
branchless,24.0,2.9779,0.00005
branchless,24.0,2.9756,0.00005
branchless,24.0,2.9753,0.00005
branchless,24.0,2.9744,0.00005
branchless,24.0,2.9747,0.00005
branchless,24.0,2.9788,0.00005
branchless,24.0,2.9724,0.00005
branchless,24.0,2.9742,0.00005
branchless,24.0,2.9760,0.00005
branchless,24.0,2.9746,0.00005
branchless,24.0,2.9744,0.00005
branchless,24.0,2.9760,0.00005
branchless,24.0,2.9804,0.00005
branchless,24.0,2.9811,0.00005
branchless,24.0,2.9835,0.00005
branchless,24.0,2.9769,0.00005
branchless,24.0,2.9753,0.00005
branchless,24.0,2.9760,0.00005
branchless,24.0,2.9766,0.00005
sorted,24.0,2.0727,0.00017
sorted,24.0,2.0727,0.00023
sorted,24.0,2.0732,0.00023
sorted,24.0,2.0731,0.00020
sorted,24.0,2.0720,0.00020
sorted,24.0,2.0731,0.00021
sorted,24.0,2.0709,0.00011
sorted,24.0,2.0683,0.00006
sorted,24.0,2.0692,0.00006
sorted,24.0,2.0693,0.00006
sorted,24.0,2.0683,0.00006
sorted,24.0,2.0693,0.00006
sorted,24.0,2.0691,0.00006
sorted,24.0,2.0683,0.00006
sorted,24.0,2.0694,0.00006
sorted,24.0,2.0691,0.00006
sorted,24.0,2.0683,0.00006
sorted,24.0,2.0695,0.00006
sorted,24.0,2.0689,0.00006
sorted,24.0,2.0685,0.00006
sorted,24.0,2.0696,0.00006
sorted,24.0,2.0688,0.00006
sorted,24.0,2.0685,0.00006
sorted,24.0,2.0697,0.00006
sorted,24.0,2.0686,0.00006
sorted,24.0,2.0687,0.00006
sorted,24.0,2.0696,0.00006
sorted,24.0,2.0685,0.00006
sorted,24.0,2.3127,0.00015
sorted,24.0,2.0690,0.00006
sorted,24.0,2.0683,0.00006
random,26.0,10.1659,0.32587
random,26.0,10.1419,0.32487
random,26.0,10.2150,0.32747
random,26.0,10.1851,0.32683
random,26.0,10.1737,0.32616
random,26.0,10.1551,0.32535
random,26.0,10.1689,0.32579
random,26.0,10.1201,0.32419
random,26.0,10.1078,0.32379
random,26.0,10.1555,0.32539
random,26.0,10.0562,0.32176
random,26.0,10.0701,0.32199
random,26.0,10.1275,0.32417
random,26.0,10.1209,0.32364
random,26.0,10.3705,0.32501
random,26.0,10.1376,0.32423
random,26.0,10.0948,0.32307
random,26.0,10.0656,0.32191
random,26.0,10.1572,0.32532
random,26.0,10.1181,0.32376
random,26.0,10.1469,0.32457
random,26.0,10.1814,0.32629
random,26.0,10.1688,0.32564
random,26.0,10.8551,0.32544
random,26.0,10.4098,0.32425
random,26.0,10.3745,0.32324
random,26.0,10.4010,0.32397
random,26.0,10.4334,0.32544
random,26.0,10.4063,0.32390
random,26.0,10.3415,0.32170
random,26.0,10.3546,0.32224
branchless,26.0,3.0623,0.00005
branchless,26.0,3.0607,0.00005
branchless,26.0,3.0627,0.00005
branchless,26.0,3.0631,0.00005
branchless,26.0,3.0598,0.00003
branchless,26.0,3.0654,0.00003
branchless,26.0,3.0593,0.00003
branchless,26.0,3.0656,0.00003
branchless,26.0,3.0605,0.00003
branchless,26.0,3.2050,0.00003
branchless,26.0,3.0587,0.00003
branchless,26.0,3.0582,0.00003
branchless,26.0,3.0593,0.00003
branchless,26.0,3.0564,0.00003
branchless,26.0,3.0595,0.00003
branchless,26.0,3.0600,0.00003
branchless,26.0,3.0616,0.00003
branchless,26.0,3.0620,0.00003
branchless,26.0,3.0587,0.00003
branchless,26.0,3.0592,0.00003
branchless,26.0,3.0592,0.00003
branchless,26.0,3.0556,0.00003
branchless,26.0,3.0606,0.00003
branchless,26.0,3.0576,0.00003
branchless,26.0,3.0581,0.00003
branchless,26.0,3.0565,0.00003
branchless,26.0,3.0567,0.00003
branchless,26.0,3.0580,0.00003
branchless,26.0,3.0587,0.00003
branchless,26.0,3.0597,0.00003
branchless,26.0,3.0597,0.00003
sorted,26.0,2.1499,0.00014
sorted,26.0,2.1504,0.00021
sorted,26.0,2.1502,0.00015
sorted,26.0,2.1481,0.00009
sorted,26.0,2.1464,0.00005
sorted,26.0,2.1473,0.00005
sorted,26.0,2.1460,0.00005
sorted,26.0,2.1467,0.00005
sorted,26.0,2.1471,0.00005
sorted,26.0,2.1458,0.00005
sorted,26.0,2.1473,0.00005
sorted,26.0,2.1467,0.00005
sorted,26.0,2.1463,0.00005
sorted,26.0,2.1474,0.00005
sorted,26.0,2.1458,0.00005
sorted,26.0,2.1470,0.00005
sorted,26.0,2.1469,0.00005
sorted,26.0,2.1459,0.00005
sorted,26.0,2.1474,0.00005
sorted,26.0,2.1462,0.00005
sorted,26.0,2.1465,0.00005
sorted,26.0,2.1473,0.00005
sorted,26.0,2.1458,0.00005
sorted,26.0,2.1474,0.00005
sorted,26.0,2.1466,0.00005
sorted,26.0,2.1461,0.00005
sorted,26.0,2.1475,0.00005
sorted,26.0,2.1464,0.00005
sorted,26.0,2.1466,0.00005
sorted,26.0,2.1471,0.00005
sorted,26.0,2.1459,0.00005
random,28.0,10.9295,0.34351
random,28.0,10.9658,0.34564
random,28.0,10.9572,0.34528
random,28.0,11.0372,0.34818
random,28.0,10.9740,0.34569
random,28.0,11.0406,0.34825
random,28.0,10.9712,0.34578
random,28.0,10.9513,0.34485
random,28.0,10.9924,0.34615
random,28.0,10.9178,0.34343
random,28.0,11.4955,0.34158
random,28.0,10.6743,0.34534
random,28.0,10.6666,0.34531
random,28.0,10.6746,0.34552
random,28.0,10.5923,0.34222
random,28.0,10.5948,0.34229
random,28.0,10.8556,0.34384
random,28.0,10.6858,0.34610
random,28.0,10.6474,0.34486
random,28.0,10.6433,0.34419
random,28.0,10.6473,0.34467
random,28.0,10.6669,0.34509
random,28.0,10.6076,0.34325
random,28.0,10.6628,0.34505
random,28.0,10.6933,0.34621
random,28.0,10.6429,0.34409
random,28.0,10.6146,0.34326
random,28.0,10.6411,0.34425
random,28.0,10.7249,0.34772
random,28.0,10.6815,0.34567
random,28.0,10.6245,0.34351
branchless,28.0,2.9794,0.00005
branchless,28.0,2.9763,0.00005
branchless,28.0,2.9772,0.00005
branchless,28.0,2.9771,0.00005
branchless,28.0,2.9720,0.00003
branchless,28.0,2.9739,0.00003
branchless,28.0,2.9832,0.00003
branchless,28.0,2.9771,0.00003
branchless,28.0,2.9752,0.00003
branchless,28.0,2.9783,0.00003
branchless,28.0,2.9722,0.00003
branchless,28.0,2.9752,0.00003
branchless,28.0,2.9731,0.00003
branchless,28.0,2.9770,0.00003
branchless,28.0,3.0959,0.00003
branchless,28.0,2.9734,0.00003
branchless,28.0,2.9764,0.00003
branchless,28.0,2.9728,0.00003
branchless,28.0,2.9749,0.00003
branchless,28.0,2.9745,0.00003
branchless,28.0,2.9790,0.00003
branchless,28.0,2.9776,0.00003
branchless,28.0,2.9752,0.00003
branchless,28.0,2.9754,0.00003
branchless,28.0,2.9754,0.00003
branchless,28.0,2.9817,0.00003
branchless,28.0,2.9792,0.00003
branchless,28.0,2.9747,0.00003
branchless,28.0,2.9772,0.00003
branchless,28.0,2.9771,0.00003
branchless,28.0,2.9768,0.00003
sorted,28.0,2.1060,0.00017
sorted,28.0,2.1078,0.00023
sorted,28.0,2.1090,0.00023
sorted,28.0,2.1048,0.00012
sorted,28.0,2.1046,0.00008
sorted,28.0,2.1037,0.00005
sorted,28.0,2.1024,0.00005
sorted,28.0,2.1040,0.00005
sorted,28.0,2.1035,0.00005
sorted,28.0,2.1024,0.00005
sorted,28.0,2.1039,0.00005
sorted,28.0,2.1033,0.00005
sorted,28.0,2.1027,0.00005
sorted,28.0,2.1040,0.00005
sorted,28.0,2.1031,0.00005
sorted,28.0,2.1032,0.00005
sorted,28.0,2.1040,0.00005
sorted,28.0,2.1027,0.00005
sorted,28.0,2.1030,0.00005
sorted,28.0,2.1043,0.00005
sorted,28.0,2.1025,0.00005
sorted,28.0,2.1033,0.00005
sorted,28.0,2.1038,0.00005
sorted,28.0,2.1024,0.00005
sorted,28.0,2.1036,0.00005
sorted,28.0,2.1035,0.00005
sorted,28.0,2.1025,0.00005
sorted,28.0,2.1038,0.00005
sorted,28.0,2.1032,0.00005
sorted,28.0,2.1027,0.00005
sorted,28.0,2.1047,0.00005
random,30.0,11.4328,0.37505
random,30.0,11.4244,0.37463
random,30.0,11.3538,0.37177
random,30.0,11.4596,0.37608
random,30.0,11.3410,0.37148
random,30.0,11.3410,0.37158
random,30.0,12.1925,0.37418
random,30.0,11.4087,0.37399
random,30.0,11.3913,0.37328
random,30.0,11.4338,0.37506
random,30.0,11.3201,0.37054
random,30.0,11.3742,0.37285
random,30.0,11.4030,0.37383
random,30.0,11.3381,0.37158
random,30.0,11.3570,0.37190
random,30.0,11.3329,0.37119
random,30.0,11.4055,0.37372
random,30.0,11.4246,0.36845
random,30.0,11.3708,0.37244
random,30.0,11.3653,0.37225
random,30.0,11.3907,0.37343
random,30.0,11.3953,0.37352
random,30.0,11.3998,0.37350
random,30.0,11.3927,0.37318
random,30.0,11.3442,0.37166
random,30.0,11.3672,0.37250
random,30.0,11.4011,0.37384
random,30.0,11.4250,0.37477
random,30.0,11.3340,0.37108
random,30.0,11.3480,0.37164
random,30.0,11.3715,0.37244
branchless,30.0,2.9786,0.00005
branchless,30.0,2.9758,0.00005
branchless,30.0,2.9744,0.00005
branchless,30.0,2.9751,0.00005
branchless,30.0,2.9754,0.00003
branchless,30.0,2.9792,0.00003
branchless,30.0,2.9803,0.00003
branchless,30.0,2.9744,0.00003
branchless,30.0,2.9758,0.00003
branchless,30.0,2.9746,0.00003
branchless,30.0,2.9759,0.00003
branchless,30.0,2.9761,0.00003
branchless,30.0,2.9737,0.00003
branchless,30.0,2.9706,0.00003
branchless,30.0,3.0959,0.00003
branchless,30.0,2.9779,0.00003
branchless,30.0,2.9751,0.00003
branchless,30.0,2.9746,0.00003
branchless,30.0,2.9759,0.00003
branchless,30.0,2.9760,0.00003
branchless,30.0,2.9758,0.00003
branchless,30.0,2.9755,0.00003
branchless,30.0,2.9754,0.00003
branchless,30.0,2.9749,0.00003
branchless,30.0,2.9741,0.00003
branchless,30.0,2.9743,0.00003
branchless,30.0,2.9741,0.00003
branchless,30.0,2.9778,0.00003
branchless,30.0,2.9754,0.00003
branchless,30.0,2.9750,0.00003
branchless,30.0,2.9773,0.00003
sorted,30.0,2.1270,0.00014
sorted,30.0,2.1286,0.00021
sorted,30.0,2.1314,0.00027
sorted,30.0,2.1287,0.00023
sorted,30.0,2.1288,0.00018
sorted,30.0,2.1268,0.00009
sorted,30.0,2.1238,0.00005
sorted,30.0,2.1250,0.00005
sorted,30.0,2.1248,0.00005
sorted,30.0,2.1240,0.00005
sorted,30.0,2.1254,0.00005
sorted,30.0,2.1243,0.00005
sorted,30.0,2.1244,0.00005
sorted,30.0,2.1253,0.00005
sorted,30.0,2.1240,0.00005
sorted,30.0,2.1248,0.00005
sorted,30.0,2.1254,0.00005
sorted,30.0,2.1238,0.00005
sorted,30.0,2.1252,0.00005
sorted,30.0,2.1246,0.00005
sorted,30.0,2.1240,0.00005
sorted,30.0,2.1254,0.00005
sorted,30.0,2.1241,0.00005
sorted,30.0,2.1244,0.00005
sorted,30.0,2.1253,0.00005
sorted,30.0,2.1238,0.00005
sorted,30.0,2.1248,0.00005
sorted,30.0,2.1253,0.00005
sorted,30.0,2.1238,0.00005
sorted,30.0,2.1253,0.00005
sorted,30.0,2.1249,0.00005
random,32.0,12.0386,0.39839
random,32.0,12.0488,0.39807
random,32.0,11.9728,0.39493
random,32.0,11.9539,0.39462
random,32.0,11.9657,0.39505
random,32.0,12.0700,0.39919
random,32.0,12.0096,0.39650
random,32.0,11.9487,0.39439
random,32.0,11.9879,0.39578
random,32.0,11.9728,0.39554
random,32.0,12.0033,0.39708
random,32.0,11.9363,0.39381
random,32.0,11.9612,0.39499
random,32.0,11.9557,0.39445
random,32.0,11.9531,0.39452
random,32.0,11.9195,0.39304
random,32.0,12.1035,0.39558
random,32.0,11.9744,0.39545
random,32.0,11.9960,0.39656
random,32.0,12.0151,0.39722
random,32.0,11.9954,0.39632
random,32.0,11.9333,0.39339
random,32.0,12.0280,0.39734
random,32.0,11.9986,0.39519
random,32.0,11.9576,0.39426
random,32.0,12.0125,0.39714
random,32.0,11.9624,0.39490
random,32.0,11.8855,0.39229
random,32.0,11.9717,0.39490
random,32.0,11.9876,0.39589
random,32.0,12.0291,0.39760
branchless,32.0,2.9759,0.00005
branchless,32.0,2.9763,0.00005
branchless,32.0,2.9760,0.00008
branchless,32.0,2.9745,0.00005
branchless,32.0,2.9743,0.00003
branchless,32.0,2.9775,0.00003
branchless,32.0,2.9745,0.00003
branchless,32.0,2.9756,0.00003
branchless,32.0,3.0974,0.00003
branchless,32.0,2.9771,0.00003
branchless,32.0,2.9780,0.00003
branchless,32.0,2.9750,0.00003
branchless,32.0,2.9746,0.00003
branchless,32.0,2.9775,0.00003
branchless,32.0,2.9757,0.00003
branchless,32.0,2.9761,0.00003
branchless,32.0,2.9772,0.00003
branchless,32.0,2.9738,0.00003
branchless,32.0,2.9778,0.00003
branchless,32.0,2.9757,0.00003
branchless,32.0,2.9765,0.00003
branchless,32.0,2.9753,0.00003
branchless,32.0,2.9742,0.00003
branchless,32.0,2.9765,0.00003
branchless,32.0,2.9752,0.00003
branchless,32.0,2.9769,0.00003
branchless,32.0,2.9749,0.00003
branchless,32.0,2.9766,0.00003
branchless,32.0,2.9744,0.00003
branchless,32.0,2.9775,0.00003
branchless,32.0,2.9742,0.00003
sorted,32.0,2.1454,0.00017
sorted,32.0,2.1462,0.00021
sorted,32.0,2.1447,0.00011
sorted,32.0,2.1420,0.00006
sorted,32.0,2.1421,0.00005
sorted,32.0,2.1426,0.00005
sorted,32.0,2.1411,0.00005
sorted,32.0,2.1426,0.00005
sorted,32.0,2.1420,0.00005
sorted,32.0,2.1414,0.00005
sorted,32.0,2.1429,0.00005
sorted,32.0,2.1417,0.00005
sorted,32.0,2.1425,0.00005
sorted,32.0,2.1426,0.00005
sorted,32.0,2.1412,0.00005
sorted,32.0,2.1430,0.00005
sorted,32.0,2.1420,0.00005
sorted,32.0,2.1416,0.00005
sorted,32.0,2.1429,0.00005
sorted,32.0,2.1414,0.00005
sorted,32.0,2.1422,0.00005
sorted,32.0,2.1426,0.00005
sorted,32.0,2.1415,0.00005
sorted,32.0,2.1430,0.00005
sorted,32.0,2.1420,0.00005
sorted,32.0,2.1416,0.00005
sorted,32.0,2.1429,0.00005
sorted,32.0,2.1414,0.00005
sorted,32.0,2.1420,0.00005
sorted,32.0,2.1428,0.00005
sorted,32.0,2.1413,0.00005
random,34.0,12.2577,0.41872
random,34.0,12.2961,0.42049
random,34.0,12.3049,0.42033
random,34.0,12.2713,0.41937
random,34.0,12.3117,0.42117
random,34.0,12.2671,0.41885
random,34.0,12.2818,0.41991
random,34.0,12.3123,0.42084
random,34.0,12.2455,0.41808
random,34.0,12.2895,0.42027
random,34.0,12.2988,0.42078
random,34.0,12.2557,0.41881
random,34.0,12.3145,0.42123
random,34.0,12.2289,0.41763
random,34.0,12.3665,0.41806
random,34.0,12.2681,0.41933
random,34.0,12.2429,0.41827
random,34.0,12.2588,0.41905
random,34.0,12.2413,0.41841
random,34.0,12.2253,0.41768
random,34.0,12.2984,0.42006
random,34.0,12.2554,0.41872
random,34.0,12.2916,0.42032
random,34.0,12.2408,0.41811
random,34.0,12.2087,0.41653
random,34.0,12.2415,0.41805
random,34.0,12.2713,0.41933
random,34.0,12.3181,0.42111
random,34.0,12.2802,0.41985
random,34.0,12.2087,0.41698
random,34.0,12.3195,0.41608
branchless,34.0,2.8960,0.00005
branchless,34.0,2.8977,0.00005
branchless,34.0,2.8985,0.00005
branchless,34.0,2.8983,0.00005
branchless,34.0,2.8991,0.00003
branchless,34.0,2.8931,0.00003
branchless,34.0,2.8970,0.00003
branchless,34.0,2.8977,0.00003
branchless,34.0,2.8999,0.00003
branchless,34.0,2.8964,0.00003
branchless,34.0,2.8986,0.00003
branchless,34.0,2.8960,0.00003
branchless,34.0,2.8991,0.00003
branchless,34.0,2.9020,0.00003
branchless,34.0,2.8992,0.00003
branchless,34.0,2.8987,0.00003
branchless,34.0,2.8967,0.00003
branchless,34.0,5.2942,0.00003
branchless,34.0,2.9083,0.00003
branchless,34.0,2.9016,0.00003
branchless,34.0,2.8975,0.00003
branchless,34.0,2.8981,0.00003
branchless,34.0,2.8964,0.00003
branchless,34.0,2.8969,0.00003
branchless,34.0,2.8983,0.00003
branchless,34.0,2.8961,0.00003
branchless,34.0,2.8964,0.00003
branchless,34.0,2.8975,0.00003
branchless,34.0,2.9006,0.00003
branchless,34.0,2.8969,0.00003
branchless,34.0,2.8961,0.00003
sorted,34.0,2.1080,0.00017
sorted,34.0,2.1089,0.00015
sorted,34.0,2.1074,0.00009
sorted,34.0,2.1057,0.00006
sorted,34.0,2.1061,0.00005
sorted,34.0,2.1055,0.00005
sorted,34.0,2.1050,0.00005
sorted,34.0,2.1063,0.00005
sorted,34.0,2.1053,0.00005
sorted,34.0,2.1056,0.00005
sorted,34.0,2.1064,0.00005
sorted,34.0,2.1051,0.00005
sorted,34.0,2.1054,0.00005
sorted,34.0,2.1066,0.00005
sorted,34.0,2.1049,0.00005
sorted,34.0,2.1056,0.00005
sorted,34.0,2.1060,0.00005
sorted,34.0,2.1048,0.00005
sorted,34.0,2.1059,0.00005
sorted,34.0,2.1062,0.00005
sorted,34.0,2.1048,0.00005
sorted,34.0,2.1064,0.00005
sorted,34.0,2.1057,0.00005
sorted,34.0,2.1049,0.00005
sorted,34.0,2.1063,0.00005
sorted,34.0,2.1058,0.00005
sorted,34.0,2.1051,0.00005
sorted,34.0,2.1067,0.00005
sorted,34.0,2.1052,0.00005
sorted,34.0,2.1053,0.00005
sorted,34.0,2.1063,0.00005
random,36.0,12.7646,0.43832
random,36.0,12.7462,0.43732
random,36.0,12.7525,0.43819
random,36.0,12.7584,0.43797
random,36.0,12.7605,0.43842
random,36.0,12.7262,0.43643
random,36.0,12.7823,0.43903
random,36.0,12.7070,0.43599
random,36.0,12.6770,0.43468
random,36.0,12.7364,0.43710
random,36.0,12.6870,0.43527
random,36.0,12.7728,0.43372
random,36.0,12.7864,0.43906
random,36.0,12.7106,0.43617
random,36.0,12.7177,0.43649
random,36.0,12.6910,0.43495
random,36.0,12.7505,0.43758
random,36.0,12.6665,0.43402
random,36.0,12.6760,0.43501
random,36.0,12.6710,0.43419
random,36.0,12.7295,0.43671
random,36.0,12.7340,0.43686
random,36.0,12.8122,0.44031
random,36.0,12.6735,0.43452
random,36.0,12.7498,0.43758
random,36.0,12.7045,0.43605
random,36.0,12.9294,0.43500
random,36.0,12.7535,0.43668
random,36.0,12.8375,0.43452
random,36.0,12.6211,0.43298
random,36.0,12.6097,0.43208
branchless,36.0,2.8987,0.00005
branchless,36.0,2.8959,0.00005
branchless,36.0,2.8951,0.00005
branchless,36.0,2.8981,0.00005
branchless,36.0,2.8990,0.00003
branchless,36.0,2.8956,0.00003
branchless,36.0,2.8981,0.00003
branchless,36.0,2.8972,0.00003
branchless,36.0,2.8969,0.00003
branchless,36.0,2.8968,0.00003
branchless,36.0,2.8955,0.00003
branchless,36.0,2.8980,0.00003
branchless,36.0,2.8970,0.00003
branchless,36.0,2.8980,0.00003
branchless,36.0,2.8964,0.00003
branchless,36.0,2.9008,0.00003
branchless,36.0,2.8977,0.00003
branchless,36.0,2.8983,0.00003
branchless,36.0,2.8964,0.00003
branchless,36.0,2.8988,0.00003
branchless,36.0,2.8949,0.00003
branchless,36.0,2.8978,0.00003
branchless,36.0,2.8986,0.00003
branchless,36.0,2.8988,0.00003
branchless,36.0,2.8998,0.00003
branchless,36.0,2.8958,0.00003
branchless,36.0,2.8983,0.00003
branchless,36.0,2.8940,0.00003
branchless,36.0,2.8971,0.00003
branchless,36.0,2.8986,0.00003
branchless,36.0,2.8983,0.00003
sorted,36.0,2.1252,0.00018
sorted,36.0,2.1278,0.00023
sorted,36.0,2.1262,0.00018
sorted,36.0,2.1266,0.00023
sorted,36.0,2.1277,0.00021
sorted,36.0,2.1241,0.00011
sorted,36.0,2.1236,0.00005
sorted,36.0,2.1220,0.00005
sorted,36.0,2.1223,0.00005
sorted,36.0,2.1230,0.00005
sorted,36.0,2.1217,0.00005
sorted,36.0,2.1229,0.00005
sorted,36.0,2.1229,0.00005
sorted,36.0,2.1216,0.00005
sorted,36.0,2.1230,0.00005
sorted,36.0,2.1225,0.00005
sorted,36.0,2.1221,0.00005
sorted,36.0,2.1232,0.00005
sorted,36.0,2.1221,0.00005
sorted,36.0,2.1224,0.00005
sorted,36.0,2.1230,0.00005
sorted,36.0,2.1217,0.00005
sorted,36.0,2.1228,0.00005
sorted,36.0,2.1226,0.00005
sorted,36.0,2.1217,0.00005
sorted,36.0,2.1231,0.00005
sorted,36.0,2.1222,0.00005
sorted,36.0,2.1220,0.00005
sorted,36.0,2.1232,0.00005
sorted,36.0,2.1219,0.00005
sorted,36.0,2.1227,0.00005
random,38.0,13.2057,0.45470
random,38.0,15.1347,0.45528
random,38.0,14.7707,0.45827
random,38.0,13.2194,0.45491
random,38.0,13.2072,0.45522
random,38.0,13.2520,0.45654
random,38.0,13.2500,0.45671
random,38.0,13.2536,0.45653
random,38.0,13.5053,0.45732
random,38.0,13.2279,0.45615
random,38.0,13.1783,0.45386
random,38.0,13.2311,0.45607
random,38.0,13.1848,0.45387
random,38.0,13.1658,0.45311
random,38.0,13.1864,0.45422
random,38.0,15.1243,0.45529
random,38.0,13.2147,0.45532
random,38.0,13.1373,0.45224
random,38.0,13.2296,0.45581
random,38.0,13.1544,0.45293
random,38.0,13.1374,0.45233
random,38.0,13.1945,0.45442
random,38.0,13.1822,0.45409
random,38.0,15.0388,0.45341
random,38.0,13.2165,0.45497
random,38.0,13.2168,0.45497
random,38.0,13.1538,0.45242
random,38.0,13.1809,0.45418
random,38.0,13.1653,0.45345
random,38.0,13.2043,0.45483
random,38.0,13.1966,0.45451
branchless,38.0,2.8950,0.00005
branchless,38.0,2.8978,0.00005
branchless,38.0,2.8999,0.00005
branchless,38.0,2.8961,0.00005
branchless,38.0,2.8967,0.00003
branchless,38.0,2.8982,0.00003
branchless,38.0,2.9031,0.00003
branchless,38.0,2.8966,0.00003
branchless,38.0,2.8976,0.00003
branchless,38.0,2.8949,0.00003
branchless,38.0,2.8948,0.00003
branchless,38.0,2.8964,0.00003
branchless,38.0,2.8972,0.00003
branchless,38.0,2.8975,0.00003
branchless,38.0,2.8991,0.00003
branchless,38.0,2.8997,0.00003
branchless,38.0,2.8947,0.00003
branchless,38.0,2.9014,0.00003
branchless,38.0,2.9026,0.00003
branchless,38.0,2.9026,0.00003
branchless,38.0,2.9030,0.00003
branchless,38.0,2.8971,0.00003
branchless,38.0,2.8969,0.00003
branchless,38.0,2.9029,0.00003
branchless,38.0,2.9008,0.00003
branchless,38.0,2.8987,0.00003
branchless,38.0,2.8936,0.00003
branchless,38.0,2.8967,0.00003
branchless,38.0,2.8964,0.00003
branchless,38.0,2.8993,0.00003
branchless,38.0,2.8956,0.00003
sorted,38.0,2.1440,0.00014
sorted,38.0,2.1451,0.00015
sorted,38.0,2.1446,0.00020
sorted,38.0,2.1457,0.00018
sorted,38.0,2.1450,0.00018
sorted,38.0,2.1448,0.00020
sorted,38.0,2.1443,0.00009
sorted,38.0,2.1407,0.00005
sorted,38.0,2.1414,0.00005
sorted,38.0,2.1419,0.00005
sorted,38.0,2.1409,0.00005
sorted,38.0,2.1420,0.00005
sorted,38.0,2.1413,0.00005
sorted,38.0,2.1409,0.00005
sorted,38.0,2.1426,0.00005
sorted,38.0,2.1407,0.00005
sorted,38.0,2.1418,0.00005
sorted,38.0,2.1420,0.00005
sorted,38.0,2.1405,0.00005
sorted,38.0,2.1419,0.00005
sorted,38.0,2.1414,0.00005
sorted,38.0,2.1408,0.00005
sorted,38.0,2.1421,0.00005
sorted,38.0,2.1408,0.00005
sorted,38.0,2.1413,0.00005
sorted,38.0,2.1421,0.00005
sorted,38.0,2.1407,0.00005
sorted,38.0,2.1418,0.00005
sorted,38.0,2.1418,0.00005
sorted,38.0,2.1410,0.00005
sorted,38.0,2.1423,0.00005
random,40.0,18.0803,0.46913
random,40.0,13.8386,0.47252
random,40.0,13.5633,0.46800
random,40.0,15.5364,0.46814
random,40.0,13.5092,0.46643
random,40.0,13.5170,0.46649
random,40.0,13.4980,0.46591
random,40.0,13.5679,0.46878
random,40.0,13.4799,0.46516
random,40.0,13.5121,0.46608
random,40.0,13.4726,0.46521
random,40.0,13.4932,0.46605
random,40.0,13.5086,0.46605
random,40.0,13.5778,0.46935
random,40.0,13.5313,0.46785
random,40.0,13.5741,0.46957
random,40.0,13.5609,0.46843
random,40.0,13.4835,0.46519
random,40.0,15.3669,0.46474
random,40.0,13.4605,0.46407
random,40.0,13.5513,0.46825
random,40.0,13.5161,0.46654
random,40.0,13.4359,0.46335
random,40.0,13.5370,0.46713
random,40.0,13.5025,0.46622
random,40.0,13.4669,0.46440
random,40.0,13.5354,0.46710
random,40.0,15.0798,0.46750
random,40.0,13.5019,0.46550
random,40.0,13.5082,0.46561
random,40.0,13.5081,0.46616
branchless,40.0,2.8934,0.00005
branchless,40.0,2.8960,0.00003
branchless,40.0,2.8995,0.00003
branchless,40.0,2.8981,0.00003
branchless,40.0,2.8957,0.00003
branchless,40.0,2.8979,0.00003
branchless,40.0,2.8961,0.00003
branchless,40.0,2.8959,0.00003
branchless,40.0,2.8979,0.00003
branchless,40.0,2.8997,0.00003
branchless,40.0,3.0464,0.00003
branchless,40.0,4.5364,0.00003
branchless,40.0,2.8990,0.00003
branchless,40.0,2.8994,0.00003
branchless,40.0,2.8997,0.00003
branchless,40.0,2.9023,0.00003
branchless,40.0,2.8998,0.00003
branchless,40.0,2.8994,0.00003
branchless,40.0,2.8954,0.00003
branchless,40.0,2.8966,0.00003
branchless,40.0,2.8992,0.00003
branchless,40.0,2.8995,0.00003
branchless,40.0,2.8973,0.00003
branchless,40.0,2.9019,0.00003
branchless,40.0,2.9003,0.00003
branchless,40.0,2.8956,0.00003
branchless,40.0,2.9000,0.00003
branchless,40.0,2.8948,0.00003
branchless,40.0,2.8947,0.00003
branchless,40.0,2.8965,0.00003
branchless,40.0,2.8988,0.00003
sorted,40.0,2.1588,0.00017
sorted,40.0,2.1588,0.00023
sorted,40.0,2.1587,0.00020
sorted,40.0,2.1574,0.00011
sorted,40.0,2.1540,0.00005
sorted,40.0,2.1554,0.00005
sorted,40.0,2.1545,0.00005
sorted,40.0,2.1547,0.00005
sorted,40.0,2.1555,0.00005
sorted,40.0,2.1544,0.00005
sorted,40.0,2.1551,0.00005
sorted,40.0,2.1551,0.00005
sorted,40.0,2.1544,0.00005
sorted,40.0,2.1554,0.00005
sorted,40.0,2.1543,0.00005
sorted,40.0,2.1545,0.00005
sorted,40.0,2.1555,0.00005
sorted,40.0,2.1540,0.00005
sorted,40.0,2.1552,0.00005
sorted,40.0,2.1552,0.00005
sorted,40.0,2.1541,0.00005
sorted,40.0,2.1556,0.00005
sorted,40.0,2.1543,0.00005
sorted,40.0,2.1551,0.00005
sorted,40.0,2.1553,0.00005
sorted,40.0,2.1539,0.00005
sorted,40.0,2.1554,0.00005
sorted,40.0,2.1547,0.00005
sorted,40.0,2.1542,0.00005
sorted,40.0,2.1556,0.00005
sorted,40.0,2.1544,0.00005
random,42.0,13.8819,0.47939
random,42.0,13.8522,0.47835
random,42.0,13.8591,0.47847
random,42.0,13.7818,0.47462
random,42.0,13.8334,0.47758
random,42.0,13.8770,0.47946
random,42.0,13.8560,0.47853
random,42.0,13.9112,0.48039
random,42.0,13.8969,0.48050
random,42.0,13.8693,0.47931
random,42.0,13.8612,0.47844
random,42.0,13.8545,0.47842
random,42.0,13.8522,0.47827
random,42.0,15.5328,0.47772
random,42.0,13.8261,0.47746
random,42.0,13.8793,0.47981
random,42.0,13.8215,0.47702
random,42.0,13.7859,0.47556
random,42.0,13.9123,0.48106
random,42.0,13.7838,0.47568
random,42.0,13.8112,0.47679
random,42.0,13.9810,0.47726
random,42.0,13.8289,0.47749
random,42.0,13.8216,0.47708
random,42.0,13.8633,0.47871
random,42.0,13.7924,0.47568
random,42.0,13.8350,0.47823
random,42.0,13.9347,0.47578
random,42.0,13.8204,0.47711
random,42.0,13.8181,0.47688
random,42.0,13.8429,0.47781
branchless,42.0,2.8958,0.00005
branchless,42.0,2.8994,0.00005
branchless,42.0,2.8950,0.00005
branchless,42.0,2.8983,0.00005
branchless,42.0,2.8956,0.00003
branchless,42.0,2.8992,0.00003
branchless,42.0,2.8996,0.00003
branchless,42.0,2.8949,0.00003
branchless,42.0,2.9008,0.00003
branchless,42.0,2.8937,0.00003
branchless,42.0,2.8990,0.00003
branchless,42.0,2.9000,0.00003
branchless,42.0,2.8966,0.00003
branchless,42.0,2.8960,0.00003
branchless,42.0,2.8971,0.00003
branchless,42.0,2.8965,0.00003
branchless,42.0,2.8971,0.00003
branchless,42.0,2.8988,0.00003
branchless,42.0,2.8958,0.00003
branchless,42.0,2.8954,0.00003
branchless,42.0,2.8969,0.00003
branchless,42.0,2.8960,0.00003
branchless,42.0,2.8970,0.00003
branchless,42.0,2.8969,0.00003
branchless,42.0,2.8943,0.00003
branchless,42.0,2.8948,0.00003
branchless,42.0,2.8976,0.00003
branchless,42.0,2.8967,0.00003
branchless,42.0,2.8960,0.00003
branchless,42.0,2.8943,0.00003
branchless,42.0,2.8966,0.00003
sorted,42.0,2.1791,0.00017
sorted,42.0,2.1786,0.00020
sorted,42.0,2.1780,0.00015
sorted,42.0,2.1783,0.00015
sorted,42.0,2.1743,0.00005
sorted,42.0,2.1760,0.00005
sorted,42.0,2.1750,0.00005
sorted,42.0,2.1754,0.00005
sorted,42.0,2.1756,0.00005
sorted,42.0,2.5375,0.00015
sorted,42.0,4.5099,0.00014
sorted,42.0,2.1769,0.00008
sorted,42.0,2.1748,0.00005
sorted,42.0,2.1764,0.00005
sorted,42.0,2.1765,0.00005
sorted,42.0,2.1754,0.00005
sorted,42.0,2.1754,0.00005
sorted,42.0,2.1744,0.00005
sorted,42.0,2.1759,0.00005
sorted,42.0,2.1744,0.00005
sorted,42.0,2.1757,0.00005
sorted,42.0,2.1754,0.00005
sorted,42.0,2.1743,0.00005
sorted,42.0,2.1760,0.00005
sorted,42.0,2.1746,0.00005
sorted,42.0,2.1752,0.00005
sorted,42.0,2.1754,0.00005
sorted,42.0,2.1748,0.00005
sorted,42.0,2.1759,0.00005
sorted,42.0,2.1747,0.00005
sorted,42.0,2.1751,0.00005
random,44.0,14.1180,0.48775
random,44.0,14.1389,0.48831
random,44.0,14.1024,0.48721
random,44.0,14.1360,0.48839
random,44.0,14.2281,0.49188
random,44.0,16.4100,0.48825
random,44.0,14.0909,0.48663
random,44.0,16.0014,0.48665
random,44.0,14.1319,0.48857
random,44.0,14.0723,0.48553
random,44.0,14.1128,0.48738
random,44.0,14.2101,0.49124
random,44.0,14.1999,0.49100
random,44.0,14.2133,0.49159
random,44.0,14.0868,0.48628
random,44.0,14.0891,0.48645
random,44.0,14.0591,0.48535
random,44.0,14.1084,0.48734
random,44.0,14.0997,0.48682
random,44.0,14.1079,0.48767
random,44.0,14.1202,0.48743
random,44.0,14.1882,0.48628
random,44.0,14.1389,0.48842
random,44.0,14.1068,0.48735
random,44.0,14.0743,0.48549
random,44.0,14.1398,0.48839
random,44.0,14.1096,0.48767
random,44.0,14.1105,0.48743
random,44.0,14.0893,0.48650
random,44.0,14.0626,0.48511
random,44.0,14.0676,0.48502
branchless,44.0,2.8981,0.00005
branchless,44.0,2.8977,0.00005
branchless,44.0,2.8996,0.00005
branchless,44.0,2.8968,0.00005
branchless,44.0,2.8983,0.00006
branchless,44.0,2.8998,0.00003
branchless,44.0,2.8967,0.00003
branchless,44.0,2.8986,0.00003
branchless,44.0,2.8980,0.00003
branchless,44.0,2.9027,0.00003
branchless,44.0,2.8998,0.00003
branchless,44.0,2.8959,0.00003
branchless,44.0,2.8996,0.00003
branchless,44.0,2.8987,0.00003
branchless,44.0,2.8973,0.00003
branchless,44.0,2.8948,0.00003
branchless,44.0,2.9014,0.00003
branchless,44.0,2.8977,0.00003
branchless,44.0,2.8996,0.00003
branchless,44.0,2.8976,0.00003
branchless,44.0,2.8970,0.00003
branchless,44.0,2.9023,0.00003
branchless,44.0,3.0117,0.00003
branchless,44.0,2.8955,0.00003
branchless,44.0,2.8963,0.00003
branchless,44.0,2.8976,0.00003
branchless,44.0,2.9016,0.00003
branchless,44.0,2.8976,0.00003
branchless,44.0,2.8992,0.00003
branchless,44.0,2.8973,0.00003
branchless,44.0,2.8956,0.00003
sorted,44.0,2.1979,0.00015
sorted,44.0,2.1999,0.00021
sorted,44.0,2.1988,0.00021
sorted,44.0,2.1987,0.00014
sorted,44.0,2.1946,0.00005
sorted,44.0,2.1957,0.00005
sorted,44.0,2.1955,0.00005
sorted,44.0,2.1946,0.00005
sorted,44.0,2.1961,0.00005
sorted,44.0,2.1945,0.00005
sorted,44.0,2.1955,0.00005
sorted,44.0,2.1950,0.00005
sorted,44.0,2.1949,0.00005
sorted,44.0,2.1958,0.00005
sorted,44.0,2.1942,0.00005
sorted,44.0,2.1959,0.00005
sorted,44.0,2.1948,0.00005
sorted,44.0,2.1947,0.00005
sorted,44.0,2.1958,0.00005
sorted,44.0,2.1944,0.00005
sorted,44.0,2.1956,0.00005
sorted,44.0,2.1951,0.00005
sorted,44.0,2.1948,0.00005
sorted,44.0,2.1956,0.00005
sorted,44.0,2.1941,0.00005
sorted,44.0,2.1960,0.00005
sorted,44.0,2.1946,0.00005
sorted,44.0,2.1949,0.00005
sorted,44.0,2.1956,0.00005
sorted,44.0,2.1942,0.00005
sorted,44.0,2.1961,0.00005
random,46.0,14.4209,0.49368
random,46.0,14.3458,0.49509
random,46.0,14.3310,0.49443
random,46.0,14.3351,0.49452
random,46.0,14.3062,0.49409
random,46.0,14.2948,0.49345
random,46.0,14.3099,0.49393
random,46.0,14.2665,0.49194
random,46.0,14.3074,0.49394
random,46.0,14.3066,0.49380
random,46.0,14.2600,0.49200
random,46.0,14.2506,0.49190
random,46.0,14.2871,0.49277
random,46.0,14.2327,0.49059
random,46.0,14.2584,0.49188
random,46.0,14.3295,0.48997
random,46.0,14.2990,0.49376
random,46.0,14.2737,0.49274
random,46.0,14.2872,0.49294
random,46.0,14.3231,0.49474
random,46.0,14.3444,0.49562
random,46.0,14.3113,0.49373
random,46.0,14.3127,0.49400
random,46.0,14.1616,0.48721
random,46.0,14.3444,0.49503
random,46.0,14.2791,0.49335
random,46.0,14.2347,0.49117
random,46.0,14.2630,0.49168
random,46.0,14.2500,0.49194
random,46.0,14.4711,0.49301
random,46.0,14.2139,0.48975
branchless,46.0,2.8990,0.00005
branchless,46.0,2.9019,0.00005
branchless,46.0,2.8951,0.00008
branchless,46.0,2.8989,0.00005
branchless,46.0,2.9081,0.00003
branchless,46.0,2.8954,0.00003
branchless,46.0,2.8995,0.00003
branchless,46.0,2.8986,0.00003
branchless,46.0,2.8990,0.00003
branchless,46.0,2.8969,0.00003
branchless,46.0,2.8980,0.00003
branchless,46.0,2.8963,0.00003
branchless,46.0,2.8969,0.00003
branchless,46.0,2.8946,0.00003
branchless,46.0,2.8954,0.00003
branchless,46.0,2.8973,0.00003
branchless,46.0,2.8974,0.00003
branchless,46.0,2.8962,0.00003
branchless,46.0,2.9004,0.00003
branchless,46.0,2.8981,0.00003
branchless,46.0,2.8966,0.00003
branchless,46.0,2.8969,0.00003
branchless,46.0,2.8945,0.00003
branchless,46.0,2.8985,0.00003
branchless,46.0,2.8972,0.00003
branchless,46.0,2.8995,0.00003
branchless,46.0,2.8977,0.00003
branchless,46.0,2.8956,0.00003
branchless,46.0,2.8949,0.00003
branchless,46.0,2.8961,0.00003
branchless,46.0,2.8977,0.00003
sorted,46.0,2.2121,0.00017
sorted,46.0,2.2140,0.00018
sorted,46.0,2.2132,0.00018
sorted,46.0,2.2122,0.00015
sorted,46.0,2.2106,0.00006
sorted,46.0,2.2091,0.00006
sorted,46.0,2.2108,0.00006
sorted,46.0,2.2093,0.00006
sorted,46.0,2.2101,0.00006
sorted,46.0,2.2102,0.00006
sorted,46.0,2.2094,0.00006
sorted,46.0,2.2108,0.00006
sorted,46.0,2.2094,0.00006
sorted,46.0,2.2110,0.00006
sorted,46.0,2.2101,0.00006
sorted,46.0,2.2097,0.00006
sorted,46.0,2.2107,0.00006
sorted,46.0,2.2092,0.00006
sorted,46.0,2.2108,0.00006
sorted,46.0,2.2094,0.00006
sorted,46.0,2.2101,0.00006
sorted,46.0,2.3492,0.00014
sorted,46.0,2.2097,0.00006
sorted,46.0,2.2111,0.00006
sorted,46.0,2.2092,0.00006
sorted,46.0,2.2108,0.00006
sorted,46.0,2.2096,0.00006
sorted,46.0,2.2101,0.00006
sorted,46.0,2.2104,0.00006
sorted,46.0,2.2093,0.00006
sorted,46.0,2.2109,0.00006
random,48.0,14.4664,0.49838
random,48.0,14.4021,0.49608
random,48.0,14.4290,0.49692
random,48.0,14.4158,0.49640
random,48.0,14.4564,0.49861
random,48.0,14.4442,0.49753
random,48.0,14.4266,0.49678
random,48.0,14.3909,0.49554
random,48.0,14.5884,0.49887
random,48.0,14.3789,0.49484
random,48.0,14.4167,0.49678
random,48.0,14.4137,0.49632
random,48.0,14.3814,0.49495
random,48.0,14.5102,0.49985
random,48.0,14.4346,0.49719
random,48.0,14.4286,0.49675
random,48.0,14.3949,0.49530
random,48.0,14.4227,0.49651
random,48.0,14.3503,0.49402
random,48.0,14.4321,0.49724
random,48.0,14.3915,0.49529
random,48.0,14.4011,0.49545
random,48.0,14.4745,0.49908
random,48.0,14.5654,0.49802
random,48.0,14.4109,0.49617
random,48.0,14.3966,0.49557
random,48.0,14.3483,0.49348
random,48.0,14.4052,0.49574
random,48.0,14.4993,0.49992
random,48.0,14.4675,0.49840
random,48.0,14.3923,0.49506
branchless,48.0,2.8996,0.00008
branchless,48.0,2.8998,0.00005
branchless,48.0,2.8995,0.00005
branchless,48.0,2.8962,0.00005
branchless,48.0,2.8987,0.00003
branchless,48.0,2.8982,0.00003
branchless,48.0,2.8973,0.00003
branchless,48.0,2.8967,0.00003
branchless,48.0,2.8958,0.00003
branchless,48.0,2.8928,0.00003
branchless,48.0,2.8966,0.00003
branchless,48.0,2.8957,0.00003
branchless,48.0,2.8983,0.00003
branchless,48.0,2.8958,0.00003
branchless,48.0,2.8972,0.00003
branchless,48.0,2.9022,0.00003
branchless,48.0,2.8955,0.00003
branchless,48.0,2.8955,0.00003
branchless,48.0,2.8968,0.00003
branchless,48.0,2.8975,0.00003
branchless,48.0,2.8971,0.00003
branchless,48.0,2.8973,0.00003
branchless,48.0,2.8945,0.00003
branchless,48.0,2.8948,0.00003
branchless,48.0,2.8993,0.00003
branchless,48.0,2.8995,0.00003
branchless,48.0,2.8976,0.00003
branchless,48.0,2.8971,0.00003
branchless,48.0,2.8987,0.00003
branchless,48.0,3.0168,0.00003
branchless,48.0,2.8968,0.00003
sorted,48.0,2.2346,0.00017
sorted,48.0,2.2367,0.00023
sorted,48.0,2.2349,0.00015
sorted,48.0,2.2317,0.00006
sorted,48.0,2.2326,0.00005
sorted,48.0,2.2312,0.00005
sorted,48.0,2.2326,0.00005
sorted,48.0,2.2314,0.00005
sorted,48.0,2.2323,0.00005
sorted,48.0,2.2321,0.00005
sorted,48.0,2.2315,0.00005
sorted,48.0,2.2327,0.00005
sorted,48.0,2.2310,0.00005
sorted,48.0,2.2325,0.00005
sorted,48.0,2.2316,0.00005
sorted,48.0,2.2319,0.00005
sorted,48.0,2.2321,0.00005
sorted,48.0,2.2521,0.00005
sorted,48.0,2.2348,0.00005
sorted,48.0,2.2320,0.00005
sorted,48.0,2.2343,0.00005
sorted,48.0,2.2314,0.00005
sorted,48.0,2.2327,0.00005
sorted,48.0,2.2316,0.00005
sorted,48.0,2.2322,0.00005
sorted,48.0,2.2317,0.00005
sorted,48.0,2.2467,0.00005
sorted,48.0,2.2328,0.00005
sorted,48.0,2.2354,0.00005
sorted,48.0,2.2338,0.00005
sorted,48.0,2.2322,0.00005
random,50.0,14.4252,0.49466
random,50.0,14.5244,0.49916
random,50.0,14.4616,0.49577
random,50.0,14.4816,0.49747
random,50.0,14.4792,0.49725
random,50.0,14.4679,0.49631
random,50.0,14.4494,0.49588
random,50.0,14.4834,0.49738
random,50.0,14.5675,0.50090
random,50.0,14.4413,0.49550
random,50.0,14.4673,0.49619
random,50.0,14.3718,0.49263
random,50.0,14.3737,0.49294
random,50.0,14.4695,0.49667
random,50.0,14.4547,0.49619
random,50.0,14.5406,0.49968
random,50.0,15.3281,0.49750
random,50.0,14.4821,0.49719
random,50.0,14.8874,0.49641
random,50.0,14.4872,0.49724
random,50.0,14.5620,0.50066
random,50.0,14.4555,0.49632
random,50.0,14.3788,0.49268
random,50.0,14.4562,0.49582
random,50.0,14.5042,0.49770
random,50.0,14.4340,0.49544
random,50.0,14.5124,0.49850
random,50.0,14.3976,0.49377
random,50.0,14.4737,0.49683
random,50.0,14.4366,0.49515
random,50.0,14.7009,0.49944
branchless,50.0,2.8974,0.00005
branchless,50.0,2.9003,0.00005
branchless,50.0,2.8954,0.00008
branchless,50.0,2.9003,0.00008
branchless,50.0,2.8963,0.00003
branchless,50.0,2.8965,0.00003
branchless,50.0,2.8979,0.00003
branchless,50.0,2.8971,0.00003
branchless,50.0,2.8936,0.00003
branchless,50.0,2.8951,0.00003
branchless,50.0,2.8953,0.00003
branchless,50.0,2.8986,0.00003
branchless,50.0,2.8963,0.00003
branchless,50.0,2.8971,0.00003
branchless,50.0,2.8949,0.00003
branchless,50.0,2.8973,0.00003
branchless,50.0,2.8963,0.00003
branchless,50.0,2.8961,0.00003
branchless,50.0,2.9015,0.00003
branchless,50.0,2.8977,0.00003
branchless,50.0,2.8969,0.00003
branchless,50.0,2.8991,0.00003
branchless,50.0,2.8982,0.00003
branchless,50.0,2.8961,0.00003
branchless,50.0,2.8947,0.00003
branchless,50.0,2.8986,0.00003
branchless,50.0,2.8965,0.00003
branchless,50.0,2.8939,0.00003
branchless,50.0,2.8982,0.00003
branchless,50.0,2.8972,0.00003
branchless,50.0,2.8987,0.00003
sorted,50.0,2.2519,0.00017
sorted,50.0,2.2533,0.00020
sorted,50.0,2.2502,0.00011
sorted,50.0,2.2506,0.00006
sorted,50.0,2.2496,0.00008
sorted,50.0,2.2506,0.00008
sorted,50.0,2.2507,0.00005
sorted,50.0,2.2493,0.00005
sorted,50.0,2.2492,0.00005
sorted,50.0,2.2489,0.00005
sorted,50.0,2.2512,0.00005
sorted,50.0,2.2481,0.00005
sorted,50.0,2.2502,0.00005
sorted,50.0,2.2483,0.00005
sorted,50.0,2.2499,0.00005
sorted,50.0,2.2489,0.00005
sorted,50.0,2.2489,0.00005
sorted,50.0,2.2491,0.00005
sorted,50.0,2.2482,0.00005
sorted,50.0,2.2498,0.00005
sorted,50.0,2.2479,0.00005
sorted,50.0,2.2498,0.00005
sorted,50.0,2.2483,0.00005
sorted,50.0,2.2496,0.00005
sorted,50.0,2.2488,0.00005
sorted,50.0,2.3795,0.00021
sorted,50.0,2.2495,0.00005
sorted,50.0,2.2483,0.00005
sorted,50.0,2.2497,0.00005
sorted,50.0,2.2480,0.00005
sorted,50.0,2.2497,0.00005
random,52.0,14.4607,0.49431
random,52.0,14.5323,0.49782
random,52.0,14.4626,0.49495
random,52.0,14.4708,0.49625
random,52.0,14.4027,0.49295
random,52.0,14.4778,0.49609
random,52.0,14.4908,0.49590
random,52.0,14.3952,0.49211
random,52.0,14.4893,0.49583
random,52.0,14.6336,0.49669
random,52.0,14.4878,0.49574
random,52.0,14.4768,0.49570
random,52.0,14.4384,0.49380
random,52.0,14.4543,0.49449
random,52.0,14.4732,0.49509
random,52.0,14.4689,0.49525
random,52.0,14.5314,0.49730
random,52.0,14.4988,0.49683
random,52.0,14.4534,0.49483
random,52.0,14.4922,0.49629
random,52.0,14.5402,0.49770
random,52.0,14.4853,0.49574
random,52.0,14.4525,0.49466
random,52.0,14.5425,0.49332
random,52.0,14.4889,0.49582
random,52.0,14.4502,0.49425
random,52.0,14.4573,0.49474
random,52.0,14.4774,0.49582
random,52.0,14.4696,0.49486
random,52.0,14.4823,0.49557
random,52.0,14.4569,0.49527
branchless,52.0,2.8990,0.00005
branchless,52.0,2.8978,0.00005
branchless,52.0,2.8989,0.00005
branchless,52.0,2.8935,0.00005
branchless,52.0,2.8933,0.00003
branchless,52.0,2.8978,0.00003
branchless,52.0,2.8977,0.00003
branchless,52.0,2.8967,0.00003
branchless,52.0,2.8998,0.00003
branchless,52.0,2.9040,0.00003
branchless,52.0,2.8968,0.00003
branchless,52.0,2.8954,0.00003
branchless,52.0,2.8961,0.00003
branchless,52.0,2.8925,0.00003
branchless,52.0,2.8952,0.00003
branchless,52.0,2.9011,0.00003
branchless,52.0,2.8961,0.00003
branchless,52.0,2.8999,0.00003
branchless,52.0,2.8970,0.00003
branchless,52.0,2.8951,0.00003
branchless,52.0,2.8990,0.00003
branchless,52.0,2.8991,0.00003
branchless,52.0,2.8963,0.00003
branchless,52.0,2.8984,0.00003
branchless,52.0,2.8960,0.00003
branchless,52.0,2.8971,0.00003
branchless,52.0,2.8983,0.00003
branchless,52.0,2.8994,0.00003
branchless,52.0,2.8981,0.00003
branchless,52.0,2.8983,0.00003
branchless,52.0,2.8957,0.00003
sorted,52.0,2.2693,0.00017
sorted,52.0,2.2671,0.00014
sorted,52.0,2.2676,0.00009
sorted,52.0,2.2647,0.00006
sorted,52.0,2.2659,0.00005
sorted,52.0,2.2643,0.00005
sorted,52.0,2.2656,0.00005
sorted,52.0,2.2650,0.00005
sorted,52.0,2.2650,0.00005
sorted,52.0,2.2654,0.00005
sorted,52.0,2.2646,0.00005
sorted,52.0,2.2662,0.00005
sorted,52.0,2.2643,0.00005
sorted,52.0,2.2664,0.00005
sorted,52.0,2.2642,0.00005
sorted,52.0,2.2657,0.00005
sorted,52.0,2.2647,0.00005
sorted,52.0,2.2652,0.00005
sorted,52.0,2.2653,0.00005
sorted,52.0,2.2646,0.00005
sorted,52.0,2.2659,0.00005
sorted,52.0,2.2646,0.00005
sorted,52.0,2.2660,0.00005
sorted,52.0,2.2643,0.00005
sorted,52.0,2.2662,0.00005
sorted,52.0,2.2650,0.00005
sorted,52.0,2.2654,0.00005
sorted,52.0,2.2652,0.00005
sorted,52.0,2.2648,0.00005
sorted,52.0,2.2660,0.00005
sorted,52.0,2.2646,0.00005
random,54.0,14.4599,0.49303
random,54.0,14.4106,0.49059
random,54.0,14.4987,0.48932
random,54.0,14.4137,0.49109
random,54.0,14.4465,0.49277
random,54.0,14.3165,0.48714
random,54.0,14.3880,0.49004
random,54.0,14.3944,0.49043
random,54.0,14.3728,0.48911
random,54.0,14.3299,0.48721
random,54.0,14.3740,0.48950
random,54.0,14.3202,0.48756
random,54.0,14.3747,0.48981
random,54.0,14.3205,0.48677
random,54.0,17.8078,0.48848
random,54.0,14.3491,0.48820
random,54.0,14.5686,0.49155
random,54.0,14.3913,0.48999
random,54.0,14.4030,0.49080
random,54.0,14.3758,0.48914
random,54.0,14.3735,0.48943
random,54.0,14.3849,0.48967
random,54.0,14.3945,0.49039
random,54.0,14.4041,0.49059
random,54.0,14.3571,0.48906
random,54.0,14.2997,0.48627
random,54.0,14.3339,0.48747
random,54.0,14.3586,0.48767
random,54.0,14.3745,0.48979
random,54.0,14.4301,0.49182
random,54.0,16.2469,0.48846
branchless,54.0,2.8979,0.00005
branchless,54.0,2.8972,0.00005
branchless,54.0,2.9023,0.00005
branchless,54.0,2.8995,0.00005
branchless,54.0,2.8987,0.00003
branchless,54.0,2.8944,0.00003
branchless,54.0,2.8949,0.00003
branchless,54.0,2.8967,0.00003
branchless,54.0,2.8968,0.00003
branchless,54.0,2.9037,0.00003
branchless,54.0,2.8979,0.00003
branchless,54.0,2.8996,0.00003
branchless,54.0,2.8983,0.00003
branchless,54.0,2.9196,0.00003
branchless,54.0,2.9113,0.00003
branchless,54.0,2.9007,0.00003
branchless,54.0,2.8987,0.00003
branchless,54.0,2.8951,0.00003
branchless,54.0,2.8945,0.00003
branchless,54.0,2.8976,0.00003
branchless,54.0,2.8965,0.00003
branchless,54.0,2.8987,0.00003
branchless,54.0,2.8954,0.00003
branchless,54.0,2.9008,0.00003
branchless,54.0,2.8981,0.00003
branchless,54.0,2.9005,0.00003
branchless,54.0,2.8977,0.00003
branchless,54.0,2.8997,0.00003
branchless,54.0,2.8982,0.00003
branchless,54.0,2.8963,0.00003
branchless,54.0,2.8967,0.00003
sorted,54.0,2.2900,0.00017
sorted,54.0,2.2890,0.00018
sorted,54.0,2.2892,0.00012
sorted,54.0,2.2857,0.00006
sorted,54.0,2.2871,0.00005
sorted,54.0,2.2853,0.00005
sorted,54.0,2.2869,0.00005
sorted,54.0,2.2854,0.00005
sorted,54.0,2.2865,0.00005
sorted,54.0,2.2858,0.00005
sorted,54.0,2.2861,0.00005
sorted,54.0,2.2863,0.00005
sorted,54.0,2.2856,0.00005
sorted,54.0,2.2868,0.00005
sorted,54.0,2.2854,0.00005
sorted,54.0,2.2869,0.00005
sorted,54.0,2.2852,0.00005
sorted,54.0,2.2874,0.00005
sorted,54.0,2.2852,0.00005
sorted,54.0,2.2869,0.00005
sorted,54.0,2.2855,0.00005
sorted,54.0,2.2890,0.00005
sorted,54.0,2.2860,0.00005
sorted,54.0,2.2883,0.00005
sorted,54.0,2.2865,0.00005
sorted,54.0,2.2855,0.00005
sorted,54.0,2.2867,0.00005
sorted,54.0,2.2873,0.00005
sorted,54.0,4.1034,0.00015
sorted,54.0,2.2868,0.00005
sorted,54.0,2.2860,0.00005
random,56.0,14.2950,0.48457
random,56.0,14.2620,0.48352
random,56.0,14.2634,0.48328
random,56.0,14.2694,0.48381
random,56.0,14.2337,0.48259
random,56.0,14.1814,0.48015
random,56.0,14.2422,0.48257
random,56.0,14.1714,0.47919
random,56.0,14.1827,0.48007
random,56.0,14.3964,0.48260
random,56.0,14.2344,0.48247
random,56.0,14.2033,0.48094
random,56.0,14.1927,0.48064
random,56.0,14.1567,0.47884
random,56.0,14.1438,0.47816
random,56.0,14.2570,0.48335
random,56.0,15.8410,0.48428
random,56.0,14.1936,0.48022
random,56.0,14.2082,0.48090
random,56.0,14.1700,0.47881
random,56.0,14.1854,0.47961
random,56.0,14.1992,0.48061
random,56.0,14.2216,0.48166
random,56.0,14.1809,0.47955
random,56.0,14.2914,0.47949
random,56.0,14.2389,0.48241
random,56.0,14.1989,0.48099
random,56.0,14.1466,0.47849
random,56.0,14.2321,0.48198
random,56.0,14.2613,0.48279
random,56.0,14.1794,0.47981
branchless,56.0,2.8965,0.00005
branchless,56.0,2.8978,0.00005
branchless,56.0,2.8982,0.00008
branchless,56.0,2.8970,0.00005
branchless,56.0,2.9009,0.00003
branchless,56.0,2.8983,0.00003
branchless,56.0,2.8967,0.00003
branchless,56.0,2.8981,0.00003
branchless,56.0,2.9040,0.00003
branchless,56.0,2.8996,0.00003
branchless,56.0,2.8975,0.00003
branchless,56.0,2.9019,0.00003
branchless,56.0,2.9005,0.00003
branchless,56.0,2.8973,0.00003
branchless,56.0,2.8982,0.00003
branchless,56.0,2.8953,0.00003
branchless,56.0,2.8989,0.00003
branchless,56.0,2.8989,0.00003
branchless,56.0,2.8991,0.00003
branchless,56.0,2.8988,0.00003
branchless,56.0,2.8954,0.00003
branchless,56.0,2.8986,0.00003
branchless,56.0,2.9019,0.00003
branchless,56.0,2.8947,0.00003
branchless,56.0,2.8987,0.00003
branchless,56.0,2.8963,0.00003
branchless,56.0,2.8969,0.00003
branchless,56.0,2.8983,0.00003
branchless,56.0,2.8983,0.00003
branchless,56.0,2.8986,0.00003
branchless,56.0,2.8942,0.00003
sorted,56.0,2.3057,0.00017
sorted,56.0,2.3086,0.00021
sorted,56.0,2.3053,0.00015
sorted,56.0,2.3058,0.00011
sorted,56.0,2.3033,0.00006
sorted,56.0,2.3044,0.00005
sorted,56.0,2.3026,0.00005
sorted,56.0,2.3038,0.00005
sorted,56.0,2.3030,0.00005
sorted,56.0,2.3034,0.00005
sorted,56.0,2.3036,0.00005
sorted,56.0,2.3031,0.00005
sorted,56.0,2.3044,0.00005
sorted,56.0,2.3034,0.00005
sorted,56.0,2.3043,0.00005
sorted,56.0,2.3028,0.00005
sorted,56.0,2.3044,0.00005
sorted,56.0,2.3023,0.00005
sorted,56.0,2.3042,0.00005
sorted,56.0,2.3026,0.00005
sorted,56.0,2.3045,0.00005
sorted,56.0,2.3028,0.00005
sorted,56.0,2.3044,0.00005
sorted,56.0,2.3026,0.00005
sorted,56.0,2.3041,0.00005
sorted,56.0,2.3030,0.00005
sorted,56.0,2.3034,0.00005
sorted,56.0,2.3033,0.00005
sorted,56.0,2.3033,0.00005
sorted,56.0,2.3037,0.00005
sorted,56.0,2.3030,0.00005
random,58.0,13.9927,0.47035
random,58.0,14.0162,0.47177
random,58.0,13.9818,0.47038
random,58.0,14.0536,0.46835
random,58.0,13.9882,0.46973
random,58.0,14.0299,0.47209
random,58.0,14.0005,0.47165
random,58.0,13.9774,0.46983
random,58.0,13.9051,0.46683
random,58.0,14.0226,0.47119
random,58.0,13.9666,0.47002
random,58.0,14.0249,0.47238
random,58.0,14.0225,0.47176
random,58.0,13.9648,0.47018
random,58.0,14.0436,0.47240
random,58.0,14.0586,0.47374
random,58.0,14.3613,0.47052
random,58.0,14.0567,0.47121
random,58.0,14.1362,0.47067
random,58.0,14.0150,0.47127
random,58.0,13.9335,0.46832
random,58.0,13.9660,0.46931
random,58.0,14.0412,0.47232
random,58.0,13.9787,0.47021
random,58.0,13.9122,0.46727
random,58.0,13.9712,0.46938
random,58.0,14.0156,0.47112
random,58.0,14.0207,0.47227
random,58.0,14.0039,0.47166
random,58.0,13.9976,0.47047
random,58.0,13.9210,0.46738
branchless,58.0,2.8990,0.00005
branchless,58.0,2.9003,0.00005
branchless,58.0,2.8963,0.00005
branchless,58.0,2.8978,0.00005
branchless,58.0,2.8977,0.00003
branchless,58.0,2.8978,0.00003
branchless,58.0,2.8995,0.00003
branchless,58.0,2.8961,0.00003
branchless,58.0,3.0165,0.00003
branchless,58.0,2.8962,0.00003
branchless,58.0,2.9015,0.00003
branchless,58.0,2.8965,0.00003
branchless,58.0,2.8978,0.00003
branchless,58.0,2.9006,0.00003
branchless,58.0,2.8963,0.00003
branchless,58.0,2.9002,0.00003
branchless,58.0,2.8955,0.00003
branchless,58.0,2.8968,0.00003
branchless,58.0,2.8991,0.00003
branchless,58.0,2.9012,0.00003
branchless,58.0,2.8965,0.00003
branchless,58.0,2.8965,0.00003
branchless,58.0,2.8944,0.00003
branchless,58.0,2.8969,0.00003
branchless,58.0,2.8988,0.00003
branchless,58.0,2.8972,0.00003
branchless,58.0,2.8987,0.00003
branchless,58.0,2.8942,0.00003
branchless,58.0,2.8938,0.00003
branchless,58.0,2.8985,0.00003
branchless,58.0,2.8949,0.00003
sorted,58.0,2.3235,0.00017
sorted,58.0,2.3251,0.00021
sorted,58.0,2.3232,0.00015
sorted,58.0,2.3218,0.00009
sorted,58.0,2.3206,0.00005
sorted,58.0,2.3207,0.00005
sorted,58.0,2.3211,0.00005
sorted,58.0,2.3205,0.00005
sorted,58.0,2.3211,0.00005
sorted,58.0,2.3200,0.00005
sorted,58.0,2.3213,0.00005
sorted,58.0,2.3198,0.00005
sorted,58.0,2.3212,0.00005
sorted,58.0,2.3197,0.00005
sorted,58.0,2.3214,0.00005
sorted,58.0,2.3195,0.00005
sorted,58.0,2.3214,0.00005
sorted,58.0,2.3196,0.00005
sorted,58.0,2.3218,0.00005
sorted,58.0,2.3195,0.00005
sorted,58.0,2.3214,0.00005
sorted,58.0,2.3198,0.00005
sorted,58.0,2.3214,0.00005
sorted,58.0,2.3198,0.00005
sorted,58.0,2.3212,0.00005
sorted,58.0,2.3200,0.00005
sorted,58.0,2.3210,0.00005
sorted,58.0,2.3201,0.00005
sorted,58.0,2.3216,0.00005
sorted,58.0,2.3204,0.00005
sorted,58.0,2.3205,0.00005
random,60.0,13.7945,0.46048
random,60.0,13.6873,0.45636
random,60.0,13.7036,0.45682
random,60.0,13.7486,0.45912
random,60.0,15.1864,0.45547
random,60.0,13.7051,0.45703
random,60.0,13.7139,0.45734
random,60.0,13.6798,0.45627
random,60.0,13.7548,0.45869
random,60.0,13.6872,0.45619
random,60.0,13.7299,0.45854
random,60.0,13.6418,0.45432
random,60.0,13.8239,0.45605
random,60.0,13.6774,0.45580
random,60.0,13.7113,0.45752
random,60.0,13.6938,0.45633
random,60.0,13.6511,0.45543
random,60.0,13.6158,0.45375
random,60.0,13.7705,0.45984
random,60.0,13.7250,0.45778
random,60.0,13.6672,0.45601
random,60.0,13.7485,0.45908
random,60.0,13.6825,0.45667
random,60.0,13.7018,0.45720
random,60.0,13.6771,0.45630
random,60.0,13.7332,0.45798
random,60.0,13.7673,0.46017
random,60.0,13.7729,0.45497
random,60.0,13.7523,0.45903
random,60.0,13.7440,0.45889
random,60.0,13.7567,0.45992
branchless,60.0,2.8959,0.00005
branchless,60.0,2.9002,0.00005
branchless,60.0,2.8988,0.00005
branchless,60.0,2.9010,0.00005
branchless,60.0,2.8979,0.00003
branchless,60.0,2.8966,0.00003
branchless,60.0,2.8957,0.00003
branchless,60.0,2.8967,0.00003
branchless,60.0,2.8989,0.00003
branchless,60.0,2.9002,0.00003
branchless,60.0,2.8933,0.00003
branchless,60.0,2.8979,0.00003
branchless,60.0,2.8966,0.00003
branchless,60.0,2.8993,0.00003
branchless,60.0,2.8966,0.00003
branchless,60.0,2.8991,0.00003
branchless,60.0,2.8980,0.00003
branchless,60.0,2.8978,0.00003
branchless,60.0,2.8970,0.00003
branchless,60.0,2.8973,0.00003
branchless,60.0,2.8961,0.00003
branchless,60.0,2.8969,0.00003
branchless,60.0,2.8955,0.00003
branchless,60.0,2.8960,0.00003
branchless,60.0,2.8960,0.00003
branchless,60.0,2.8971,0.00003
branchless,60.0,2.8981,0.00003
branchless,60.0,2.8998,0.00003
branchless,60.0,2.8979,0.00003
branchless,60.0,2.8962,0.00003
branchless,60.0,2.8923,0.00003
sorted,60.0,2.3392,0.00017
sorted,60.0,2.3427,0.00026
sorted,60.0,2.3387,0.00015
sorted,60.0,2.3372,0.00005
sorted,60.0,2.3362,0.00005
sorted,60.0,2.3372,0.00005
sorted,60.0,2.3358,0.00005
sorted,60.0,2.3373,0.00005
sorted,60.0,2.4802,0.00012
sorted,60.0,2.3374,0.00005
sorted,60.0,2.3359,0.00005
sorted,60.0,2.3370,0.00005
sorted,60.0,2.3358,0.00005
sorted,60.0,2.3375,0.00005
sorted,60.0,2.3358,0.00005
sorted,60.0,2.3373,0.00005
sorted,60.0,2.3356,0.00005
sorted,60.0,2.3373,0.00005
sorted,60.0,2.3356,0.00005
sorted,60.0,2.3374,0.00005
sorted,60.0,2.3360,0.00005
sorted,60.0,2.3374,0.00005
sorted,60.0,2.3359,0.00005
sorted,60.0,2.3374,0.00005
sorted,60.0,2.3358,0.00005
sorted,60.0,2.3374,0.00005
sorted,60.0,2.3354,0.00005
sorted,60.0,2.3377,0.00005
sorted,60.0,2.3356,0.00005
sorted,60.0,2.3374,0.00005
sorted,60.0,2.3356,0.00005
random,62.0,13.3008,0.43918
random,62.0,13.1888,0.43381
random,62.0,13.2556,0.43739
random,62.0,13.2260,0.43604
random,62.0,14.7005,0.43465
random,62.0,13.2381,0.43689
random,62.0,13.2397,0.43629
random,62.0,13.2964,0.43312
random,62.0,13.1818,0.43433
random,62.0,13.2050,0.43433
random,62.0,13.1985,0.43408
random,62.0,13.2064,0.43573
random,62.0,13.1722,0.43355
random,62.0,13.1460,0.43283
random,62.0,13.2328,0.43648
random,62.0,13.2554,0.43694
random,62.0,13.2168,0.43582
random,62.0,13.2374,0.43661
random,62.0,13.1888,0.43448
random,62.0,13.2242,0.43526
random,62.0,13.1724,0.43362
random,62.0,13.2132,0.43503
random,62.0,13.2534,0.43231
random,62.0,13.2549,0.43730
random,62.0,13.1768,0.43364
random,62.0,13.2171,0.43568
random,62.0,13.1222,0.43112
random,62.0,13.2289,0.43570
random,62.0,13.2228,0.43582
random,62.0,13.2280,0.43553
random,62.0,13.2029,0.43507
branchless,62.0,2.8966,0.00005
branchless,62.0,2.8994,0.00005
branchless,62.0,2.8965,0.00005
branchless,62.0,2.8958,0.00005
branchless,62.0,2.8979,0.00003
branchless,62.0,2.8966,0.00003
branchless,62.0,2.8982,0.00003
branchless,62.0,2.8958,0.00003
branchless,62.0,2.8953,0.00003
branchless,62.0,2.8973,0.00003
branchless,62.0,2.8969,0.00003
branchless,62.0,2.8985,0.00003
branchless,62.0,2.8984,0.00003
branchless,62.0,2.8962,0.00003
branchless,62.0,2.8972,0.00003
branchless,62.0,2.8991,0.00003
branchless,62.0,2.8994,0.00003
branchless,62.0,2.8985,0.00003
branchless,62.0,2.8982,0.00003
branchless,62.0,2.8966,0.00003
branchless,62.0,2.8976,0.00003
branchless,62.0,2.8975,0.00003
branchless,62.0,2.8973,0.00003
branchless,62.0,2.8973,0.00003
branchless,62.0,2.8970,0.00003
branchless,62.0,2.8955,0.00003
branchless,62.0,2.8969,0.00003
branchless,62.0,2.8999,0.00003
branchless,62.0,2.8979,0.00003
branchless,62.0,2.9001,0.00003
branchless,62.0,3.0122,0.00003
sorted,62.0,2.3629,0.00014
sorted,62.0,2.3624,0.00017
sorted,62.0,2.3625,0.00012
sorted,62.0,2.3606,0.00009
sorted,62.0,2.3611,0.00008
sorted,62.0,2.3592,0.00005
sorted,62.0,2.3600,0.00005
sorted,62.0,2.3593,0.00005
sorted,62.0,2.3600,0.00005
sorted,62.0,2.3594,0.00005
sorted,62.0,2.3599,0.00005
sorted,62.0,2.3595,0.00005
sorted,62.0,2.3603,0.00005
sorted,62.0,2.3595,0.00005
sorted,62.0,2.3598,0.00005
sorted,62.0,2.3596,0.00005
sorted,62.0,2.3598,0.00005
sorted,62.0,2.3600,0.00005
sorted,62.0,2.3601,0.00005
sorted,62.0,2.3601,0.00005
sorted,62.0,2.3596,0.00005
sorted,62.0,2.3598,0.00005
sorted,62.0,2.3599,0.00005
sorted,62.0,2.3602,0.00005
sorted,62.0,2.3595,0.00005
sorted,62.0,2.3602,0.00005
sorted,62.0,2.3594,0.00005
sorted,62.0,2.3604,0.00005
sorted,62.0,2.3618,0.00005
sorted,62.0,2.3781,0.00005
sorted,62.0,2.3715,0.00005
random,64.0,17.8792,0.42586
random,64.0,13.0234,0.42607
random,64.0,13.1792,0.42694
random,64.0,12.9568,0.42361
random,64.0,12.9530,0.42357
random,64.0,12.9519,0.42386
random,64.0,12.9649,0.42369
random,64.0,12.9773,0.42505
random,64.0,12.9521,0.42288
random,64.0,12.9417,0.42328
random,64.0,12.9539,0.42374
random,64.0,12.9251,0.42241
random,64.0,12.9386,0.42310
random,64.0,12.9558,0.42398
random,64.0,14.2522,0.42558
random,64.0,13.0054,0.42557
random,64.0,12.9442,0.42311
random,64.0,13.5493,0.42503
random,64.0,13.0109,0.42490
random,64.0,13.0127,0.42574
random,64.0,13.0049,0.42606
random,64.0,12.9756,0.42462
random,64.0,12.8973,0.42134
random,64.0,12.9479,0.42412
random,64.0,12.9834,0.42511
random,64.0,13.0061,0.42653
random,64.0,12.9504,0.42401
random,64.0,12.8997,0.42111
random,64.0,12.9607,0.42438
random,64.0,12.9459,0.42303
random,64.0,12.9516,0.42413
branchless,64.0,2.8968,0.00005
branchless,64.0,2.8983,0.00005
branchless,64.0,2.8978,0.00008
branchless,64.0,2.8995,0.00005
branchless,64.0,2.9013,0.00003
branchless,64.0,2.8955,0.00003
branchless,64.0,2.8985,0.00003
branchless,64.0,2.8987,0.00003
branchless,64.0,2.8982,0.00003
branchless,64.0,3.0205,0.00003
branchless,64.0,2.9010,0.00003
branchless,64.0,2.8958,0.00003
branchless,64.0,2.8971,0.00003
branchless,64.0,2.8952,0.00003
branchless,64.0,2.8976,0.00003
branchless,64.0,2.8976,0.00003
branchless,64.0,2.8980,0.00003
branchless,64.0,2.8984,0.00003
branchless,64.0,2.8961,0.00003
branchless,64.0,2.8943,0.00003
branchless,64.0,2.8981,0.00003
branchless,64.0,2.9022,0.00003
branchless,64.0,2.9073,0.00003
branchless,64.0,2.8978,0.00003
branchless,64.0,2.8954,0.00003
branchless,64.0,2.9003,0.00003
branchless,64.0,2.8975,0.00003
branchless,64.0,2.8961,0.00003
branchless,64.0,2.8971,0.00003
branchless,64.0,2.8956,0.00003
branchless,64.0,2.8988,0.00003
sorted,64.0,2.3743,0.00014
sorted,64.0,2.3728,0.00015
sorted,64.0,2.3732,0.00009
sorted,64.0,2.3713,0.00009
sorted,64.0,2.3717,0.00005
sorted,64.0,2.3700,0.00005
sorted,64.0,2.3716,0.00005
sorted,64.0,2.3701,0.00005
sorted,64.0,2.3716,0.00005
sorted,64.0,2.3701,0.00005
sorted,64.0,2.3716,0.00005
sorted,64.0,2.3703,0.00005
sorted,64.0,2.3718,0.00005
sorted,64.0,2.3704,0.00005
sorted,64.0,2.3716,0.00005
sorted,64.0,2.3705,0.00005
sorted,64.0,2.3712,0.00005
sorted,64.0,2.3707,0.00005
sorted,64.0,2.3709,0.00005
sorted,64.0,2.3708,0.00005
sorted,64.0,2.3708,0.00005
sorted,64.0,2.3710,0.00005
sorted,64.0,2.3708,0.00005
sorted,64.0,2.3712,0.00005
sorted,64.0,2.3706,0.00005
sorted,64.0,2.3713,0.00005
sorted,64.0,2.3708,0.00005
sorted,64.0,2.3717,0.00005
sorted,64.0,2.3706,0.00005
sorted,64.0,2.3718,0.00005
sorted,64.0,2.3702,0.00005
random,66.0,12.4064,0.39977
random,66.0,12.4117,0.40009
random,66.0,12.4777,0.40315
random,66.0,12.3542,0.39758
random,66.0,12.3910,0.39893
random,66.0,12.3929,0.39732
random,66.0,12.4247,0.40034
random,66.0,12.3832,0.39822
random,66.0,12.3946,0.39845
random,66.0,12.4262,0.40033
random,66.0,12.3364,0.39732
random,66.0,12.3733,0.39798
random,66.0,12.3264,0.39630
random,66.0,12.5834,0.39545
random,66.0,12.5888,0.39758
random,66.0,12.3326,0.39687
random,66.0,12.3592,0.39717
random,66.0,12.4059,0.39925
random,66.0,12.3811,0.39803
random,66.0,12.2896,0.39445
random,66.0,12.4333,0.40063
random,66.0,12.3682,0.39839
random,66.0,12.3849,0.39809
random,66.0,12.3932,0.39925
random,66.0,12.3388,0.39630
random,66.0,12.3459,0.39682
random,66.0,12.3382,0.39674
random,66.0,12.4285,0.40039
random,66.0,12.3265,0.39612
random,66.0,12.3370,0.39685
random,66.0,12.4832,0.39825
branchless,66.0,2.8976,0.00005
branchless,66.0,2.8979,0.00005
branchless,66.0,2.8943,0.00005
branchless,66.0,2.8976,0.00005
branchless,66.0,2.8986,0.00003
branchless,66.0,2.8972,0.00003
branchless,66.0,2.8979,0.00003
branchless,66.0,2.8985,0.00003
branchless,66.0,2.8998,0.00003
branchless,66.0,2.8959,0.00003
branchless,66.0,2.9020,0.00003
branchless,66.0,2.8979,0.00003
branchless,66.0,2.8978,0.00003
branchless,66.0,2.8952,0.00003
branchless,66.0,2.8963,0.00003
branchless,66.0,2.8985,0.00003
branchless,66.0,2.8969,0.00003
branchless,66.0,2.9004,0.00003
branchless,66.0,2.8969,0.00003
branchless,66.0,2.8937,0.00003
branchless,66.0,2.8936,0.00003
branchless,66.0,2.8959,0.00003
branchless,66.0,2.8987,0.00003
branchless,66.0,2.8954,0.00003
branchless,66.0,2.8944,0.00003
branchless,66.0,2.8978,0.00003
branchless,66.0,2.8958,0.00003
branchless,66.0,2.8997,0.00003
branchless,66.0,2.8984,0.00003
branchless,66.0,2.9001,0.00003
branchless,66.0,2.8963,0.00003
sorted,66.0,2.3973,0.00017
sorted,66.0,2.3971,0.00023
sorted,66.0,2.3985,0.00021
sorted,66.0,2.3945,0.00012
sorted,66.0,2.3945,0.00005
sorted,66.0,2.3929,0.00005
sorted,66.0,2.3944,0.00005
sorted,66.0,2.3926,0.00005
sorted,66.0,2.3963,0.00005
sorted,66.0,2.3936,0.00005
sorted,66.0,2.3935,0.00005
sorted,66.0,2.3934,0.00005
sorted,66.0,2.3932,0.00005
sorted,66.0,2.3936,0.00005
sorted,66.0,2.3929,0.00005
sorted,66.0,2.3938,0.00005
sorted,66.0,2.3929,0.00005
sorted,66.0,2.3943,0.00005
sorted,66.0,2.3927,0.00005
sorted,66.0,2.3942,0.00005
sorted,66.0,2.4026,0.00005
sorted,66.0,2.3942,0.00005
sorted,66.0,2.3923,0.00005
sorted,66.0,2.3942,0.00005
sorted,66.0,2.3924,0.00005
sorted,66.0,2.3941,0.00005
sorted,66.0,2.3925,0.00005
sorted,66.0,2.5094,0.00005
sorted,66.0,2.3936,0.00005
sorted,66.0,2.3932,0.00005
sorted,66.0,2.3936,0.00005
random,68.0,12.0291,0.38310
random,68.0,11.8766,0.37656
random,68.0,11.9185,0.37845
random,68.0,11.8499,0.37538
random,68.0,11.9675,0.38080
random,68.0,11.9095,0.37749
random,68.0,11.8734,0.37575
random,68.0,11.8513,0.37477
random,68.0,11.8579,0.37523
random,68.0,11.9178,0.37894
random,68.0,11.8849,0.37697
random,68.0,11.8379,0.37492
random,68.0,14.9892,0.37520
random,68.0,11.8946,0.37706
random,68.0,11.8399,0.37505
random,68.0,11.8942,0.37662
random,68.0,11.9178,0.37845
random,68.0,11.9037,0.37729
random,68.0,11.8679,0.37675
random,68.0,11.8680,0.37619
random,68.0,11.9021,0.37740
random,68.0,11.8284,0.37427
random,68.0,11.8586,0.37520
random,68.0,11.9223,0.37839
random,68.0,11.8765,0.37740
random,68.0,11.9857,0.38077
random,68.0,11.9375,0.37836
random,68.0,11.8542,0.37570
random,68.0,11.8311,0.37550
random,68.0,11.8279,0.37451
random,68.0,11.8738,0.37627
branchless,68.0,2.8962,0.00005
branchless,68.0,2.8969,0.00005
branchless,68.0,2.8941,0.00005
branchless,68.0,2.8979,0.00003
branchless,68.0,2.8963,0.00003
branchless,68.0,2.8956,0.00003
branchless,68.0,2.8967,0.00003
branchless,68.0,2.8953,0.00003
branchless,68.0,2.8969,0.00003
branchless,68.0,2.8984,0.00003
branchless,68.0,2.8987,0.00003
branchless,68.0,2.8955,0.00003
branchless,68.0,2.8964,0.00003
branchless,68.0,2.8982,0.00003
branchless,68.0,2.8970,0.00003
branchless,68.0,2.8971,0.00003
branchless,68.0,2.8976,0.00003
branchless,68.0,2.8972,0.00003
branchless,68.0,2.8951,0.00003
branchless,68.0,2.8963,0.00003
branchless,68.0,2.8973,0.00003
branchless,68.0,2.8989,0.00003
branchless,68.0,2.8994,0.00003
branchless,68.0,2.8961,0.00003
branchless,68.0,2.8945,0.00003
branchless,68.0,2.8972,0.00003
branchless,68.0,2.8954,0.00003
branchless,68.0,2.8992,0.00003
branchless,68.0,2.8952,0.00003
branchless,68.0,2.8965,0.00003
branchless,68.0,2.9009,0.00003
sorted,68.0,2.4118,0.00017
sorted,68.0,2.4148,0.00021
sorted,68.0,2.4107,0.00012
sorted,68.0,2.4110,0.00006
sorted,68.0,2.4086,0.00005
sorted,68.0,2.4103,0.00005
sorted,68.0,2.4089,0.00005
sorted,68.0,2.4100,0.00005
sorted,68.0,2.4093,0.00005
sorted,68.0,2.4095,0.00005
sorted,68.0,2.4097,0.00005
sorted,68.0,2.4099,0.00005
sorted,68.0,2.4101,0.00005
sorted,68.0,2.4087,0.00005
sorted,68.0,2.4104,0.00005
sorted,68.0,2.4086,0.00005
sorted,68.0,2.4105,0.00005
sorted,68.0,2.4085,0.00005
sorted,68.0,3.1869,0.00014
sorted,68.0,2.4113,0.00008
sorted,68.0,2.4099,0.00005
sorted,68.0,2.4102,0.00005
sorted,68.0,2.4090,0.00005
sorted,68.0,2.4102,0.00005
sorted,68.0,2.4099,0.00005
sorted,68.0,2.4096,0.00005
sorted,68.0,2.4104,0.00005
sorted,68.0,2.4097,0.00005
sorted,68.0,2.4103,0.00005
sorted,68.0,2.4089,0.00005
sorted,68.0,2.4105,0.00005
random,70.0,11.3713,0.35468
random,70.0,11.4150,0.35599
random,70.0,11.3291,0.35243
random,70.0,11.4625,0.35887
random,70.0,11.3062,0.35234
random,70.0,11.3594,0.35487
random,70.0,11.3772,0.35515
random,70.0,11.3361,0.35332
random,70.0,11.2923,0.35135
random,70.0,11.3424,0.35417
random,70.0,11.5209,0.35519
random,70.0,11.3118,0.35150
random,70.0,11.2747,0.35110
random,70.0,11.3477,0.35487
random,70.0,11.3332,0.35387
random,70.0,11.3214,0.35196
random,70.0,11.3574,0.35419
random,70.0,11.3503,0.35307
random,70.0,11.2885,0.35095
random,70.0,11.2345,0.34859
random,70.0,11.3069,0.35271
random,70.0,11.2991,0.35210
random,70.0,11.3176,0.35258
random,70.0,11.2621,0.34882
random,70.0,11.3302,0.35306
random,70.0,11.2556,0.35025
random,70.0,11.2727,0.35031
random,70.0,11.2865,0.35141
random,70.0,11.4650,0.35188
random,70.0,11.2366,0.34990
random,70.0,11.3322,0.35306
branchless,70.0,2.8966,0.00005
branchless,70.0,2.8952,0.00005
branchless,70.0,2.8939,0.00005
branchless,70.0,2.8974,0.00003
branchless,70.0,2.8988,0.00003
branchless,70.0,2.8971,0.00003
branchless,70.0,2.8987,0.00003
branchless,70.0,2.8945,0.00003
branchless,70.0,2.8989,0.00003
branchless,70.0,2.8975,0.00003
branchless,70.0,2.8952,0.00003
branchless,70.0,2.8982,0.00003
branchless,70.0,2.9018,0.00003
branchless,70.0,2.8988,0.00003
branchless,70.0,2.8953,0.00003
branchless,70.0,2.8996,0.00003
branchless,70.0,2.9019,0.00003
branchless,70.0,2.8977,0.00003
branchless,70.0,2.8982,0.00003
branchless,70.0,2.8968,0.00003
branchless,70.0,2.8983,0.00003
branchless,70.0,2.8975,0.00003
branchless,70.0,2.8996,0.00003
branchless,70.0,2.8958,0.00003
branchless,70.0,2.8977,0.00003
branchless,70.0,2.8961,0.00003
branchless,70.0,2.8965,0.00003
branchless,70.0,2.8985,0.00003
branchless,70.0,2.9026,0.00003
branchless,70.0,2.8987,0.00003
branchless,70.0,2.8986,0.00003
sorted,70.0,2.4301,0.00017
sorted,70.0,2.4324,0.00023
sorted,70.0,2.4313,0.00024
sorted,70.0,2.4326,0.00023
sorted,70.0,2.4316,0.00026
sorted,70.0,2.4324,0.00021
sorted,70.0,2.4305,0.00021
sorted,70.0,2.4323,0.00021
sorted,70.0,2.4308,0.00021
sorted,70.0,2.4319,0.00021
sorted,70.0,2.4279,0.00006
sorted,70.0,2.4272,0.00005
sorted,70.0,2.4278,0.00005
sorted,70.0,2.4263,0.00005
sorted,70.0,2.4284,0.00005
sorted,70.0,2.4261,0.00005
sorted,70.0,2.4284,0.00005
sorted,70.0,2.4262,0.00005
sorted,70.0,2.5577,0.00017
sorted,70.0,2.4274,0.00005
sorted,70.0,2.4268,0.00005
sorted,70.0,2.4275,0.00005
sorted,70.0,2.4268,0.00005
sorted,70.0,2.4279,0.00005
sorted,70.0,2.4261,0.00005
sorted,70.0,2.4284,0.00005
sorted,70.0,2.4262,0.00005
sorted,70.0,2.4280,0.00005
sorted,70.0,2.4265,0.00005
sorted,70.0,2.4276,0.00005
sorted,70.0,2.4269,0.00005
random,72.0,10.8324,0.33130
random,72.0,10.7482,0.32874
random,72.0,10.7190,0.32716
random,72.0,10.7195,0.32663
random,72.0,10.7134,0.32704
random,72.0,10.7277,0.32713
random,72.0,10.7241,0.32700
random,72.0,10.5750,0.32097
random,72.0,10.6992,0.32613
random,72.0,10.7018,0.32626
random,72.0,10.6829,0.32608
random,72.0,10.7646,0.32417
random,72.0,10.6270,0.32208
random,72.0,10.5829,0.32236
random,72.0,10.7298,0.32715
random,72.0,10.6857,0.32564
random,72.0,10.5418,0.31967
random,72.0,10.5811,0.32121
random,72.0,10.6708,0.32454
random,72.0,10.7102,0.32697
random,72.0,10.6717,0.32530
random,72.0,10.6646,0.32452
random,72.0,10.5609,0.32143
random,72.0,10.6603,0.32425
random,72.0,10.6745,0.32538
random,72.0,10.6573,0.32463
random,72.0,10.7589,0.32848
random,72.0,10.6729,0.32474
random,72.0,10.6656,0.32452
random,72.0,10.6426,0.32423
random,72.0,10.6986,0.32173
branchless,72.0,2.8969,0.00005
branchless,72.0,2.8967,0.00005
branchless,72.0,2.8997,0.00005
branchless,72.0,2.8960,0.00005
branchless,72.0,2.8955,0.00003
branchless,72.0,2.9003,0.00003
branchless,72.0,2.8970,0.00003
branchless,72.0,2.8984,0.00003
branchless,72.0,2.8966,0.00003
branchless,72.0,2.8972,0.00003
branchless,72.0,2.9000,0.00003
branchless,72.0,2.8984,0.00003
branchless,72.0,2.9024,0.00003
branchless,72.0,2.8999,0.00003
branchless,72.0,2.8963,0.00003
branchless,72.0,2.8954,0.00003
branchless,72.0,2.8955,0.00003
branchless,72.0,2.9016,0.00003
branchless,72.0,2.8997,0.00003
branchless,72.0,2.9006,0.00003
branchless,72.0,2.8971,0.00003
branchless,72.0,2.8960,0.00003
branchless,72.0,2.8978,0.00003
branchless,72.0,2.8993,0.00003
branchless,72.0,2.8977,0.00003
branchless,72.0,2.8996,0.00003
branchless,72.0,2.8946,0.00003
branchless,72.0,2.8979,0.00003
branchless,72.0,2.9001,0.00003
branchless,72.0,2.8954,0.00003
branchless,72.0,2.8965,0.00003
sorted,72.0,2.4491,0.00017
sorted,72.0,2.4510,0.00023
sorted,72.0,2.4472,0.00011
sorted,72.0,2.4473,0.00006
sorted,72.0,2.4450,0.00005
sorted,72.0,2.4469,0.00005
sorted,72.0,2.4454,0.00005
sorted,72.0,2.4468,0.00005
sorted,72.0,2.4459,0.00005
sorted,72.0,2.4458,0.00005
sorted,72.0,2.4463,0.00005
sorted,72.0,2.4456,0.00005
sorted,72.0,2.4469,0.00005
sorted,72.0,2.4450,0.00005
sorted,72.0,2.4468,0.00005
sorted,72.0,2.4451,0.00005
sorted,72.0,2.4470,0.00005
sorted,72.0,2.4456,0.00005
sorted,72.0,2.4462,0.00005
sorted,72.0,2.4465,0.00005
sorted,72.0,2.4452,0.00005
sorted,72.0,2.4472,0.00005
sorted,72.0,2.4450,0.00005
sorted,72.0,2.4472,0.00005
sorted,72.0,2.4452,0.00005
sorted,72.0,2.5631,0.00014
sorted,72.0,2.4466,0.00005
sorted,72.0,2.4454,0.00005
sorted,72.0,2.4468,0.00005
sorted,72.0,2.4450,0.00005
sorted,72.0,2.4470,0.00005
random,74.0,10.1051,0.30110
random,74.0,10.1009,0.30127
random,74.0,10.0736,0.30093
random,74.0,10.1319,0.30222
random,74.0,10.0754,0.30023
random,74.0,10.0221,0.29796
random,74.0,10.0183,0.29805
random,74.0,9.9820,0.29669
random,74.0,9.9906,0.29657
random,74.0,9.9656,0.29669
random,74.0,10.0047,0.29741
random,74.0,10.0418,0.29932
random,74.0,9.9938,0.29726
random,74.0,10.2117,0.29684
random,74.0,10.0307,0.29718
random,74.0,10.0525,0.29945
random,74.0,10.0462,0.29893
random,74.0,10.0078,0.29764
random,74.0,9.9729,0.29713
random,74.0,10.1223,0.30206
random,74.0,9.9582,0.29559
random,74.0,9.9697,0.29552
random,74.0,10.0199,0.29710
random,74.0,10.0247,0.29773
random,74.0,9.9724,0.29605
random,74.0,9.9916,0.29796
random,74.0,9.9637,0.29524
random,74.0,10.0430,0.29913
random,74.0,9.9888,0.29720
random,74.0,10.0134,0.29646
random,74.0,10.0367,0.29710
branchless,74.0,2.8946,0.00005
branchless,74.0,2.9011,0.00005
branchless,74.0,2.8972,0.00005
branchless,74.0,2.8958,0.00005
branchless,74.0,2.8939,0.00003
branchless,74.0,2.8997,0.00003
branchless,74.0,2.9010,0.00003
branchless,74.0,2.9006,0.00003
branchless,74.0,2.8941,0.00003
branchless,74.0,3.0297,0.00003
branchless,74.0,2.8988,0.00003
branchless,74.0,2.8981,0.00003
branchless,74.0,2.8983,0.00003
branchless,74.0,2.8966,0.00003
branchless,74.0,2.8946,0.00003
branchless,74.0,2.8908,0.00003
branchless,74.0,2.8995,0.00003
branchless,74.0,2.9011,0.00003
branchless,74.0,2.8990,0.00003
branchless,74.0,2.8974,0.00003
branchless,74.0,2.8960,0.00003
branchless,74.0,2.8979,0.00003
branchless,74.0,2.8964,0.00003
branchless,74.0,2.8966,0.00003
branchless,74.0,2.8945,0.00003
branchless,74.0,2.8959,0.00003
branchless,74.0,2.8957,0.00003
branchless,74.0,2.8973,0.00003
branchless,74.0,2.8992,0.00003
branchless,74.0,2.8976,0.00003
branchless,74.0,2.8985,0.00003
sorted,74.0,2.4673,0.00015
sorted,74.0,2.4658,0.00014
sorted,74.0,2.4651,0.00009
sorted,74.0,2.4646,0.00006
sorted,74.0,2.4630,0.00005
sorted,74.0,2.4645,0.00005
sorted,74.0,2.4629,0.00005
sorted,74.0,2.4648,0.00005
sorted,74.0,2.4630,0.00005
sorted,74.0,2.4640,0.00005
sorted,74.0,2.4639,0.00005
sorted,74.0,2.4633,0.00005
sorted,74.0,2.4644,0.00005
sorted,74.0,2.4628,0.00005
sorted,74.0,2.4646,0.00005
sorted,74.0,2.4628,0.00005
sorted,74.0,2.4641,0.00005
sorted,74.0,2.4636,0.00005
sorted,74.0,2.4637,0.00005
sorted,74.0,2.4644,0.00005
sorted,74.0,2.4630,0.00005
sorted,74.0,2.4647,0.00005
sorted,74.0,2.4627,0.00005
sorted,74.0,2.4645,0.00005
sorted,74.0,2.4634,0.00005
sorted,74.0,2.4633,0.00005
sorted,74.0,2.4645,0.00005
sorted,74.0,2.4627,0.00005
sorted,74.0,2.4645,0.00005
sorted,74.0,2.4626,0.00005
sorted,74.0,2.4644,0.00005
random,76.0,9.4669,0.27402
random,76.0,9.4776,0.27545
random,76.0,9.4228,0.27292
random,76.0,9.3911,0.27286
random,76.0,9.3541,0.27095
random,76.0,9.4112,0.27319
random,76.0,9.2743,0.26788
random,76.0,9.3737,0.27060
random,76.0,9.3748,0.27098
random,76.0,9.4392,0.27316
random,76.0,9.3575,0.27045
random,76.0,9.3665,0.27138
random,76.0,9.3615,0.27098
random,76.0,9.3128,0.26883
random,76.0,9.3106,0.26912
random,76.0,9.3567,0.26944
random,76.0,9.3776,0.27155
random,76.0,9.3681,0.27086
random,76.0,9.5373,0.27222
random,76.0,9.4098,0.27196
random,76.0,9.3508,0.27042
random,76.0,9.3883,0.27101
random,76.0,9.4214,0.27277
random,76.0,9.3566,0.26999
random,76.0,9.3918,0.27200
random,76.0,9.4674,0.27266
random,76.0,9.3614,0.26973
random,76.0,9.2953,0.26791
random,76.0,9.3823,0.27127
random,76.0,9.3222,0.27019
random,76.0,9.3978,0.27083
branchless,76.0,2.8953,0.00005
branchless,76.0,2.8972,0.00005
branchless,76.0,2.8961,0.00005
branchless,76.0,2.8989,0.00005
branchless,76.0,2.8959,0.00003
branchless,76.0,2.8976,0.00003
branchless,76.0,2.8981,0.00003
branchless,76.0,2.8973,0.00003
branchless,76.0,2.8972,0.00003
branchless,76.0,2.8981,0.00003
branchless,76.0,2.8960,0.00003
branchless,76.0,2.8968,0.00003
branchless,76.0,2.8954,0.00003
branchless,76.0,2.8961,0.00003
branchless,76.0,2.8991,0.00003
branchless,76.0,2.8986,0.00003
branchless,76.0,2.8971,0.00003
branchless,76.0,2.8970,0.00003
branchless,76.0,2.8969,0.00003
branchless,76.0,2.8959,0.00003
branchless,76.0,2.8975,0.00003
branchless,76.0,2.9020,0.00003
branchless,76.0,2.8959,0.00003
branchless,76.0,2.8953,0.00003
branchless,76.0,2.8967,0.00003
branchless,76.0,2.8988,0.00003
branchless,76.0,2.8976,0.00003
branchless,76.0,2.8953,0.00003
branchless,76.0,2.8946,0.00003
branchless,76.0,3.0056,0.00003
branchless,76.0,2.8978,0.00003
sorted,76.0,2.4836,0.00018
sorted,76.0,2.4850,0.00015
sorted,76.0,2.4812,0.00008
sorted,76.0,2.4820,0.00006
sorted,76.0,2.4811,0.00005
sorted,76.0,2.4808,0.00005
sorted,76.0,2.4817,0.00005
sorted,76.0,2.4810,0.00005
sorted,76.0,2.4808,0.00005
sorted,76.0,2.4821,0.00005
sorted,76.0,2.4800,0.00005
sorted,76.0,2.4820,0.00005
sorted,76.0,2.4802,0.00005
sorted,76.0,2.4815,0.00005
sorted,76.0,2.4810,0.00005
sorted,76.0,2.4805,0.00005
sorted,76.0,2.4819,0.00005
sorted,76.0,2.4803,0.00005
sorted,76.0,2.4818,0.00005
sorted,76.0,2.4804,0.00005
sorted,76.0,2.4816,0.00005
sorted,76.0,2.4817,0.00005
sorted,76.0,2.4804,0.00005
sorted,76.0,2.4820,0.00005
sorted,76.0,2.4872,0.00005
sorted,76.0,2.4840,0.00005
sorted,76.0,2.4861,0.00005
sorted,76.0,2.4812,0.00005
sorted,76.0,2.4817,0.00005
sorted,76.0,2.4805,0.00005
sorted,76.0,2.4820,0.00005
random,78.0,8.8398,0.24976
random,78.0,8.7202,0.24515
random,78.0,8.7624,0.24706
random,78.0,8.7947,0.24873
random,78.0,8.9383,0.24637
random,78.0,8.7390,0.24617
random,78.0,8.7054,0.24432
random,78.0,8.7679,0.24640
random,78.0,8.7252,0.24396
random,78.0,8.7248,0.24509
random,78.0,8.8070,0.24698
random,78.0,8.7446,0.24608
random,78.0,8.8222,0.24654
random,78.0,8.7941,0.24615
random,78.0,8.8026,0.24774
random,78.0,8.8406,0.24707
random,78.0,8.7836,0.24481
random,78.0,8.6957,0.24548
random,78.0,8.6948,0.24512
random,78.0,8.7052,0.24417
random,78.0,8.7066,0.24338
random,78.0,8.7622,0.24623
random,78.0,8.7553,0.24614
random,78.0,8.6481,0.24219
random,78.0,8.6663,0.24304
random,78.0,8.7281,0.24489
random,78.0,8.7604,0.24626
random,78.0,8.8093,0.24350
random,78.0,8.9779,0.25302
random,78.0,8.7868,0.24747
random,78.0,8.7039,0.24498
branchless,78.0,2.8983,0.00005
branchless,78.0,2.8955,0.00005
branchless,78.0,2.8980,0.00005
branchless,78.0,2.8967,0.00005
branchless,78.0,2.8982,0.00003
branchless,78.0,2.8999,0.00003
branchless,78.0,2.8989,0.00003
branchless,78.0,2.8968,0.00003
branchless,78.0,2.9044,0.00003
branchless,78.0,2.9001,0.00003
branchless,78.0,2.8971,0.00003
branchless,78.0,2.8942,0.00003
branchless,78.0,2.8979,0.00003
branchless,78.0,2.9003,0.00003
branchless,78.0,2.8980,0.00003
branchless,78.0,2.8987,0.00003
branchless,78.0,2.8962,0.00003
branchless,78.0,2.9014,0.00003
branchless,78.0,2.8981,0.00003
branchless,78.0,2.9023,0.00003
branchless,78.0,2.8973,0.00003
branchless,78.0,2.8973,0.00003
branchless,78.0,2.9037,0.00003
branchless,78.0,2.9008,0.00003
branchless,78.0,2.9026,0.00003
branchless,78.0,2.8980,0.00003
branchless,78.0,2.8984,0.00003
branchless,78.0,2.9007,0.00003
branchless,78.0,2.8958,0.00003
branchless,78.0,2.9019,0.00003
branchless,78.0,2.8970,0.00003
sorted,78.0,2.5014,0.00014
sorted,78.0,2.5030,0.00017
sorted,78.0,2.5009,0.00015
sorted,78.0,2.5012,0.00009
sorted,78.0,2.4981,0.00005
sorted,78.0,2.4991,0.00005
sorted,78.0,2.4995,0.00005
sorted,78.0,2.4984,0.00005
sorted,78.0,2.4998,0.00005
sorted,78.0,2.4979,0.00005
sorted,78.0,2.4994,0.00005
sorted,78.0,2.4988,0.00005
sorted,78.0,2.4983,0.00005
sorted,78.0,2.4998,0.00005
sorted,78.0,2.4978,0.00005
sorted,78.0,2.4997,0.00005
sorted,78.0,2.6159,0.00005
sorted,78.0,2.4986,0.00005
sorted,78.0,2.5001,0.00005
sorted,78.0,2.4979,0.00005
sorted,78.0,2.4999,0.00005
sorted,78.0,2.4985,0.00005
sorted,78.0,2.4986,0.00005
sorted,78.0,2.4996,0.00005
sorted,78.0,2.4977,0.00005
sorted,78.0,2.4998,0.00005
sorted,78.0,2.4982,0.00005
sorted,78.0,2.4989,0.00005
sorted,78.0,2.4992,0.00005
sorted,78.0,2.4983,0.00005
sorted,78.0,2.4998,0.00005
random,80.0,8.0724,0.21806
random,80.0,8.0704,0.21765
random,80.0,7.9246,0.21326
random,80.0,7.9661,0.21390
random,80.0,7.9876,0.21434
random,80.0,8.0148,0.21550
random,80.0,8.0017,0.21426
random,80.0,7.9053,0.21255
random,80.0,7.9271,0.21298
random,80.0,7.9655,0.21378
random,80.0,7.9472,0.21324
random,80.0,7.9091,0.21175
random,80.0,7.9750,0.21376
random,80.0,7.9848,0.21478
random,80.0,8.1215,0.21518
random,80.0,7.9394,0.21284
random,80.0,8.0715,0.21585
random,80.0,8.0198,0.21390
random,80.0,7.9775,0.21449
random,80.0,8.0143,0.21454
random,80.0,8.0235,0.21555
random,80.0,7.9469,0.21230
random,80.0,7.8742,0.21075
random,80.0,7.9960,0.21439
random,80.0,8.0244,0.21448
random,80.0,7.9753,0.21399
random,80.0,7.9711,0.21355
random,80.0,7.9921,0.21404
random,80.0,8.0543,0.21524
random,80.0,7.9908,0.21536
random,80.0,7.9744,0.21217
branchless,80.0,2.8979,0.00005
branchless,80.0,2.8998,0.00005
branchless,80.0,2.8982,0.00005
branchless,80.0,2.9007,0.00005
branchless,80.0,2.8967,0.00003
branchless,80.0,2.8948,0.00003
branchless,80.0,2.8950,0.00003
branchless,80.0,2.8955,0.00003
branchless,80.0,2.8981,0.00003
branchless,80.0,2.8976,0.00003
branchless,80.0,2.8945,0.00003
branchless,80.0,2.8978,0.00003
branchless,80.0,2.8961,0.00003
branchless,80.0,2.8986,0.00003
branchless,80.0,2.8990,0.00003
branchless,80.0,2.8967,0.00003
branchless,80.0,2.8980,0.00003
branchless,80.0,2.8969,0.00003
branchless,80.0,2.8980,0.00003
branchless,80.0,2.8969,0.00003
branchless,80.0,2.8973,0.00003
branchless,80.0,2.8969,0.00003
branchless,80.0,2.8983,0.00003
branchless,80.0,3.4239,0.00003
branchless,80.0,2.8980,0.00003
branchless,80.0,2.8979,0.00003
branchless,80.0,2.8962,0.00003
branchless,80.0,2.8986,0.00003
branchless,80.0,2.8935,0.00003
branchless,80.0,2.8941,0.00003
branchless,80.0,2.8977,0.00003
sorted,80.0,2.5245,0.00017
sorted,80.0,2.5244,0.00023
sorted,80.0,2.5255,0.00020
sorted,80.0,2.5223,0.00012
sorted,80.0,2.5211,0.00005
sorted,80.0,2.5214,0.00005
sorted,80.0,2.5201,0.00005
sorted,80.0,2.5216,0.00005
sorted,80.0,2.5204,0.00005
sorted,80.0,2.5206,0.00005
sorted,80.0,2.5214,0.00005
sorted,80.0,2.5198,0.00005
sorted,80.0,2.5215,0.00005
sorted,80.0,2.5205,0.00005
sorted,80.0,2.5207,0.00005
sorted,80.0,2.5215,0.00005
sorted,80.0,2.5200,0.00005
sorted,80.0,2.5216,0.00005
sorted,80.0,2.5202,0.00005
sorted,80.0,2.5205,0.00005
sorted,80.0,2.5214,0.00005
sorted,80.0,2.5201,0.00005
sorted,80.0,2.5215,0.00005
sorted,80.0,2.5206,0.00005
sorted,80.0,2.5209,0.00005
sorted,80.0,2.5214,0.00005
sorted,80.0,2.5197,0.00005
sorted,80.0,2.5216,0.00005
sorted,80.0,2.5205,0.00005
sorted,80.0,2.5209,0.00005
sorted,80.0,2.5214,0.00005
random,82.0,7.3946,0.19028
random,82.0,7.4797,0.19272
random,82.0,7.5912,0.19193
random,82.0,7.4118,0.19196
random,82.0,7.3404,0.18996
random,82.0,7.4113,0.18968
random,82.0,7.4763,0.19313
random,82.0,7.4635,0.19118
random,82.0,7.4334,0.19136
random,82.0,7.4499,0.19220
random,82.0,7.3838,0.18951
random,82.0,7.3567,0.18887
random,82.0,7.3786,0.18950
random,82.0,7.3464,0.18970
random,82.0,7.3310,0.18814
random,82.0,7.4433,0.19199
random,82.0,7.3815,0.19029
random,82.0,7.4479,0.19197
random,82.0,7.3625,0.19020
random,82.0,7.3433,0.18906
random,82.0,7.3545,0.18968
random,82.0,7.2710,0.18729
random,82.0,7.3463,0.18858
random,82.0,7.3163,0.18745
random,82.0,7.3484,0.18835
random,82.0,7.3467,0.18895
random,82.0,7.3150,0.18791
random,82.0,7.4104,0.18982
random,82.0,7.3353,0.18867
random,82.0,7.4413,0.18942
random,82.0,7.3649,0.18831
branchless,82.0,2.8956,0.00005
branchless,82.0,2.8953,0.00005
branchless,82.0,2.8984,0.00005
branchless,82.0,2.8992,0.00005
branchless,82.0,2.8954,0.00003
branchless,82.0,2.8987,0.00003
branchless,82.0,2.8943,0.00003
branchless,82.0,2.8965,0.00003
branchless,82.0,2.8968,0.00003
branchless,82.0,2.8972,0.00003
branchless,82.0,2.8972,0.00003
branchless,82.0,2.8998,0.00003
branchless,82.0,3.3784,0.00005
branchless,82.0,2.9026,0.00003
branchless,82.0,2.9096,0.00003
branchless,82.0,2.8966,0.00003
branchless,82.0,2.8998,0.00003
branchless,82.0,2.9013,0.00003
branchless,82.0,2.8974,0.00003
branchless,82.0,2.8979,0.00003
branchless,82.0,2.8953,0.00003
branchless,82.0,2.8950,0.00003
branchless,82.0,2.8968,0.00003
branchless,82.0,2.8923,0.00003
branchless,82.0,2.8978,0.00003
branchless,82.0,2.8947,0.00003
branchless,82.0,2.9011,0.00003
branchless,82.0,2.8940,0.00003
branchless,82.0,2.8952,0.00003
branchless,82.0,2.8952,0.00003
branchless,82.0,2.8988,0.00003
sorted,82.0,2.5419,0.00018
sorted,82.0,2.5447,0.00018
sorted,82.0,2.5440,0.00021
sorted,82.0,2.5497,0.00020
sorted,82.0,2.5465,0.00014
sorted,82.0,2.5404,0.00011
sorted,82.0,2.5395,0.00011
sorted,82.0,2.5602,0.00011
sorted,82.0,2.5399,0.00011
sorted,82.0,2.5430,0.00011
sorted,82.0,2.5429,0.00011
sorted,82.0,2.5438,0.00011
sorted,82.0,2.5411,0.00011
sorted,82.0,2.5421,0.00011
sorted,82.0,2.5420,0.00011
sorted,82.0,2.5435,0.00011
sorted,82.0,2.5492,0.00011
sorted,82.0,2.5392,0.00011
sorted,82.0,2.5432,0.00011
sorted,82.0,3.7758,0.00017
sorted,82.0,3.2441,0.00017
sorted,82.0,3.3289,0.00018
sorted,82.0,2.6114,0.00009
sorted,82.0,3.5124,0.00014
sorted,82.0,2.6160,0.00005
sorted,82.0,3.2184,0.00012
sorted,82.0,2.5446,0.00008
sorted,82.0,2.5386,0.00008
sorted,82.0,2.5405,0.00008
sorted,82.0,2.5393,0.00008
sorted,82.0,2.5395,0.00008
random,84.0,7.0055,0.17194
random,84.0,6.9299,0.17157
random,84.0,6.9161,0.17148
random,84.0,6.8719,0.16869
random,84.0,6.9095,0.16959
random,84.0,6.8660,0.16907
random,84.0,6.8992,0.16989
random,84.0,6.8868,0.16905
random,84.0,6.9389,0.17102
random,84.0,6.8492,0.16890
random,84.0,6.8060,0.16777
random,84.0,6.8625,0.16911
random,84.0,6.8340,0.16853
random,84.0,6.8609,0.16838
random,84.0,6.8739,0.16846
random,84.0,6.8321,0.16884
random,84.0,6.9125,0.17088
random,84.0,8.0905,0.16821
random,84.0,7.6118,0.17009
random,84.0,8.4748,0.16840
random,84.0,6.8855,0.16948
random,84.0,6.9809,0.17137
random,84.0,6.8786,0.16949
random,84.0,6.8848,0.16881
random,84.0,6.9397,0.16913
random,84.0,6.8708,0.16861
random,84.0,6.8652,0.16798
random,84.0,6.9220,0.16957
random,84.0,6.8725,0.16959
random,84.0,6.8315,0.16750
random,84.0,6.8464,0.16811
branchless,84.0,2.8977,0.00005
branchless,84.0,2.9113,0.00005
branchless,84.0,2.9005,0.00005
branchless,84.0,2.9186,0.00003
branchless,84.0,2.8968,0.00003
branchless,84.0,2.8940,0.00003
branchless,84.0,2.8959,0.00003
branchless,84.0,2.8973,0.00003
branchless,84.0,2.8981,0.00003
branchless,84.0,2.8962,0.00003
branchless,84.0,2.9019,0.00003
branchless,84.0,2.8960,0.00003
branchless,84.0,2.8934,0.00003
branchless,84.0,2.8975,0.00003
branchless,84.0,2.8932,0.00003
branchless,84.0,2.8961,0.00003
branchless,84.0,2.9002,0.00003
branchless,84.0,2.8976,0.00003
branchless,84.0,2.8959,0.00003
branchless,84.0,2.8948,0.00003
branchless,84.0,2.8991,0.00003
branchless,84.0,2.8967,0.00003
branchless,84.0,2.8977,0.00003
branchless,84.0,2.9008,0.00003
branchless,84.0,2.8987,0.00003
branchless,84.0,2.8933,0.00003
branchless,84.0,2.8969,0.00003
branchless,84.0,2.9005,0.00003
branchless,84.0,2.9000,0.00003
branchless,84.0,2.8971,0.00003
branchless,84.0,2.8943,0.00003
sorted,84.0,2.5601,0.00021
sorted,84.0,2.5559,0.00008
sorted,84.0,2.5562,0.00009
sorted,84.0,2.5562,0.00006
sorted,84.0,2.5545,0.00005
sorted,84.0,2.5552,0.00005
sorted,84.0,2.5554,0.00005
sorted,84.0,2.5538,0.00005
sorted,84.0,2.5557,0.00005
sorted,84.0,2.5548,0.00005
sorted,84.0,2.5543,0.00005
sorted,84.0,2.5561,0.00005
sorted,84.0,2.5539,0.00005
sorted,84.0,2.5551,0.00005
sorted,84.0,2.5553,0.00005
sorted,84.0,2.5539,0.00005
sorted,84.0,2.5557,0.00005
sorted,84.0,2.5544,0.00005
sorted,84.0,2.5544,0.00005
sorted,84.0,2.5558,0.00005
sorted,84.0,2.5539,0.00005
sorted,84.0,2.5554,0.00005
sorted,84.0,2.5556,0.00005
sorted,84.0,2.5540,0.00005
sorted,84.0,2.5557,0.00005
sorted,84.0,2.5543,0.00005
sorted,84.0,2.5567,0.00005
sorted,84.0,2.5559,0.00005
sorted,84.0,2.5538,0.00005
sorted,84.0,2.5558,0.00005
sorted,84.0,2.5549,0.00005
random,86.0,6.4176,0.15091
random,86.0,6.4124,0.15031
random,86.0,6.4201,0.14998
random,86.0,6.4023,0.14980
random,86.0,6.4336,0.15039
random,86.0,6.4065,0.15041
random,86.0,6.3524,0.14925
random,86.0,6.4306,0.14967
random,86.0,6.4780,0.14961
random,86.0,6.3343,0.14867
random,86.0,6.5751,0.15028
random,86.0,6.4851,0.15012
random,86.0,6.4775,0.15044
random,86.0,6.3566,0.14984
random,86.0,6.3391,0.14853
random,86.0,6.3309,0.14977
random,86.0,6.3182,0.14821
random,86.0,6.2935,0.14818
random,86.0,6.2984,0.14818
random,86.0,6.2868,0.14806
random,86.0,6.4692,0.15065
random,86.0,6.3572,0.14911
random,86.0,6.2716,0.14731
random,86.0,6.3235,0.14900
random,86.0,6.3035,0.14832
random,86.0,6.3334,0.14882
random,86.0,6.4205,0.15001
random,86.0,6.3534,0.14867
random,86.0,6.3249,0.14882
random,86.0,6.2789,0.14748
random,86.0,6.3597,0.14973
branchless,86.0,2.8981,0.00005
branchless,86.0,2.9002,0.00005
branchless,86.0,2.8973,0.00005
branchless,86.0,2.9021,0.00005
branchless,86.0,2.8966,0.00003
branchless,86.0,2.8985,0.00003
branchless,86.0,2.8980,0.00003
branchless,86.0,2.9325,0.00003
branchless,86.0,2.9006,0.00003
branchless,86.0,2.8939,0.00003
branchless,86.0,2.8971,0.00003
branchless,86.0,2.8958,0.00003
branchless,86.0,2.8963,0.00003
branchless,86.0,2.8994,0.00003
branchless,86.0,2.8988,0.00003
branchless,86.0,2.8979,0.00003
branchless,86.0,2.8951,0.00003
branchless,86.0,2.8973,0.00003
branchless,86.0,2.9027,0.00003
branchless,86.0,2.8965,0.00003
branchless,86.0,2.8969,0.00003
branchless,86.0,2.9013,0.00003
branchless,86.0,2.8964,0.00003
branchless,86.0,2.8997,0.00003
branchless,86.0,2.8986,0.00003
branchless,86.0,2.8954,0.00003
branchless,86.0,2.8965,0.00003
branchless,86.0,2.8973,0.00003
branchless,86.0,2.8968,0.00003
branchless,86.0,2.8972,0.00003
branchless,86.0,2.8983,0.00003
sorted,86.0,2.5743,0.00018
sorted,86.0,2.5753,0.00024
sorted,86.0,2.5769,0.00024
sorted,86.0,2.5742,0.00020
sorted,86.0,2.5728,0.00009
sorted,86.0,2.5717,0.00005
sorted,86.0,2.5698,0.00005
sorted,86.0,2.5714,0.00005
sorted,86.0,2.5712,0.00005
sorted,86.0,2.5700,0.00005
sorted,86.0,2.5717,0.00005
sorted,86.0,2.5707,0.00005
sorted,86.0,2.5704,0.00005
sorted,86.0,2.5717,0.00005
sorted,86.0,2.5701,0.00005
sorted,86.0,2.5714,0.00005
sorted,86.0,2.5716,0.00005
sorted,86.0,2.5700,0.00005
sorted,86.0,2.5720,0.00005
sorted,86.0,2.5708,0.00005
sorted,86.0,2.5701,0.00005
sorted,86.0,2.5722,0.00005
sorted,86.0,2.5703,0.00005
sorted,86.0,2.5710,0.00005
sorted,86.0,2.5717,0.00005
sorted,86.0,2.5702,0.00005
sorted,86.0,2.5714,0.00005
sorted,86.0,2.5713,0.00005
sorted,86.0,2.5703,0.00005
sorted,86.0,2.5717,0.00005
sorted,86.0,2.5705,0.00005
random,88.0,5.8819,0.12965
random,88.0,5.8292,0.12840
random,88.0,6.7100,0.12735
random,88.0,6.4905,0.12817
random,88.0,5.7961,0.12769
random,88.0,5.8194,0.12788
random,88.0,5.8398,0.12816
random,88.0,5.8259,0.12816
random,88.0,5.9079,0.12970
random,88.0,5.8123,0.12785
random,88.0,5.8495,0.12892
random,88.0,5.8891,0.12772
random,88.0,5.8088,0.12723
random,88.0,5.8323,0.12793
random,88.0,5.8172,0.12714
random,88.0,5.8545,0.12794
random,88.0,5.8678,0.12843
random,88.0,5.9096,0.12874
random,88.0,5.7844,0.12732
random,88.0,5.8000,0.12737
random,88.0,5.7910,0.12721
random,88.0,5.7836,0.12714
random,88.0,5.8619,0.12831
random,88.0,5.8406,0.12733
random,88.0,6.0207,0.12993
random,88.0,5.8141,0.12776
random,88.0,5.8002,0.12712
random,88.0,5.8145,0.12822
random,88.0,6.0187,0.12981
random,88.0,5.9294,0.12796
random,88.0,5.8282,0.12848
branchless,88.0,2.8988,0.00005
branchless,88.0,2.8953,0.00005
branchless,88.0,2.8980,0.00005
branchless,88.0,2.8983,0.00005
branchless,88.0,2.8969,0.00003
branchless,88.0,2.8997,0.00003
branchless,88.0,2.8946,0.00003
branchless,88.0,2.8965,0.00003
branchless,88.0,2.8966,0.00003
branchless,88.0,2.8964,0.00003
branchless,88.0,3.0135,0.00003
branchless,88.0,2.8969,0.00003
branchless,88.0,2.8963,0.00003
branchless,88.0,2.8961,0.00003
branchless,88.0,2.8938,0.00003
branchless,88.0,2.8969,0.00003
branchless,88.0,2.9004,0.00003
branchless,88.0,2.8961,0.00003
branchless,88.0,2.8981,0.00003
branchless,88.0,2.8987,0.00003
branchless,88.0,2.8992,0.00003
branchless,88.0,2.8961,0.00003
branchless,88.0,2.8978,0.00003
branchless,88.0,2.8990,0.00003
branchless,88.0,2.8960,0.00003
branchless,88.0,2.9008,0.00003
branchless,88.0,2.8970,0.00003
branchless,88.0,2.9005,0.00003
branchless,88.0,2.8988,0.00003
branchless,88.0,2.8990,0.00003
branchless,88.0,2.8959,0.00003
sorted,88.0,2.5909,0.00015
sorted,88.0,2.5902,0.00015
sorted,88.0,2.5906,0.00009
sorted,88.0,2.5890,0.00009
sorted,88.0,2.5883,0.00008
sorted,88.0,2.5890,0.00005
sorted,88.0,2.5873,0.00005
sorted,88.0,2.5879,0.00005
sorted,88.0,2.5888,0.00005
sorted,88.0,2.5871,0.00005
sorted,88.0,2.5885,0.00005
sorted,88.0,2.5886,0.00005
sorted,88.0,2.5870,0.00005
sorted,88.0,2.5888,0.00005
sorted,88.0,2.5881,0.00005
sorted,88.0,2.5872,0.00005
sorted,88.0,2.5892,0.00005
sorted,88.0,2.5876,0.00005
sorted,88.0,2.5875,0.00005
sorted,88.0,2.5888,0.00005
sorted,88.0,2.5872,0.00005
sorted,88.0,2.5880,0.00005
sorted,88.0,2.5887,0.00005
sorted,88.0,2.5871,0.00005
sorted,88.0,2.5886,0.00005
sorted,88.0,2.5884,0.00005
sorted,88.0,2.5882,0.00005
sorted,88.0,2.5877,0.00005
sorted,88.0,2.5890,0.00005
sorted,88.0,2.5872,0.00005
sorted,88.0,2.5882,0.00005
random,90.0,5.2850,0.10654
random,90.0,5.2767,0.10619
random,90.0,5.2496,0.10519
random,90.0,5.2321,0.10474
random,90.0,5.2724,0.10516
random,90.0,5.3616,0.10583
random,90.0,5.2475,0.10458
random,90.0,5.2632,0.10518
random,90.0,5.2718,0.10469
random,90.0,5.2421,0.10431
random,90.0,5.2687,0.10492
random,90.0,5.2470,0.10455
random,90.0,5.2346,0.10419
random,90.0,5.2417,0.10431
random,90.0,5.2298,0.10451
random,90.0,5.2298,0.10460
random,90.0,5.2309,0.10445
random,90.0,5.2366,0.10443
random,90.0,5.2416,0.10445
random,90.0,5.5200,0.10669
random,90.0,5.4717,0.10629
random,90.0,5.2770,0.10405
random,90.0,5.2364,0.10455
random,90.0,5.3016,0.10468
random,90.0,5.3139,0.10449
random,90.0,5.4525,0.10535
random,90.0,5.2308,0.10379
random,90.0,5.2386,0.10442
random,90.0,5.2185,0.10406
random,90.0,5.2231,0.10399
random,90.0,5.2289,0.10437
branchless,90.0,2.8977,0.00005
branchless,90.0,2.8990,0.00005
branchless,90.0,2.8951,0.00005
branchless,90.0,2.8970,0.00005
branchless,90.0,2.8969,0.00003
branchless,90.0,3.0417,0.00003
branchless,90.0,2.8979,0.00003
branchless,90.0,2.8984,0.00003
branchless,90.0,2.8980,0.00003
branchless,90.0,2.8990,0.00003
branchless,90.0,2.8962,0.00003
branchless,90.0,2.8950,0.00003
branchless,90.0,2.8950,0.00003
branchless,90.0,2.8952,0.00003
branchless,90.0,2.9000,0.00003
branchless,90.0,2.8980,0.00003
branchless,90.0,2.8967,0.00003
branchless,90.0,2.8979,0.00003
branchless,90.0,2.8977,0.00003
branchless,90.0,2.8967,0.00003
branchless,90.0,2.8962,0.00003
branchless,90.0,2.8966,0.00003
branchless,90.0,2.8989,0.00003
branchless,90.0,2.8979,0.00003
branchless,90.0,2.8944,0.00003
branchless,90.0,2.9006,0.00003
branchless,90.0,2.8969,0.00003
branchless,90.0,2.9005,0.00003
branchless,90.0,2.8980,0.00003
branchless,90.0,2.8976,0.00003
branchless,90.0,2.8944,0.00003
sorted,90.0,2.6110,0.00017
sorted,90.0,2.6107,0.00023
sorted,90.0,2.6080,0.00009
sorted,90.0,2.6078,0.00006
sorted,90.0,2.6059,0.00005
sorted,90.0,2.6067,0.00005
sorted,90.0,2.6071,0.00005
sorted,90.0,2.6056,0.00005
sorted,90.0,2.6075,0.00005
sorted,90.0,2.6071,0.00005
sorted,90.0,2.6056,0.00005
sorted,90.0,2.6071,0.00005
sorted,90.0,2.6068,0.00005
sorted,90.0,2.6064,0.00005
sorted,90.0,2.6073,0.00005
sorted,90.0,2.6068,0.00005
sorted,90.0,2.6060,0.00005
sorted,90.0,2.6078,0.00005
sorted,90.0,2.6062,0.00005
sorted,90.0,2.6059,0.00005
sorted,90.0,2.6082,0.00005
sorted,90.0,2.6062,0.00005
sorted,90.0,2.6064,0.00005
sorted,90.0,2.6074,0.00005
sorted,90.0,2.6057,0.00005
sorted,90.0,2.6063,0.00005
sorted,90.0,2.6074,0.00005
sorted,90.0,2.6057,0.00005
sorted,90.0,2.6069,0.00005
sorted,90.0,2.6073,0.00005
sorted,90.0,2.6055,0.00005
random,92.0,4.7622,0.08444
random,92.0,4.6970,0.08255
random,92.0,4.6706,0.08142
random,92.0,4.6751,0.08186
random,92.0,4.6748,0.08162
random,92.0,4.6701,0.08148
random,92.0,4.6894,0.08144
random,92.0,4.6843,0.08168
random,92.0,4.6764,0.08167
random,92.0,4.6689,0.08147
random,92.0,4.7201,0.08163
random,92.0,4.7922,0.08238
random,92.0,4.6841,0.08156
random,92.0,4.6596,0.08105
random,92.0,4.6526,0.08090
random,92.0,4.6576,0.08096
random,92.0,4.6655,0.08113
random,92.0,4.6614,0.08113
random,92.0,4.6789,0.08159
random,92.0,4.6708,0.08160
random,92.0,4.6758,0.08174
random,92.0,4.6536,0.08083
random,92.0,4.6655,0.08121
random,92.0,4.6617,0.08112
random,92.0,4.6644,0.08128
random,92.0,4.6871,0.08165
random,92.0,4.6849,0.08145
random,92.0,4.6880,0.08156
random,92.0,4.6624,0.08089
random,92.0,4.6528,0.08086
random,92.0,4.6764,0.08179
branchless,92.0,2.8960,0.00005
branchless,92.0,2.8970,0.00005
branchless,92.0,2.8998,0.00005
branchless,92.0,2.8987,0.00005
branchless,92.0,2.8966,0.00003
branchless,92.0,2.8954,0.00003
branchless,92.0,2.8965,0.00003
branchless,92.0,3.0159,0.00003
branchless,92.0,2.8970,0.00003
branchless,92.0,2.8979,0.00003
branchless,92.0,2.8986,0.00003
branchless,92.0,2.8956,0.00003
branchless,92.0,2.8953,0.00003
branchless,92.0,2.8965,0.00003
branchless,92.0,2.8964,0.00003
branchless,92.0,2.8984,0.00003
branchless,92.0,2.8996,0.00003
branchless,92.0,2.8997,0.00003
branchless,92.0,2.8943,0.00003
branchless,92.0,2.8978,0.00003
branchless,92.0,2.8958,0.00003
branchless,92.0,2.8973,0.00003
branchless,92.0,2.8971,0.00003
branchless,92.0,2.8980,0.00003
branchless,92.0,2.8960,0.00003
branchless,92.0,2.8953,0.00003
branchless,92.0,2.8975,0.00003
branchless,92.0,2.8985,0.00003
branchless,92.0,2.8989,0.00003
branchless,92.0,2.8968,0.00003
branchless,92.0,2.8968,0.00003
sorted,92.0,2.6299,0.00017
sorted,92.0,2.6302,0.00023
sorted,92.0,2.6280,0.00015
sorted,92.0,2.6281,0.00008
sorted,92.0,2.6256,0.00005
sorted,92.0,2.6250,0.00005
sorted,92.0,2.6267,0.00005
sorted,92.0,2.6259,0.00005
sorted,92.0,2.6250,0.00005
sorted,92.0,2.6267,0.00005
sorted,92.0,2.6254,0.00005
sorted,92.0,2.6251,0.00005
sorted,92.0,2.6270,0.00005
sorted,92.0,2.6258,0.00005
sorted,92.0,2.6252,0.00005
sorted,92.0,2.6267,0.00005
sorted,92.0,2.6253,0.00005
sorted,92.0,2.6252,0.00005
sorted,92.0,2.6268,0.00005
sorted,92.0,2.6253,0.00005
sorted,92.0,2.6253,0.00005
sorted,92.0,2.6272,0.00005
sorted,92.0,2.6253,0.00005
sorted,92.0,2.6256,0.00005
sorted,92.0,2.6268,0.00005
sorted,92.0,2.6252,0.00005
sorted,92.0,2.6257,0.00005
sorted,92.0,2.6267,0.00005
sorted,92.0,2.6252,0.00005
sorted,92.0,2.6257,0.00005
sorted,92.0,2.6267,0.00005
random,94.0,4.1991,0.06174
random,94.0,4.1647,0.06053
random,94.0,4.1562,0.06004
random,94.0,4.1388,0.05948
random,94.0,4.1378,0.05930
random,94.0,4.1381,0.05940
random,94.0,4.1346,0.05930
random,94.0,4.1359,0.05937
random,94.0,4.1354,0.05937
random,94.0,4.1273,0.05896
random,94.0,4.1279,0.05902
random,94.0,4.1301,0.05904
random,94.0,4.1292,0.05904
random,94.0,4.1360,0.05939
random,94.0,4.1244,0.05896
random,94.0,4.1327,0.05923
random,94.0,4.1295,0.05914
random,94.0,4.1367,0.05943
random,94.0,4.1241,0.05893
random,94.0,4.1325,0.05925
random,94.0,4.1244,0.05898
random,94.0,4.1326,0.05913
random,94.0,4.1233,0.05896
random,94.0,4.1317,0.05927
random,94.0,4.1243,0.05887
random,94.0,4.1279,0.05905
random,94.0,4.1328,0.05931
random,94.0,4.1324,0.05917
random,94.0,4.1263,0.05907
random,94.0,4.1382,0.05945
random,94.0,4.1319,0.05925
branchless,94.0,2.8976,0.00005
branchless,94.0,2.8951,0.00005
branchless,94.0,2.8962,0.00005
branchless,94.0,2.8960,0.00005
branchless,94.0,2.8963,0.00003
branchless,94.0,2.8975,0.00003
branchless,94.0,2.8955,0.00003
branchless,94.0,2.8977,0.00003
branchless,94.0,2.8984,0.00003
branchless,94.0,2.8989,0.00003
branchless,94.0,2.8983,0.00003
branchless,94.0,2.8974,0.00003
branchless,94.0,2.8997,0.00003
branchless,94.0,2.8965,0.00003
branchless,94.0,3.0130,0.00003
branchless,94.0,2.8986,0.00003
branchless,94.0,2.8937,0.00003
branchless,94.0,2.8947,0.00003
branchless,94.0,2.8995,0.00003
branchless,94.0,2.8985,0.00003
branchless,94.0,2.8991,0.00003
branchless,94.0,2.8949,0.00003
branchless,94.0,2.8970,0.00003
branchless,94.0,2.8950,0.00003
branchless,94.0,2.8931,0.00003
branchless,94.0,2.9119,0.00003
branchless,94.0,2.8992,0.00003
branchless,94.0,2.9023,0.00003
branchless,94.0,2.8944,0.00003
branchless,94.0,2.8973,0.00003
branchless,94.0,2.8995,0.00003
sorted,94.0,2.6466,0.00017
sorted,94.0,2.6490,0.00021
sorted,94.0,2.6481,0.00015
sorted,94.0,2.6440,0.00006
sorted,94.0,2.6452,0.00009
sorted,94.0,2.6451,0.00005
sorted,94.0,2.6436,0.00005
sorted,94.0,2.6440,0.00005
sorted,94.0,2.6456,0.00005
sorted,94.0,2.6437,0.00005
sorted,94.0,2.6439,0.00005
sorted,94.0,2.6465,0.00009
sorted,94.0,2.6441,0.00005
sorted,94.0,2.6438,0.00005
sorted,94.0,2.6452,0.00005
sorted,94.0,2.6439,0.00005
sorted,94.0,2.6436,0.00005
sorted,94.0,2.6453,0.00005
sorted,94.0,2.6449,0.00009
sorted,94.0,2.6435,0.00005
sorted,94.0,2.6453,0.00005
sorted,94.0,2.6442,0.00005
sorted,94.0,2.6435,0.00005
sorted,94.0,2.6451,0.00005
sorted,94.0,2.6443,0.00005
sorted,94.0,2.6446,0.00009
sorted,94.0,2.6451,0.00005
sorted,94.0,2.6445,0.00005
sorted,94.0,2.6434,0.00005
sorted,94.0,2.6454,0.00005
sorted,94.0,2.6447,0.00005
random,96.0,3.7196,0.04211
random,96.0,3.6975,0.04131
random,96.0,3.6861,0.04083
random,96.0,3.6823,0.04070
random,96.0,3.6724,0.04030
random,96.0,3.6681,0.04018
random,96.0,3.6710,0.04019
random,96.0,3.6716,0.04030
random,96.0,3.6732,0.04036
random,96.0,3.6710,0.04025
random,96.0,3.6640,0.03996
random,96.0,3.6695,0.04022
random,96.0,3.6658,0.04007
random,96.0,3.6786,0.04054
random,96.0,3.6721,0.04018
random,96.0,3.6761,0.04045
random,96.0,3.6779,0.04045
random,96.0,3.6716,0.04030
random,96.0,3.6674,0.04019
random,96.0,3.6683,0.04010
random,96.0,3.6606,0.03984
random,96.0,3.6647,0.04005
random,96.0,3.6629,0.03993
random,96.0,3.6622,0.03989
random,96.0,3.6656,0.04007
random,96.0,3.6694,0.04021
random,96.0,3.6665,0.04007
random,96.0,3.6740,0.04037
random,96.0,3.6667,0.04012
random,96.0,3.6934,0.04050
random,96.0,3.6800,0.04028
branchless,96.0,2.8948,0.00005
branchless,96.0,2.8967,0.00005
branchless,96.0,2.8960,0.00005
branchless,96.0,2.8996,0.00005
branchless,96.0,2.8980,0.00003
branchless,96.0,2.8944,0.00003
branchless,96.0,2.8950,0.00003
branchless,96.0,2.8975,0.00003
branchless,96.0,2.8990,0.00003
branchless,96.0,2.8975,0.00003
branchless,96.0,2.8957,0.00003
branchless,96.0,2.8988,0.00003
branchless,96.0,2.8968,0.00003
branchless,96.0,2.8979,0.00003
branchless,96.0,2.8951,0.00003
branchless,96.0,2.8979,0.00003
branchless,96.0,2.8945,0.00003
branchless,96.0,2.8980,0.00003
branchless,96.0,2.8952,0.00003
branchless,96.0,2.8993,0.00003
branchless,96.0,2.9004,0.00003
branchless,96.0,2.8981,0.00003
branchless,96.0,2.8975,0.00003
branchless,96.0,2.8977,0.00003
branchless,96.0,2.8996,0.00003
branchless,96.0,2.8972,0.00003
branchless,96.0,2.8984,0.00003
branchless,96.0,3.0308,0.00003
branchless,96.0,2.9033,0.00003
branchless,96.0,2.8964,0.00003
branchless,96.0,2.8986,0.00003
sorted,96.0,2.6661,0.00023
sorted,96.0,2.6640,0.00018
sorted,96.0,2.6635,0.00012
sorted,96.0,2.6622,0.00006
sorted,96.0,2.6606,0.00005
sorted,96.0,2.6610,0.00005
sorted,96.0,2.6620,0.00005
sorted,96.0,2.6604,0.00005
sorted,96.0,2.6606,0.00005
sorted,96.0,2.6620,0.00005
sorted,96.0,2.6607,0.00005
sorted,96.0,2.6603,0.00005
sorted,96.0,2.6620,0.00005
sorted,96.0,2.6610,0.00005
sorted,96.0,2.6607,0.00005
sorted,96.0,2.6617,0.00005
sorted,96.0,2.6614,0.00005
sorted,96.0,2.6602,0.00005
sorted,96.0,2.6616,0.00005
sorted,96.0,2.6617,0.00005
sorted,96.0,2.6602,0.00005
sorted,96.0,2.6617,0.00005
sorted,96.0,2.6624,0.00005
sorted,96.0,2.6611,0.00005
sorted,96.0,2.6609,0.00005
sorted,96.0,2.6620,0.00005
sorted,96.0,2.6606,0.00005
sorted,96.0,2.6605,0.00005
sorted,96.0,2.6624,0.00005
sorted,96.0,2.6612,0.00005
sorted,96.0,2.6606,0.00005
random,98.0,3.1859,0.02016
random,98.0,3.1773,0.01979
random,98.0,3.1696,0.01955
random,98.0,3.1678,0.01947
random,98.0,3.1731,0.01968
random,98.0,3.1670,0.01939
random,98.0,3.1653,0.01935
random,98.0,3.1622,0.01924
random,98.0,3.1622,0.01924
random,98.0,3.1660,0.01938
random,98.0,3.1650,0.01936
random,98.0,3.1653,0.01936
random,98.0,3.1659,0.01939
random,98.0,3.1658,0.01936
random,98.0,3.1637,0.01930
random,98.0,3.1637,0.01929
random,98.0,3.1662,0.01941
random,98.0,3.1622,0.01924
random,98.0,3.1645,0.01932
random,98.0,3.1635,0.01930
random,98.0,3.1687,0.01949
random,98.0,3.1649,0.01935
random,98.0,3.1646,0.01935
random,98.0,3.1640,0.01932
random,98.0,3.1635,0.01930
random,98.0,3.1656,0.01938
random,98.0,3.1634,0.01927
random,98.0,3.1625,0.01926
random,98.0,3.1647,0.01935
random,98.0,3.1642,0.01932
random,98.0,3.1662,0.01938
branchless,98.0,2.8965,0.00005
branchless,98.0,2.9003,0.00005
branchless,98.0,2.8945,0.00005
branchless,98.0,2.8943,0.00003
branchless,98.0,2.8981,0.00003
branchless,98.0,2.8971,0.00003
branchless,98.0,2.8972,0.00003
branchless,98.0,2.8977,0.00003
branchless,98.0,2.8990,0.00003
branchless,98.0,2.8956,0.00003
branchless,98.0,2.8945,0.00003
branchless,98.0,2.9206,0.00003
branchless,98.0,2.9007,0.00003
branchless,98.0,2.8982,0.00003
branchless,98.0,2.8954,0.00003
branchless,98.0,2.8928,0.00003
branchless,98.0,2.8949,0.00003
branchless,98.0,2.8983,0.00003
branchless,98.0,2.8989,0.00003
branchless,98.0,2.8988,0.00003
branchless,98.0,2.8983,0.00003
branchless,98.0,2.8947,0.00003
branchless,98.0,2.8985,0.00003
branchless,98.0,2.8995,0.00003
branchless,98.0,2.8950,0.00003
branchless,98.0,2.9010,0.00003
branchless,98.0,2.8978,0.00003
branchless,98.0,2.8972,0.00003
branchless,98.0,2.8995,0.00003
branchless,98.0,2.8969,0.00003
branchless,98.0,2.8998,0.00003
sorted,98.0,2.6833,0.00017
sorted,98.0,2.6839,0.00023
sorted,98.0,2.6855,0.00024
sorted,98.0,2.6824,0.00009
sorted,98.0,2.6793,0.00005
sorted,98.0,2.6804,0.00005
sorted,98.0,2.8190,0.00005
sorted,98.0,2.6805,0.00005
sorted,98.0,2.6792,0.00005
sorted,98.0,2.6811,0.00005
sorted,98.0,2.6806,0.00005
sorted,98.0,2.6791,0.00005
sorted,98.0,2.6801,0.00005
sorted,98.0,2.6810,0.00005
sorted,98.0,2.6794,0.00005
sorted,98.0,2.6796,0.00005
sorted,98.0,2.6810,0.00005
sorted,98.0,2.6799,0.00005
sorted,98.0,2.6793,0.00005
sorted,98.0,2.6808,0.00005
sorted,98.0,2.6807,0.00005
sorted,98.0,2.6791,0.00005
sorted,98.0,2.6803,0.00005
sorted,98.0,2.6812,0.00005
sorted,98.0,2.6792,0.00005
sorted,98.0,2.6799,0.00005
sorted,98.0,2.6811,0.00005
sorted,98.0,2.6797,0.00005
sorted,98.0,2.6793,0.00005
sorted,98.0,2.6812,0.00005
sorted,98.0,2.6802,0.00005
random,100.0,2.6971,0.00006
random,100.0,2.6978,0.00006
random,100.0,2.6982,0.00003
random,100.0,2.6970,0.00003
random,100.0,2.6965,0.00003
random,100.0,2.6981,0.00003
random,100.0,2.6976,0.00003
random,100.0,2.6964,0.00003
random,100.0,2.6975,0.00003
random,100.0,2.6981,0.00003
random,100.0,2.6967,0.00003
random,100.0,2.6968,0.00003
random,100.0,2.6982,0.00003
random,100.0,2.6973,0.00003
random,100.0,2.6964,0.00003
random,100.0,2.6979,0.00003
random,100.0,2.6980,0.00003
random,100.0,2.6965,0.00003
random,100.0,2.6971,0.00003
random,100.0,2.6982,0.00003
random,100.0,2.6969,0.00003
random,100.0,2.6965,0.00003
random,100.0,2.6980,0.00003
random,100.0,2.6976,0.00003
random,100.0,2.6963,0.00003
random,100.0,2.6975,0.00003
random,100.0,2.6981,0.00003
random,100.0,2.6967,0.00003
random,100.0,2.6968,0.00003
random,100.0,2.6982,0.00003
random,100.0,2.6973,0.00003
branchless,100.0,3.0132,0.00005
branchless,100.0,2.9012,0.00008
branchless,100.0,2.9024,0.00008
branchless,100.0,2.8970,0.00005
branchless,100.0,2.8953,0.00003
branchless,100.0,2.8941,0.00003
branchless,100.0,2.8967,0.00003
branchless,100.0,2.9007,0.00003
branchless,100.0,2.8985,0.00003
branchless,100.0,2.8964,0.00003
branchless,100.0,2.9012,0.00003
branchless,100.0,2.8969,0.00003
branchless,100.0,2.8989,0.00003
branchless,100.0,2.9001,0.00003
branchless,100.0,2.8975,0.00003
branchless,100.0,2.8972,0.00003
branchless,100.0,2.8993,0.00003
branchless,100.0,2.8955,0.00003
branchless,100.0,2.9007,0.00003
branchless,100.0,2.8990,0.00003
branchless,100.0,2.8970,0.00003
branchless,100.0,2.8973,0.00003
branchless,100.0,2.8964,0.00003
branchless,100.0,2.8983,0.00003
branchless,100.0,2.8956,0.00003
branchless,100.0,2.8984,0.00003
branchless,100.0,2.8970,0.00003
branchless,100.0,2.8969,0.00003
branchless,100.0,2.8946,0.00003
branchless,100.0,2.8973,0.00003
branchless,100.0,2.8958,0.00003
sorted,100.0,2.6971,0.00005
sorted,100.0,2.6977,0.00005
sorted,100.0,2.6989,0.00005
sorted,100.0,2.6976,0.00005
sorted,100.0,2.6965,0.00003
sorted,100.0,2.6980,0.00003
sorted,100.0,2.6977,0.00003
sorted,100.0,2.6964,0.00003
sorted,100.0,2.6974,0.00003
sorted,100.0,2.6982,0.00003
sorted,100.0,2.6967,0.00003
sorted,100.0,2.6968,0.00003
sorted,100.0,2.6982,0.00003
sorted,100.0,2.6974,0.00003
sorted,100.0,2.6964,0.00003
sorted,100.0,2.6978,0.00003
sorted,100.0,2.7024,0.00003
sorted,100.0,2.6965,0.00003
sorted,100.0,2.6970,0.00003
sorted,100.0,2.6982,0.00003
sorted,100.0,2.6970,0.00003
sorted,100.0,2.6965,0.00003
sorted,100.0,2.6980,0.00003
sorted,100.0,2.6978,0.00003
sorted,100.0,2.6964,0.00003
sorted,100.0,2.6973,0.00003
sorted,100.0,2.7245,0.00003
sorted,100.0,3.0375,0.00006
sorted,100.0,2.6968,0.00003
sorted,100.0,2.6989,0.00003
sorted,100.0,2.6985,0.00003
